1565858479.000000,1.554656,8.722835,-33.000000,-51.000000,-70.000000,-100.000000,-100.000000,-100.000000,-100.000000,-100.000000,-100.000000,-100.000000,-39.000000,-63.000000,-73.000000,-86.000000,-100.000000,-100.000000,-100.000000,-100.000000,-100.000000,-100.000000
1565858484.000000,1.548364,8.755980,-31.000000,-56.000000,-64.000000,-100.000000,-100.000000,-100.000000,-100.000000,-100.000000,-100.000000,-100.000000,-38.000000,-67.000000,-82.000000,-89.000000,-100.000000,-100.000000,-100.000000,-100.000000,-100.000000,-100.000000
1565858490.000000,1.298559,8.689631,-34.000000,-59.000000,-72.000000,-78.000000,-100.000000,-100.000000,-100.000000,-100.000000,-100.000000,-100.000000,-37.000000,-69.000000,-85.000000,-89.000000,-100.000000,-100.000000,-100.000000,-100.000000,-100.000000,-100.000000
1565858496.000000,1.161638,8.515581,-34.000000,-55.000000,-68.000000,-78.000000,-100.000000,-100.000000,-100.000000,-100.000000,-100.000000,-100.000000,-40.000000,-72.000000,-79.000000,-89.000000,-100.000000,-100.000000,-100.000000,-100.000000,-100.000000,-100.000000
1565858501.000000,1.173769,5.751157,-22.000000,-50.000000,-64.000000,-78.000000,-100.000000,-100.000000,-100.000000,-100.000000,-100.000000,-100.000000,-38.000000,-58.000000,-70.000000,-83.000000,-100.000000,-100.000000,-100.000000,-100.000000,-100.000000,-100.000000
1565858507.000000,0.837671,2.886476,-25.000000,-41.000000,-50.000000,-100.000000,-79.000000,-100.000000,-100.000000,-100.000000,-100.000000,-100.000000,-38.000000,-53.000000,-62.000000,-71.000000,-85.000000,-100.000000,-100.000000,-100.000000,-100.000000,-100.000000
1565858513.000000,0.656741,1.268336,-35.000000,-47.000000,-54.000000,-59.000000,-79.000000,-100.000000,-100.000000,-100.000000,-100.000000,-100.000000,-42.000000,-51.000000,-62.000000,-69.000000,-82.000000,-100.000000,-100.000000,-100.000000,-100.000000,-100.000000
1565858518.000000,0.664904,1.254126,-38.000000,-39.000000,-50.000000,-59.000000,-78.000000,-100.000000,-100.000000,-100.000000,-100.000000,-100.000000,-46.000000,-49.000000,-58.000000,-72.000000,-81.000000,-100.000000,-100.000000,-100.000000,-100.000000,-100.000000
1565858524.000000,0.664904,1.254126,-54.000000,-41.000000,-50.000000,-59.000000,-76.000000,-100.000000,-100.000000,-100.000000,-100.000000,-100.000000,-49.000000,-49.000000,-58.000000,-71.000000,-79.000000,-100.000000,-100.000000,-100.000000,-100.000000,-100.000000
1565858529.000000,1.273690,1.212756,-42.000000,-40.000000,-56.000000,-59.000000,-80.000000,-75.000000,-100.000000,-100.000000,-100.000000,-100.000000,-46.000000,-49.000000,-56.000000,-68.000000,-79.000000,-100.000000,-100.000000,-100.000000,-100.000000,-100.000000
1565858535.000000,1.310124,1.205716,-37.000000,-34.000000,-49.000000,-59.000000,-75.000000,-75.000000,-100.000000,-100.000000,-100.000000,-100.000000,-42.000000,-49.000000,-59.000000,-71.000000,-79.000000,-100.000000,-100.000000,-100.000000,-100.000000,-100.000000
1565858540.000000,1.310124,1.205716,-36.000000,-37.000000,-48.000000,-59.000000,-73.000000,-75.000000,-100.000000,-100.000000,-100.000000,-100.000000,-42.000000,-50.000000,-59.000000,-73.000000,-79.000000,-100.000000,-100.000000,-100.000000,-100.000000,-100.000000
1565858546.000000,2.107799,1.194274,-32.000000,-39.000000,-49.000000,-54.000000,-70.000000,-81.000000,-100.000000,-100.000000,-100.000000,-100.000000,-46.000000,-50.000000,-59.000000,-69.000000,-79.000000,-100.000000,-100.000000,-100.000000,-100.000000,-100.000000
1565858552.000000,2.107384,1.193365,-30.000000,-44.000000,-46.000000,-57.000000,-70.000000,-81.000000,-100.000000,-100.000000,-100.000000,-100.000000,-46.000000,-54.000000,-63.000000,-70.000000,-78.000000,-100.000000,-100.000000,-100.000000,-100.000000,-100.000000
1565858557.000000,2.393337,1.208044,-30.000000,-44.000000,-46.000000,-57.000000,-70.000000,-81.000000,-100.000000,-100.000000,-100.000000,-100.000000,-46.000000,-50.000000,-59.000000,-72.000000,-81.000000,-100.000000,-100.000000,-100.000000,-100.000000,-100.000000
1565858563.000000,2.908918,1.196144,-29.000000,-38.000000,-45.000000,-55.000000,-72.000000,-69.000000,-100.000000,-100.000000,-100.000000,-100.000000,-46.000000,-47.000000,-61.000000,-72.000000,-81.000000,-100.000000,-100.000000,-100.000000,-100.000000,-100.000000
1565858568.000000,2.908918,1.196144,-32.000000,-41.000000,-48.000000,-55.000000,-72.000000,-69.000000,-100.000000,-100.000000,-100.000000,-100.000000,-47.000000,-47.000000,-61.000000,-67.000000,-79.000000,-100.000000,-100.000000,-100.000000,-100.000000,-100.000000
1565858574.000000,3.579513,1.177709,-32.000000,-41.000000,-48.000000,-54.000000,-72.000000,-69.000000,-100.000000,-100.000000,-100.000000,-100.000000,-48.000000,-46.000000,-65.000000,-67.000000,-75.000000,-100.000000,-100.000000,-100.000000,-100.000000,-100.000000
1565858580.000000,3.711919,1.179843,-32.000000,-42.000000,-51.000000,-57.000000,-73.000000,-69.000000,-100.000000,-100.000000,-100.000000,-100.000000,-48.000000,-47.000000,-61.000000,-64.000000,-76.000000,-100.000000,-100.000000,-100.000000,-100.000000,-100.000000
1565858585.000000,3.711919,1.179843,-32.000000,-39.000000,-51.000000,-53.000000,-73.000000,-75.000000,-100.000000,-100.000000,-100.000000,-100.000000,-48.000000,-47.000000,-60.000000,-64.000000,-76.000000,-100.000000,-100.000000,-100.000000,-100.000000,-100.000000
1565858591.000000,4.514314,1.168686,-51.000000,-38.000000,-58.000000,-59.000000,-74.000000,-73.000000,-100.000000,-100.000000,-100.000000,-100.000000,-46.000000,-45.000000,-56.000000,-65.000000,-78.000000,-100.000000,-100.000000,-100.000000,-100.000000,-100.000000
1565858597.000000,4.514314,1.168686,-39.000000,-44.000000,-56.000000,-59.000000,-74.000000,-73.000000,-100.000000,-100.000000,-100.000000,-100.000000,-46.000000,-43.000000,-57.000000,-71.000000,-78.000000,-100.000000,-100.000000,-100.000000,-100.000000,-100.000000
1565858602.000000,4.759960,1.163838,-37.000000,-40.000000,-55.000000,-58.000000,-74.000000,-73.000000,-100.000000,-100.000000,-100.000000,-100.000000,-46.000000,-41.000000,-58.000000,-72.000000,-76.000000,-100.000000,-100.000000,-100.000000,-100.000000,-100.000000
1565858608.000000,5.311143,1.168382,-34.000000,-35.000000,-59.000000,-58.000000,-74.000000,-75.000000,-100.000000,-100.000000,-100.000000,-100.000000,-45.000000,-41.000000,-59.000000,-67.000000,-76.000000,-100.000000,-100.000000,-100.000000,-100.000000,-100.000000
1565858614.000000,5.311143,1.168382,-34.000000,-34.000000,-56.000000,-57.000000,-77.000000,-75.000000,-100.000000,-100.000000,-100.000000,-100.000000,-45.000000,-41.000000,-62.000000,-66.000000,-76.000000,-100.000000,-100.000000,-100.000000,-100.000000,-100.000000
1565858619.000000,6.018629,1.173908,-34.000000,-37.000000,-57.000000,-57.000000,-76.000000,-74.000000,-100.000000,-100.000000,-100.000000,-100.000000,-43.000000,-41.000000,-59.000000,-66.000000,-72.000000,-100.000000,-100.000000,-100.000000,-100.000000,-100.000000
1565858625.000000,6.110394,1.175985,-31.000000,-43.000000,-53.000000,-58.000000,-76.000000,-74.000000,-100.000000,-100.000000,-100.000000,-100.000000,-44.000000,-41.000000,-58.000000,-67.000000,-72.000000,-100.000000,-100.000000,-100.000000,-100.000000,-100.000000
1565858631.000000,6.110394,1.175985,-31.000000,-44.000000,-53.000000,-56.000000,-76.000000,-74.000000,-100.000000,-100.000000,-100.000000,-100.000000,-44.000000,-41.000000,-58.000000,-67.000000,-72.000000,-100.000000,-100.000000,-100.000000,-100.000000,-100.000000
1565858636.000000,6.912342,1.201013,-32.000000,-34.000000,-55.000000,-56.000000,-100.000000,-100.000000,-100.000000,-100.000000,-100.000000,-100.000000,-45.000000,-42.000000,-59.000000,-65.000000,-71.000000,-95.000000,-100.000000,-100.000000,-100.000000,-100.000000
1565858642.000000,6.912342,1.201013,-37.000000,-34.000000,-58.000000,-51.000000,-81.000000,-100.000000,-100.000000,-100.000000,-100.000000,-100.000000,-45.000000,-42.000000,-58.000000,-71.000000,-70.000000,-95.000000,-100.000000,-100.000000,-100.000000,-100.000000
1565858648.000000,7.413983,1.212801,-38.000000,-33.000000,-55.000000,-50.000000,-81.000000,-73.000000,-100.000000,-100.000000,-100.000000,-100.000000,-57.000000,-40.000000,-56.000000,-67.000000,-70.000000,-95.000000,-100.000000,-100.000000,-100.000000,-100.000000
1565858653.000000,7.712927,1.200096,-36.000000,-32.000000,-52.000000,-54.000000,-81.000000,-73.000000,-100.000000,-100.000000,-100.000000,-100.000000,-56.000000,-39.000000,-55.000000,-71.000000,-78.000000,-100.000000,-100.000000,-100.000000,-100.000000,-100.000000
1565858659.000000,7.712927,1.200096,-36.000000,-37.000000,-50.000000,-57.000000,-81.000000,-73.000000,-100.000000,-100.000000,-100.000000,-100.000000,-54.000000,-39.000000,-57.000000,-72.000000,-79.000000,-100.000000,-100.000000,-100.000000,-100.000000,-100.000000
1565858664.000000,8.398486,1.210955,-36.000000,-35.000000,-50.000000,-53.000000,-74.000000,-100.000000,-100.000000,-100.000000,-100.000000,-100.000000,-55.000000,-39.000000,-56.000000,-66.000000,-76.000000,-100.000000,-100.000000,-100.000000,-100.000000,-100.000000
1565858670.000000,8.510855,1.203125,-48.000000,-30.000000,-53.000000,-51.000000,-74.000000,-100.000000,-100.000000,-100.000000,-100.000000,-100.000000,-56.000000,-38.000000,-59.000000,-62.000000,-76.000000,-100.000000,-100.000000,-100.000000,-100.000000,-100.000000
1565858675.000000,8.510855,1.203125,-56.000000,-30.000000,-53.000000,-50.000000,-75.000000,-100.000000,-100.000000,-100.000000,-100.000000,-100.000000,-57.000000,-40.000000,-59.000000,-62.000000,-76.000000,-100.000000,-100.000000,-100.000000,-100.000000,-100.000000
1565858681.000000,9.279437,1.195337,-57.000000,-29.000000,-51.000000,-56.000000,-72.000000,-100.000000,-100.000000,-100.000000,-100.000000,-100.000000,-57.000000,-39.000000,-55.000000,-64.000000,-75.000000,-100.000000,-100.000000,-100.000000,-100.000000,-100.000000
1565858687.000000,9.309763,1.193808,-46.000000,-26.000000,-53.000000,-52.000000,-70.000000,-100.000000,-100.000000,-100.000000,-100.000000,-100.000000,-61.000000,-37.000000,-52.000000,-63.000000,-75.000000,-100.000000,-100.000000,-100.000000,-100.000000,-100.000000
1565858692.000000,9.319976,1.194060,-44.000000,-24.000000,-53.000000,-51.000000,-66.000000,-100.000000,-100.000000,-100.000000,-100.000000,-100.000000,-62.000000,-37.000000,-52.000000,-63.000000,-75.000000,-100.000000,-100.000000,-100.000000,-100.000000,-100.000000
1565858697.000000,10.118551,1.189967,-48.000000,-31.000000,-57.000000,-51.000000,-68.000000,-100.000000,-100.000000,-100.000000,-100.000000,-100.000000,-58.000000,-39.000000,-54.000000,-69.000000,-75.000000,-100.000000,-100.000000,-100.000000,-100.000000,-100.000000
1565858703.000000,10.118551,1.189967,-40.000000,-31.000000,-53.000000,-47.000000,-68.000000,-100.000000,-100.000000,-100.000000,-100.000000,-100.000000,-60.000000,-37.000000,-56.000000,-64.000000,-75.000000,-100.000000,-100.000000,-100.000000,-100.000000,-100.000000
1565858709.000000,10.403048,1.194244,-39.000000,-30.000000,-53.000000,-48.000000,-68.000000,-100.000000,-100.000000,-100.000000,-100.000000,-100.000000,-58.000000,-42.000000,-54.000000,-63.000000,-75.000000,-100.000000,-100.000000,-100.000000,-100.000000,-100.000000
1565858714.000000,10.909297,1.186868,-42.000000,-27.000000,-45.000000,-53.000000,-73.000000,-100.000000,-100.000000,-100.000000,-100.000000,-100.000000,-54.000000,-39.000000,-56.000000,-62.000000,-78.000000,-100.000000,-100.000000,-100.000000,-100.000000,-100.000000
1565858720.000000,10.909297,1.186868,-43.000000,-31.000000,-42.000000,-50.000000,-75.000000,-100.000000,-100.000000,-100.000000,-100.000000,-100.000000,-54.000000,-35.000000,-54.000000,-62.000000,-78.000000,-100.000000,-100.000000,-100.000000,-100.000000,-100.000000
1565858725.000000,11.601028,1.169010,-41.000000,-32.000000,-42.000000,-56.000000,-76.000000,-100.000000,-100.000000,-100.000000,-100.000000,-100.000000,-53.000000,-35.000000,-55.000000,-61.000000,-72.000000,-100.000000,-100.000000,-100.000000,-100.000000,-100.000000
1565858731.000000,11.712028,1.169288,-36.000000,-30.000000,-47.000000,-57.000000,-72.000000,-100.000000,-100.000000,-100.000000,-100.000000,-100.000000,-52.000000,-36.000000,-56.000000,-65.000000,-71.000000,-94.000000,-100.000000,-100.000000,-100.000000,-100.000000
1565858737.000000,11.712028,1.169288,-35.000000,-29.000000,-48.000000,-51.000000,-72.000000,-100.000000,-100.000000,-100.000000,-100.000000,-100.000000,-52.000000,-36.000000,-56.000000,-64.000000,-71.000000,-94.000000,-100.000000,-100.000000,-100.000000,-100.000000
1565858742.000000,12.506336,1.188802,-39.000000,-29.000000,-53.000000,-51.000000,-69.000000,-74.000000,-100.000000,-100.000000,-100.000000,-100.000000,-53.000000,-40.000000,-56.000000,-66.000000,-69.000000,-94.000000,-100.000000,-100.000000,-100.000000,-100.000000
1565858748.000000,12.507292,1.188509,-35.000000,-31.000000,-53.000000,-57.000000,-69.000000,-78.000000,-100.000000,-100.000000,-100.000000,-100.000000,-53.000000,-44.000000,-56.000000,-65.000000,-69.000000,-100.000000,-100.000000,-100.000000,-100.000000,-100.000000
1565858753.000000,12.688513,1.197728,-34.000000,-32.000000,-53.000000,-57.000000,-65.000000,-78.000000,-100.000000,-100.000000,-100.000000,-100.000000,-53.000000,-45.000000,-56.000000,-64.000000,-70.000000,-100.000000,-100.000000,-100.000000,-100.000000,-100.000000
1565858759.000000,13.308525,1.184636,-39.000000,-28.000000,-49.000000,-48.000000,-69.000000,-78.000000,-100.000000,-100.000000,-100.000000,-100.000000,-49.000000,-40.000000,-56.000000,-64.000000,-73.000000,-94.000000,-100.000000,-100.000000,-100.000000,-100.000000
1565858764.000000,13.308525,1.184636,-40.000000,-32.000000,-46.000000,-48.000000,-69.000000,-100.000000,-100.000000,-100.000000,-100.000000,-100.000000,-48.000000,-40.000000,-54.000000,-65.000000,-75.000000,-92.000000,-100.000000,-100.000000,-100.000000,-100.000000
1565858770.000000,13.928896,1.190759,-40.000000,-30.000000,-46.000000,-49.000000,-68.000000,-100.000000,-100.000000,-100.000000,-100.000000,-100.000000,-56.000000,-39.000000,-51.000000,-60.000000,-77.000000,-92.000000,-100.000000,-100.000000,-100.000000,-100.000000
1565858775.000000,14.109080,1.185217,-37.000000,-33.000000,-42.000000,-48.000000,-68.000000,-100.000000,-100.000000,-100.000000,-100.000000,-100.000000,-60.000000,-39.000000,-55.000000,-62.000000,-78.000000,-92.000000,-100.000000,-100.000000,-100.000000,-100.000000
1565858781.000000,14.109080,1.185217,-36.000000,-35.000000,-41.000000,-48.000000,-73.000000,-100.000000,-100.000000,-100.000000,-100.000000,-100.000000,-60.000000,-39.000000,-55.000000,-63.000000,-78.000000,-100.000000,-100.000000,-100.000000,-100.000000,-100.000000
1565858787.000000,14.906822,1.206768,-37.000000,-31.000000,-45.000000,-55.000000,-70.000000,-100.000000,-100.000000,-100.000000,-100.000000,-100.000000,-60.000000,-39.000000,-56.000000,-69.000000,-78.000000,-100.000000,-100.000000,-100.000000,-100.000000,-100.000000
1565858792.000000,14.913864,1.206128,-42.000000,-33.000000,-48.000000,-55.000000,-70.000000,-100.000000,-100.000000,-100.000000,-100.000000,-100.000000,-57.000000,-39.000000,-56.000000,-69.000000,-78.000000,-100.000000,-100.000000,-100.000000,-100.000000,-100.000000
1565858798.000000,14.913864,1.206128,-42.000000,-35.000000,-48.000000,-47.000000,-70.000000,-100.000000,-100.000000,-100.000000,-100.000000,-100.000000,-57.000000,-39.000000,-56.000000,-66.000000,-78.000000,-92.000000,-100.000000,-100.000000,-100.000000,-100.000000
1565858803.000000,14.986126,1.246567,-47.000000,-41.000000,-52.000000,-49.000000,-71.000000,-100.000000,-100.000000,-100.000000,-100.000000,-100.000000,-58.000000,-43.000000,-52.000000,-66.000000,-100.000000,-91.000000,-100.000000,-100.000000,-100.000000,-100.000000
1565858809.000000,15.136828,1.573881,-49.000000,-36.000000,-47.000000,-49.000000,-71.000000,-100.000000,-100.000000,-100.000000,-100.000000,-100.000000,-61.000000,-43.000000,-52.000000,-66.000000,-100.000000,-91.000000,-100.000000,-100.000000,-100.000000,-100.000000
1565858814.000000,15.195747,1.955485,-51.000000,-39.000000,-41.000000,-46.000000,-63.000000,-100.000000,-100.000000,-100.000000,-100.000000,-100.000000,-60.000000,-50.000000,-54.000000,-58.000000,-76.000000,-91.000000,-100.000000,-100.000000,-100.000000,-100.000000
1565858820.000000,15.087095,2.034036,-46.000000,-43.000000,-35.000000,-40.000000,-60.000000,-100.000000,-100.000000,-100.000000,-100.000000,-100.000000,-64.000000,-47.000000,-46.000000,-50.000000,-78.000000,-88.000000,-100.000000,-100.000000,-100.000000,-100.000000
1565858826.000000,15.065123,2.055027,-50.000000,-43.000000,-38.000000,-46.000000,-60.000000,-100.000000,-100.000000,-100.000000,-100.000000,-100.000000,-60.000000,-49.000000,-50.000000,-57.000000,-77.000000,-92.000000,-100.000000,-100.000000,-100.000000,-100.000000
1565858831.000000,15.065123,2.055027,-51.000000,-42.000000,-38.000000,-47.000000,-60.000000,-100.000000,-100.000000,-100.000000,-100.000000,-100.000000,-58.000000,-49.000000,-50.000000,-58.000000,-76.000000,-93.000000,-100.000000,-100.000000,-100.000000,-100.000000
1565858837.000000,15.041856,2.100859,-44.000000,-42.000000,-36.000000,-43.000000,-64.000000,-100.000000,-100.000000,-100.000000,-100.000000,-100.000000,-60.000000,-45.000000,-47.000000,-54.000000,-76.000000,-92.000000,-100.000000,-100.000000,-100.000000,-100.000000
1565858842.000000,14.352927,2.304472,-46.000000,-43.000000,-36.000000,-55.000000,-64.000000,-100.000000,-100.000000,-100.000000,-100.000000,-100.000000,-59.000000,-45.000000,-46.000000,-50.000000,-76.000000,-88.000000,-100.000000,-100.000000,-100.000000,-100.000000
1565858848.000000,14.122508,2.167137,-40.000000,-35.000000,-39.000000,-43.000000,-60.000000,-100.000000,-100.000000,-100.000000,-100.000000,-100.000000,-54.000000,-41.000000,-52.000000,-56.000000,-75.000000,-89.000000,-100.000000,-100.000000,-100.000000,-100.000000
1565858853.000000,14.103130,2.032318,-50.000000,-33.000000,-39.000000,-46.000000,-67.000000,-100.000000,-100.000000,-100.000000,-100.000000,-100.000000,-56.000000,-41.000000,-48.000000,-57.000000,-75.000000,-89.000000,-100.000000,-100.000000,-100.000000,-100.000000
1565858859.000000,14.103130,2.032318,-42.000000,-36.000000,-39.000000,-39.000000,-59.000000,-100.000000,-100.000000,-100.000000,-100.000000,-100.000000,-55.000000,-40.000000,-47.000000,-52.000000,-77.000000,-87.000000,-100.000000,-100.000000,-100.000000,-100.000000
1565858865.000000,13.861649,2.028867,-54.000000,-36.000000,-39.000000,-37.000000,-58.000000,-100.000000,-100.000000,-100.000000,-100.000000,-87.000000,-59.000000,-40.000000,-46.000000,-51.000000,-72.000000,-86.000000,-100.000000,-100.000000,-100.000000,-100.000000
1565858870.000000,13.489659,1.995717,-46.000000,-40.000000,-40.000000,-47.000000,-58.000000,-64.000000,-100.000000,-100.000000,-100.000000,-87.000000,-59.000000,-44.000000,-46.000000,-55.000000,-72.000000,-87.000000,-100.000000,-100.000000,-100.000000,-100.000000
1565858876.000000,13.489659,1.995717,-45.000000,-45.000000,-38.000000,-44.000000,-58.000000,-64.000000,-100.000000,-100.000000,-100.000000,-87.000000,-59.000000,-47.000000,-46.000000,-55.000000,-72.000000,-87.000000,-100.000000,-100.000000,-100.000000,-100.000000
1565858881.000000,12.766619,1.975342,-44.000000,-42.000000,-38.000000,-48.000000,-60.000000,-64.000000,-100.000000,-100.000000,-100.000000,-100.000000,-59.000000,-43.000000,-46.000000,-52.000000,-100.000000,-84.000000,-100.000000,-100.000000,-100.000000,-100.000000
1565858887.000000,12.690249,1.980307,-48.000000,-34.000000,-35.000000,-48.000000,-62.000000,-64.000000,-100.000000,-100.000000,-100.000000,-100.000000,-59.000000,-42.000000,-46.000000,-54.000000,-75.000000,-85.000000,-100.000000,-100.000000,-100.000000,-100.000000
1565858892.000000,12.690249,1.980307,-48.000000,-36.000000,-41.000000,-47.000000,-63.000000,-62.000000,-100.000000,-100.000000,-100.000000,-100.000000,-58.000000,-43.000000,-46.000000,-55.000000,-75.000000,-88.000000,-100.000000,-100.000000,-100.000000,-100.000000
1565858898.000000,11.865155,1.942898,-40.000000,-37.000000,-42.000000,-50.000000,-63.000000,-62.000000,-100.000000,-100.000000,-100.000000,-100.000000,-55.000000,-44.000000,-46.000000,-56.000000,-75.000000,-85.000000,-100.000000,-100.000000,-100.000000,-100.000000
1565858903.000000,11.865155,1.942898,-40.000000,-33.000000,-38.000000,-48.000000,-59.000000,-63.000000,-100.000000,-100.000000,-100.000000,-100.000000,-59.000000,-45.000000,-44.000000,-59.000000,-100.000000,-85.000000,-100.000000,-100.000000,-100.000000,-100.000000
1565858909.000000,11.861781,1.942749,-42.000000,-32.000000,-38.000000,-48.000000,-59.000000,-66.000000,-100.000000,-100.000000,-100.000000,-100.000000,-59.000000,-45.000000,-45.000000,-60.000000,-77.000000,-86.000000,-100.000000,-100.000000,-100.000000,-100.000000
1565858915.000000,11.084346,1.961217,-42.000000,-38.000000,-40.000000,-45.000000,-58.000000,-66.000000,-100.000000,-100.000000,-100.000000,-100.000000,-58.000000,-45.000000,-45.000000,-60.000000,-77.000000,-91.000000,-100.000000,-100.000000,-100.000000,-100.000000
1565858920.000000,11.084346,1.961217,-42.000000,-36.000000,-42.000000,-47.000000,-58.000000,-66.000000,-100.000000,-100.000000,-100.000000,-100.000000,-57.000000,-45.000000,-45.000000,-60.000000,-77.000000,-91.000000,-100.000000,-100.000000,-100.000000,-100.000000
1565858926.000000,10.600397,1.954295,-42.000000,-38.000000,-42.000000,-48.000000,-58.000000,-100.000000,-100.000000,-100.000000,-100.000000,-100.000000,-63.000000,-42.000000,-46.000000,-59.000000,-77.000000,-91.000000,-93.000000,-100.000000,-100.000000,-100.000000
1565858931.000000,10.286111,1.973065,-42.000000,-32.000000,-41.000000,-45.000000,-59.000000,-100.000000,-100.000000,-100.000000,-100.000000,-100.000000,-57.000000,-49.000000,-46.000000,-59.000000,-77.000000,-91.000000,-93.000000,-100.000000,-100.000000,-100.000000
1565858937.000000,10.286111,1.973065,-42.000000,-32.000000,-40.000000,-55.000000,-59.000000,-100.000000,-100.000000,-100.000000,-100.000000,-100.000000,-56.000000,-48.000000,-45.000000,-57.000000,-78.000000,-90.000000,-93.000000,-100.000000,-100.000000,-100.000000
1565858943.000000,9.569344,1.960605,-43.000000,-35.000000,-39.000000,-49.000000,-58.000000,-68.000000,-100.000000,-100.000000,-100.000000,-100.000000,-56.000000,-45.000000,-44.000000,-63.000000,-75.000000,-87.000000,-100.000000,-100.000000,-100.000000,-100.000000
1565858948.000000,9.488528,1.968713,-41.000000,-34.000000,-36.000000,-47.000000,-59.000000,-69.000000,-87.000000,-100.000000,-100.000000,-100.000000,-60.000000,-43.000000,-45.000000,-60.000000,-71.000000,-87.000000,-100.000000,-100.000000,-100.000000,-100.000000
1565858954.000000,9.488528,1.968713,-41.000000,-32.000000,-36.000000,-47.000000,-59.000000,-69.000000,-87.000000,-100.000000,-100.000000,-100.000000,-59.000000,-41.000000,-45.000000,-61.000000,-75.000000,-87.000000,-100.000000,-100.000000,-100.000000,-100.000000
1565858959.000000,8.687996,1.960194,-45.000000,-38.000000,-41.000000,-46.000000,-59.000000,-66.000000,-87.000000,-100.000000,-100.000000,-100.000000,-54.000000,-41.000000,-45.000000,-57.000000,-75.000000,-85.000000,-100.000000,-100.000000,-100.000000,-100.000000
1565858965.000000,8.686020,1.960509,-47.000000,-31.000000,-37.000000,-43.000000,-61.000000,-66.000000,-100.000000,-100.000000,-100.000000,-100.000000,-54.000000,-42.000000,-45.000000,-56.000000,-78.000000,-87.000000,-100.000000,-100.000000,-100.000000,-100.000000
1565858970.000000,8.588450,1.950659,-48.000000,-34.000000,-35.000000,-42.000000,-61.000000,-65.000000,-100.000000,-100.000000,-100.000000,-100.000000,-55.000000,-42.000000,-45.000000,-56.000000,-78.000000,-86.000000,-100.000000,-100.000000,-100.000000,-100.000000
1565858976.000000,7.881892,1.962612,-44.000000,-34.000000,-51.000000,-42.000000,-59.000000,-64.000000,-100.000000,-100.000000,-100.000000,-100.000000,-57.000000,-41.000000,-45.000000,-56.000000,-78.000000,-85.000000,-100.000000,-100.000000,-100.000000,-100.000000
1565858982.000000,7.881892,1.962612,-41.000000,-35.000000,-44.000000,-45.000000,-60.000000,-64.000000,-100.000000,-100.000000,-100.000000,-100.000000,-57.000000,-41.000000,-49.000000,-56.000000,-100.000000,-86.000000,-100.000000,-100.000000,-100.000000,-100.000000
1565858987.000000,7.495400,1.933623,-41.000000,-39.000000,-43.000000,-44.000000,-60.000000,-64.000000,-100.000000,-100.000000,-100.000000,-100.000000,-55.000000,-39.000000,-50.000000,-57.000000,-71.000000,-86.000000,-100.000000,-100.000000,-100.000000,-100.000000
1565858993.000000,7.087710,1.961065,-40.000000,-36.000000,-41.000000,-50.000000,-61.000000,-64.000000,-100.000000,-100.000000,-100.000000,-100.000000,-53.000000,-40.000000,-49.000000,-60.000000,-69.000000,-88.000000,-100.000000,-100.000000,-100.000000,-100.000000
1565858998.000000,7.087710,1.961065,-40.000000,-37.000000,-41.000000,-56.000000,-61.000000,-100.000000,-100.000000,-100.000000,-100.000000,-100.000000,-52.000000,-40.000000,-49.000000,-60.000000,-68.000000,-89.000000,-100.000000,-100.000000,-100.000000,-100.000000
1565859004.000000,6.392536,1.949839,-36.000000,-35.000000,-41.000000,-58.000000,-61.000000,-64.000000,-100.000000,-100.000000,-100.000000,-100.000000,-48.000000,-40.000000,-49.000000,-59.000000,-68.000000,-88.000000,-100.000000,-100.000000,-100.000000,-100.000000
1565859009.000000,6.283928,1.959548,-40.000000,-28.000000,-44.000000,-58.000000,-61.000000,-67.000000,-100.000000,-100.000000,-100.000000,-100.000000,-49.000000,-40.000000,-45.000000,-59.000000,-68.000000,-88.000000,-100.000000,-100.000000,-100.000000,-100.000000
1565859015.000000,6.283928,1.959548,-54.000000,-30.000000,-44.000000,-57.000000,-61.000000,-67.000000,-100.000000,-100.000000,-100.000000,-100.000000,-49.000000,-40.000000,-45.000000,-59.000000,-68.000000,-88.000000,-100.000000,-100.000000,-100.000000,-100.000000
1565859020.000000,5.536502,1.950526,-42.000000,-27.000000,-42.000000,-51.000000,-61.000000,-67.000000,-100.000000,-100.000000,-100.000000,-100.000000,-54.000000,-40.000000,-45.000000,-60.000000,-100.000000,-89.000000,-100.000000,-100.000000,-100.000000,-100.000000
1565859026.000000,5.485109,1.958994,-38.000000,-34.000000,-42.000000,-49.000000,-61.000000,-100.000000,-100.000000,-100.000000,-100.000000,-100.000000,-54.000000,-40.000000,-45.000000,-53.000000,-74.000000,-89.000000,-100.000000,-100.000000,-100.000000,-100.000000
1565859031.000000,5.485109,1.958994,-38.000000,-25.000000,-55.000000,-49.000000,-60.000000,-69.000000,-100.000000,-100.000000,-100.000000,-100.000000,-53.000000,-40.000000,-45.000000,-53.000000,-74.000000,-90.000000,-100.000000,-100.000000,-100.000000,-100.000000
1565859037.000000,4.671269,1.949554,-43.000000,-32.000000,-44.000000,-45.000000,-60.000000,-69.000000,-100.000000,-100.000000,-100.000000,-100.000000,-49.000000,-40.000000,-46.000000,-52.000000,-74.000000,-90.000000,-100.000000,-100.000000,-100.000000,-100.000000
1565859043.000000,4.670273,1.949644,-55.000000,-37.000000,-41.000000,-48.000000,-60.000000,-69.000000,-100.000000,-100.000000,-100.000000,-100.000000,-49.000000,-40.000000,-46.000000,-51.000000,-75.000000,-90.000000,-100.000000,-100.000000,-100.000000,-100.000000
1565859048.000000,4.666289,1.950003,-46.000000,-40.000000,-40.000000,-56.000000,-60.000000,-100.000000,-100.000000,-100.000000,-100.000000,-100.000000,-49.000000,-40.000000,-46.000000,-53.000000,-75.000000,-91.000000,-100.000000,-100.000000,-100.000000,-100.000000
1565859054.000000,3.861617,1.937141,-35.000000,-38.000000,-45.000000,-52.000000,-64.000000,-100.000000,-100.000000,-100.000000,-100.000000,-100.000000,-45.000000,-42.000000,-50.000000,-56.000000,-78.000000,-91.000000,-100.000000,-100.000000,-100.000000,-100.000000
1565859059.000000,3.861617,1.937141,-31.000000,-43.000000,-45.000000,-55.000000,-64.000000,-100.000000,-100.000000,-100.000000,-100.000000,-100.000000,-44.000000,-46.000000,-50.000000,-57.000000,-78.000000,-91.000000,-100.000000,-100.000000,-100.000000,-100.000000
1565859065.000000,3.850572,1.936991,-31.000000,-42.000000,-45.000000,-55.000000,-64.000000,-100.000000,-100.000000,-100.000000,-100.000000,-100.000000,-42.000000,-45.000000,-50.000000,-57.000000,-78.000000,-91.000000,-100.000000,-100.000000,-100.000000,-100.000000
1565859070.000000,3.050874,1.928724,-33.000000,-31.000000,-41.000000,-55.000000,-65.000000,-100.000000,-100.000000,-100.000000,-100.000000,-100.000000,-43.000000,-41.000000,-48.000000,-59.000000,-80.000000,-91.000000,-100.000000,-100.000000,-100.000000,-100.000000
1565859076.000000,3.050874,1.928724,-37.000000,-40.000000,-41.000000,-51.000000,-65.000000,-69.000000,-100.000000,-100.000000,-100.000000,-100.000000,-49.000000,-45.000000,-49.000000,-61.000000,-80.000000,-91.000000,-100.000000,-100.000000,-100.000000,-100.000000
1565859082.000000,3.050874,1.928724,-53.000000,-39.000000,-55.000000,-51.000000,-64.000000,-69.000000,-100.000000,-100.000000,-100.000000,-100.000000,-49.000000,-46.000000,-49.000000,-60.000000,-80.000000,-91.000000,-100.000000,-100.000000,-100.000000,-100.000000
1565859087.000000,2.255065,1.932630,-37.000000,-39.000000,-51.000000,-50.000000,-65.000000,-69.000000,-100.000000,-100.000000,-100.000000,-100.000000,-47.000000,-43.000000,-48.000000,-58.000000,-79.000000,-91.000000,-100.000000,-100.000000,-100.000000,-100.000000
1565859093.000000,2.255065,1.932630,-34.000000,-36.000000,-48.000000,-49.000000,-64.000000,-100.000000,-100.000000,-100.000000,-100.000000,-100.000000,-55.000000,-45.000000,-51.000000,-56.000000,-80.000000,-91.000000,-100.000000,-100.000000,-100.000000,-100.000000
1565859098.000000,2.255065,1.932630,-33.000000,-38.000000,-47.000000,-49.000000,-64.000000,-100.000000,-100.000000,-100.000000,-100.000000,-100.000000,-52.000000,-45.000000,-52.000000,-56.000000,-80.000000,-92.000000,-100.000000,-100.000000,-100.000000,-100.000000
1565859104.000000,1.454161,1.933659,-53.000000,-35.000000,-44.000000,-48.000000,-64.000000,-100.000000,-100.000000,-100.000000,-100.000000,-100.000000,-47.000000,-44.000000,-48.000000,-57.000000,-76.000000,-92.000000,-100.000000,-100.000000,-100.000000,-100.000000
1565859109.000000,1.454203,1.934658,-36.000000,-34.000000,-41.000000,-54.000000,-67.000000,-78.000000,-100.000000,-100.000000,-100.000000,-100.000000,-46.000000,-46.000000,-52.000000,-61.000000,-76.000000,-91.000000,-100.000000,-100.000000,-100.000000,-100.000000
1565859115.000000,1.454203,1.934658,-32.000000,-36.000000,-41.000000,-54.000000,-67.000000,-78.000000,-100.000000,-100.000000,-100.000000,-100.000000,-45.000000,-46.000000,-54.000000,-61.000000,-76.000000,-91.000000,-100.000000,-100.000000,-100.000000,-100.000000
1565859120.000000,0.667783,1.921533,-33.000000,-35.000000,-39.000000,-50.000000,-67.000000,-78.000000,-100.000000,-100.000000,-100.000000,-100.000000,-47.000000,-45.000000,-54.000000,-57.000000,-77.000000,-91.000000,-100.000000,-100.000000,-100.000000,-100.000000
1565859126.000000,0.649665,1.919355,-31.000000,-38.000000,-39.000000,-51.000000,-100.000000,-100.000000,-100.000000,-90.000000,-100.000000,-100.000000,-47.000000,-44.000000,-50.000000,-55.000000,-77.000000,-91.000000,-100.000000,-100.000000,-100.000000,-100.000000
1565859132.000000,0.649665,1.919355,-31.000000,-31.000000,-39.000000,-51.000000,-100.000000,-100.000000,-100.000000,-90.000000,-100.000000,-100.000000,-47.000000,-44.000000,-50.000000,-56.000000,-77.000000,-89.000000,-100.000000,-100.000000,-100.000000,-100.000000
1565859137.000000,0.593835,1.955310,-32.000000,-28.000000,-39.000000,-53.000000,-66.000000,-100.000000,-89.000000,-90.000000,-100.000000,-100.000000,-47.000000,-44.000000,-49.000000,-57.000000,-82.000000,-87.000000,-100.000000,-100.000000,-100.000000,-100.000000
1565859143.000000,0.533914,2.735920,-30.000000,-40.000000,-43.000000,-53.000000,-67.000000,-80.000000,-89.000000,-100.000000,-100.000000,-100.000000,-46.000000,-51.000000,-48.000000,-59.000000,-79.000000,-87.000000,-100.000000,-100.000000,-100.000000,-100.000000
1565859148.000000,0.533914,2.735920,-35.000000,-36.000000,-43.000000,-53.000000,-73.000000,-80.000000,-89.000000,-100.000000,-100.000000,-100.000000,-40.000000,-51.000000,-56.000000,-65.000000,-79.000000,-91.000000,-100.000000,-100.000000,-100.000000,-100.000000
1565859154.000000,0.533914,2.735920,-53.000000,-35.000000,-43.000000,-53.000000,-74.000000,-80.000000,-100.000000,-100.000000,-100.000000,-100.000000,-41.000000,-51.000000,-57.000000,-66.000000,-79.000000,-91.000000,-100.000000,-100.000000,-100.000000,-100.000000
1565859160.000000,0.547496,2.781478,-36.000000,-33.000000,-48.000000,-53.000000,-74.000000,-100.000000,-100.000000,-100.000000,-100.000000,-100.000000,-45.000000,-50.000000,-50.000000,-67.000000,-79.000000,-91.000000,-100.000000,-100.000000,-100.000000,-100.000000
1565859165.000000,1.343203,2.975608,-34.000000,-38.000000,-46.000000,-59.000000,-72.000000,-77.000000,-100.000000,-100.000000,-100.000000,-100.000000,-45.000000,-50.000000,-50.000000,-65.000000,-83.000000,-91.000000,-100.000000,-100.000000,-100.000000,-100.000000
1565859171.000000,1.408343,2.888114,-32.000000,-34.000000,-62.000000,-59.000000,-70.000000,-77.000000,-100.000000,-100.000000,-100.000000,-100.000000,-47.000000,-52.000000,-53.000000,-68.000000,-72.000000,-91.000000,-100.000000,-100.000000,-100.000000,-100.000000
1565859176.000000,1.408343,2.888114,-34.000000,-38.000000,-53.000000,-59.000000,-70.000000,-77.000000,-100.000000,-100.000000,-100.000000,-100.000000,-46.000000,-50.000000,-53.000000,-64.000000,-72.000000,-91.000000,-100.000000,-100.000000,-100.000000,-100.000000
1565859182.000000,1.724167,2.872875,-34.000000,-35.000000,-51.000000,-59.000000,-67.000000,-100.000000,-100.000000,-100.000000,-100.000000,-100.000000,-44.000000,-51.000000,-53.000000,-63.000000,-72.000000,-100.000000,-100.000000,-100.000000,-100.000000,-100.000000
1565859188.000000,2.108534,2.801239,-30.000000,-39.000000,-43.000000,-55.000000,-65.000000,-100.000000,-100.000000,-100.000000,-100.000000,-100.000000,-43.000000,-47.000000,-55.000000,-63.000000,-78.000000,-100.000000,-100.000000,-100.000000,-100.000000,-100.000000
1565859193.000000,2.108534,2.801239,-30.000000,-38.000000,-42.000000,-57.000000,-65.000000,-100.000000,-100.000000,-100.000000,-100.000000,-100.000000,-41.000000,-46.000000,-55.000000,-63.000000,-78.000000,-100.000000,-100.000000,-100.000000,-100.000000,-100.000000
1565859199.000000,2.764961,2.796537,-30.000000,-37.000000,-42.000000,-57.000000,-69.000000,-100.000000,-100.000000,-100.000000,-100.000000,-100.000000,-44.000000,-48.000000,-55.000000,-62.000000,-78.000000,-100.000000,-100.000000,-100.000000,-100.000000,-100.000000
1565859205.000000,2.908947,2.787326,-30.000000,-45.000000,-42.000000,-58.000000,-71.000000,-100.000000,-100.000000,-100.000000,-100.000000,-100.000000,-44.000000,-47.000000,-61.000000,-65.000000,-76.000000,-100.000000,-100.000000,-100.000000,-100.000000,-100.000000
1565859210.000000,2.908947,2.787326,-30.000000,-39.000000,-44.000000,-59.000000,-71.000000,-100.000000,-100.000000,-100.000000,-100.000000,-100.000000,-46.000000,-49.000000,-61.000000,-65.000000,-76.000000,-100.000000,-100.000000,-100.000000,-100.000000,-100.000000
1565859216.000000,3.699198,2.767384,-29.000000,-46.000000,-48.000000,-59.000000,-73.000000,-100.000000,-100.000000,-100.000000,-100.000000,-100.000000,-46.000000,-44.000000,-61.000000,-65.000000,-76.000000,-100.000000,-100.000000,-100.000000,-100.000000,-100.000000
1565859222.000000,3.714208,2.765461,-29.000000,-47.000000,-56.000000,-57.000000,-72.000000,-100.000000,-100.000000,-100.000000,-100.000000,-100.000000,-45.000000,-42.000000,-61.000000,-65.000000,-78.000000,-100.000000,-100.000000,-100.000000,-100.000000,-100.000000
1565859227.000000,3.714208,2.765461,-29.000000,-39.000000,-58.000000,-57.000000,-71.000000,-100.000000,-100.000000,-100.000000,-100.000000,-100.000000,-45.000000,-44.000000,-60.000000,-65.000000,-78.000000,-100.000000,-100.000000,-100.000000,-100.000000,-100.000000
1565859233.000000,4.511599,2.772574,-52.000000,-39.000000,-55.000000,-51.000000,-68.000000,-100.000000,-100.000000,-100.000000,-100.000000,-100.000000,-52.000000,-44.000000,-55.000000,-64.000000,-78.000000,-100.000000,-100.000000,-100.000000,-100.000000,-100.000000
1565859239.000000,4.510600,2.772540,-41.000000,-38.000000,-56.000000,-50.000000,-68.000000,-100.000000,-100.000000,-100.000000,-100.000000,-100.000000,-51.000000,-43.000000,-55.000000,-64.000000,-72.000000,-100.000000,-100.000000,-100.000000,-100.000000,-100.000000
1565859244.000000,4.719786,2.770701,-38.000000,-38.000000,-56.000000,-50.000000,-68.000000,-72.000000,-100.000000,-100.000000,-100.000000,-100.000000,-51.000000,-43.000000,-55.000000,-66.000000,-74.000000,-100.000000,-100.000000,-100.000000,-100.000000,-100.000000
1565859250.000000,5.313061,2.770598,-40.000000,-38.000000,-50.000000,-51.000000,-68.000000,-70.000000,-100.000000,-100.000000,-100.000000,-100.000000,-49.000000,-44.000000,-55.000000,-63.000000,-74.000000,-100.000000,-100.000000,-100.000000,-100.000000,-100.000000
1565859256.000000,5.313061,2.770598,-40.000000,-41.000000,-48.000000,-49.000000,-68.000000,-70.000000,-100.000000,-100.000000,-100.000000,-100.000000,-49.000000,-44.000000,-54.000000,-63.000000,-74.000000,-95.000000,-100.000000,-100.000000,-100.000000,-100.000000
1565859261.000000,5.921333,2.762133,-40.000000,-36.000000,-48.000000,-49.000000,-68.000000,-70.000000,-100.000000,-100.000000,-100.000000,-100.000000,-46.000000,-44.000000,-52.000000,-63.000000,-74.000000,-95.000000,-100.000000,-100.000000,-100.000000,-100.000000
1565859267.000000,6.114050,2.763246,-54.000000,-35.000000,-50.000000,-49.000000,-67.000000,-74.000000,-100.000000,-100.000000,-100.000000,-100.000000,-46.000000,-43.000000,-56.000000,-61.000000,-72.000000,-95.000000,-100.000000,-100.000000,-100.000000,-100.000000
1565859272.000000,6.114050,2.763246,-57.000000,-38.000000,-51.000000,-48.000000,-66.000000,-74.000000,-100.000000,-100.000000,-100.000000,-100.000000,-46.000000,-43.000000,-56.000000,-61.000000,-72.000000,-100.000000,-100.000000,-100.000000,-100.000000,-100.000000
1565859278.000000,6.813376,2.763942,-40.000000,-40.000000,-51.000000,-52.000000,-65.000000,-74.000000,-100.000000,-100.000000,-100.000000,-100.000000,-46.000000,-40.000000,-54.000000,-65.000000,-72.000000,-100.000000,-100.000000,-100.000000,-100.000000,-100.000000
1565859283.000000,6.912153,2.764498,-32.000000,-37.000000,-52.000000,-52.000000,-69.000000,-74.000000,-100.000000,-100.000000,-100.000000,-100.000000,-45.000000,-41.000000,-57.000000,-67.000000,-100.000000,-100.000000,-100.000000,-100.000000,-100.000000,-100.000000
1565859289.000000,6.912153,2.764498,-31.000000,-38.000000,-52.000000,-55.000000,-69.000000,-74.000000,-100.000000,-100.000000,-100.000000,-100.000000,-45.000000,-41.000000,-57.000000,-66.000000,-77.000000,-100.000000,-100.000000,-100.000000,-100.000000,-100.000000
1565859294.000000,7.677128,2.780425,-31.000000,-32.000000,-48.000000,-50.000000,-66.000000,-74.000000,-100.000000,-100.000000,-100.000000,-100.000000,-47.000000,-42.000000,-55.000000,-62.000000,-76.000000,-100.000000,-100.000000,-100.000000,-100.000000,-100.000000
1565859300.000000,7.708441,2.778079,-34.000000,-42.000000,-53.000000,-48.000000,-67.000000,-100.000000,-100.000000,-100.000000,-100.000000,-100.000000,-46.000000,-45.000000,-55.000000,-62.000000,-76.000000,-100.000000,-100.000000,-100.000000,-100.000000,-100.000000
1565859306.000000,7.720482,2.778104,-34.000000,-38.000000,-54.000000,-48.000000,-67.000000,-100.000000,-100.000000,-100.000000,-100.000000,-100.000000,-46.000000,-42.000000,-55.000000,-63.000000,-78.000000,-100.000000,-100.000000,-100.000000,-100.000000,-100.000000
1565859311.000000,8.511748,2.771885,-50.000000,-36.000000,-46.000000,-47.000000,-68.000000,-75.000000,-100.000000,-100.000000,-100.000000,-100.000000,-49.000000,-42.000000,-55.000000,-61.000000,-78.000000,-100.000000,-100.000000,-100.000000,-100.000000,-100.000000
1565859318.000000,8.511748,2.771885,-44.000000,-38.000000,-45.000000,-55.000000,-68.000000,-72.000000,-100.000000,-100.000000,-100.000000,-100.000000,-49.000000,-39.000000,-56.000000,-61.000000,-78.000000,-100.000000,-100.000000,-100.000000,-100.000000,-100.000000
1565859322.000000,8.757286,2.766286,-43.000000,-30.000000,-45.000000,-48.000000,-66.000000,-69.000000,-100.000000,-100.000000,-100.000000,-100.000000,-51.000000,-43.000000,-56.000000,-61.000000,-78.000000,-100.000000,-100.000000,-100.000000,-100.000000,-100.000000
1565859328.000000,9.311078,2.774206,-38.000000,-29.000000,-45.000000,-56.000000,-66.000000,-74.000000,-100.000000,-100.000000,-100.000000,-100.000000,-59.000000,-41.000000,-55.000000,-63.000000,-78.000000,-92.000000,-100.000000,-100.000000,-100.000000,-100.000000
1565859333.000000,9.311078,2.774206,-42.000000,-26.000000,-41.000000,-48.000000,-66.000000,-70.000000,-100.000000,-100.000000,-100.000000,-100.000000,-57.000000,-39.000000,-53.000000,-65.000000,-79.000000,-91.000000,-100.000000,-100.000000,-100.000000,-100.000000
1565859339.000000,9.822444,2.771152,-42.000000,-29.000000,-55.000000,-47.000000,-100.000000,-70.000000,-100.000000,-100.000000,-100.000000,-100.000000,-58.000000,-39.000000,-49.000000,-66.000000,-79.000000,-91.000000,-100.000000,-100.000000,-100.000000,-100.000000
1565859345.000000,10.109109,2.776528,-54.000000,-23.000000,-43.000000,-47.000000,-64.000000,-70.000000,-100.000000,-100.000000,-100.000000,-100.000000,-57.000000,-39.000000,-53.000000,-64.000000,-79.000000,-91.000000,-100.000000,-100.000000,-100.000000,-100.000000
1565859350.000000,10.109109,2.776528,-46.000000,-27.000000,-43.000000,-47.000000,-64.000000,-100.000000,-100.000000,-100.000000,-100.000000,-100.000000,-57.000000,-42.000000,-53.000000,-64.000000,-76.000000,-100.000000,-100.000000,-100.000000,-100.000000,-100.000000
1565859356.000000,10.787536,2.762319,-43.000000,-27.000000,-43.000000,-47.000000,-62.000000,-100.000000,-100.000000,-100.000000,-100.000000,-100.000000,-55.000000,-44.000000,-54.000000,-66.000000,-75.000000,-94.000000,-100.000000,-100.000000,-100.000000,-100.000000
1565859361.000000,10.917830,2.774451,-37.000000,-31.000000,-43.000000,-49.000000,-63.000000,-100.000000,-100.000000,-100.000000,-100.000000,-100.000000,-53.000000,-41.000000,-52.000000,-64.000000,-75.000000,-94.000000,-100.000000,-100.000000,-100.000000,-100.000000
1565859367.000000,10.917830,2.774451,-53.000000,-33.000000,-43.000000,-49.000000,-65.000000,-100.000000,-100.000000,-100.000000,-100.000000,-100.000000,-54.000000,-41.000000,-53.000000,-64.000000,-75.000000,-94.000000,-100.000000,-100.000000,-100.000000,-100.000000
1565859372.000000,11.640438,2.773046,-43.000000,-34.000000,-55.000000,-49.000000,-66.000000,-100.000000,-100.000000,-100.000000,-100.000000,-100.000000,-57.000000,-41.000000,-51.000000,-65.000000,-100.000000,-100.000000,-100.000000,-100.000000,-100.000000,-100.000000
1565859378.000000,11.711288,2.771952,-40.000000,-38.000000,-47.000000,-51.000000,-64.000000,-100.000000,-100.000000,-100.000000,-100.000000,-100.000000,-55.000000,-40.000000,-52.000000,-67.000000,-100.000000,-96.000000,-100.000000,-100.000000,-100.000000,-100.000000
1565859384.000000,11.711288,2.771952,-40.000000,-29.000000,-45.000000,-51.000000,-65.000000,-100.000000,-100.000000,-100.000000,-100.000000,-100.000000,-55.000000,-43.000000,-52.000000,-67.000000,-100.000000,-96.000000,-100.000000,-100.000000,-100.000000,-100.000000
1565859389.000000,12.496041,2.776289,-40.000000,-34.000000,-47.000000,-52.000000,-65.000000,-100.000000,-100.000000,-100.000000,-100.000000,-100.000000,-59.000000,-40.000000,-51.000000,-63.000000,-78.000000,-93.000000,-100.000000,-100.000000,-100.000000,-100.000000
1565859395.000000,12.510343,2.775625,-37.000000,-39.000000,-45.000000,-49.000000,-65.000000,-100.000000,-100.000000,-100.000000,-100.000000,-100.000000,-57.000000,-44.000000,-54.000000,-62.000000,-78.000000,-93.000000,-100.000000,-100.000000,-100.000000,-100.000000
1565859400.000000,12.559661,2.771659,-37.000000,-36.000000,-44.000000,-49.000000,-70.000000,-100.000000,-100.000000,-100.000000,-100.000000,-100.000000,-57.000000,-44.000000,-55.000000,-62.000000,-75.000000,-92.000000,-100.000000,-100.000000,-100.000000,-100.000000
1565859406.000000,13.312928,2.768420,-37.000000,-32.000000,-42.000000,-49.000000,-71.000000,-100.000000,-100.000000,-100.000000,-100.000000,-100.000000,-61.000000,-43.000000,-51.000000,-60.000000,-75.000000,-92.000000,-100.000000,-100.000000,-100.000000,-100.000000
1565859412.000000,13.312928,2.768420,-38.000000,-37.000000,-38.000000,-47.000000,-74.000000,-100.000000,-100.000000,-100.000000,-100.000000,-100.000000,-63.000000,-40.000000,-48.000000,-62.000000,-76.000000,-94.000000,-100.000000,-100.000000,-100.000000,-100.000000
1565859417.000000,13.600393,2.774822,-38.000000,-37.000000,-38.000000,-47.000000,-74.000000,-67.000000,-100.000000,-100.000000,-100.000000,-100.000000,-60.000000,-40.000000,-48.000000,-64.000000,-76.000000,-94.000000,-100.000000,-100.000000,-100.000000,-100.000000
1565859423.000000,14.112451,2.767738,-36.000000,-35.000000,-38.000000,-55.000000,-67.000000,-67.000000,-100.000000,-100.000000,-100.000000,-100.000000,-57.000000,-39.000000,-53.000000,-60.000000,-76.000000,-94.000000,-100.000000,-100.000000,-100.000000,-100.000000
1565859428.000000,14.112451,2.767738,-36.000000,-38.000000,-39.000000,-45.000000,-67.000000,-67.000000,-100.000000,-100.000000,-100.000000,-100.000000,-56.000000,-39.000000,-54.000000,-60.000000,-100.000000,-94.000000,-100.000000,-100.000000,-100.000000,-100.000000
1565859434.000000,14.767037,2.783675,-36.000000,-38.000000,-40.000000,-45.000000,-67.000000,-67.000000,-100.000000,-100.000000,-100.000000,-100.000000,-52.000000,-40.000000,-55.000000,-58.000000,-100.000000,-94.000000,-100.000000,-100.000000,-100.000000,-100.000000
1565859440.000000,14.909312,2.778481,-43.000000,-39.000000,-41.000000,-43.000000,-68.000000,-67.000000,-100.000000,-100.000000,-100.000000,-100.000000,-58.000000,-40.000000,-55.000000,-61.000000,-100.000000,-94.000000,-100.000000,-100.000000,-100.000000,-100.000000
1565859445.000000,14.909312,2.778481,-44.000000,-36.000000,-41.000000,-43.000000,-68.000000,-100.000000,-100.000000,-100.000000,-100.000000,-100.000000,-58.000000,-40.000000,-55.000000,-61.000000,-76.000000,-94.000000,-100.000000,-100.000000,-100.000000,-100.000000
1565859451.000000,14.974146,2.814797,-44.000000,-37.000000,-45.000000,-43.000000,-66.000000,-100.000000,-100.000000,-100.000000,-100.000000,-100.000000,-62.000000,-40.000000,-53.000000,-61.000000,-76.000000,-92.000000,-100.000000,-100.000000,-100.000000,-100.000000
1565859456.000000,15.144757,3.524111,-52.000000,-40.000000,-39.000000,-41.000000,-63.000000,-100.000000,-100.000000,-100.000000,-100.000000,-100.000000,-59.000000,-48.000000,-52.000000,-57.000000,-76.000000,-92.000000,-100.000000,-100.000000,-100.000000,-100.000000
1565859462.000000,15.149968,3.580082,-50.000000,-37.000000,-35.000000,-40.000000,-63.000000,-100.000000,-100.000000,-100.000000,-100.000000,-100.000000,-59.000000,-49.000000,-54.000000,-56.000000,-100.000000,-90.000000,-100.000000,-100.000000,-100.000000,-100.000000
1565859467.000000,15.085879,3.629941,-48.000000,-41.000000,-34.000000,-36.000000,-63.000000,-100.000000,-100.000000,-100.000000,-100.000000,-100.000000,-59.000000,-45.000000,-47.000000,-50.000000,-79.000000,-90.000000,-89.000000,-100.000000,-100.000000,-100.000000
1565859473.000000,15.085879,3.629941,-51.000000,-39.000000,-47.000000,-42.000000,-63.000000,-100.000000,-100.000000,-100.000000,-100.000000,-100.000000,-59.000000,-47.000000,-48.000000,-58.000000,-75.000000,-90.000000,-89.000000,-100.000000,-100.000000,-100.000000
1565859479.000000,15.085879,3.629941,-51.000000,-37.000000,-50.000000,-43.000000,-63.000000,-100.000000,-100.000000,-100.000000,-100.000000,-100.000000,-57.000000,-48.000000,-48.000000,-58.000000,-73.000000,-90.000000,-89.000000,-100.000000,-100.000000,-100.000000
1565859484.000000,15.068018,3.654935,-42.000000,-42.000000,-57.000000,-55.000000,-64.000000,-100.000000,-100.000000,-100.000000,-100.000000,-100.000000,-54.000000,-41.000000,-52.000000,-57.000000,-75.000000,-95.000000,-100.000000,-100.000000,-100.000000,-100.000000
1565859490.000000,15.104822,3.608112,-40.000000,-39.000000,-43.000000,-55.000000,-65.000000,-100.000000,-100.000000,-100.000000,-100.000000,-100.000000,-53.000000,-44.000000,-52.000000,-57.000000,-79.000000,-93.000000,-100.000000,-100.000000,-100.000000,-100.000000
1565859495.000000,15.125634,3.550939,-48.000000,-38.000000,-41.000000,-47.000000,-65.000000,-100.000000,-100.000000,-100.000000,-100.000000,-100.000000,-56.000000,-44.000000,-52.000000,-61.000000,-81.000000,-93.000000,-100.000000,-100.000000,-100.000000,-100.000000
1565859498.000000,14.776179,3.376493,-48.000000,-38.000000,-41.000000,-47.000000,-65.000000,-100.000000,-100.000000,-100.000000,-100.000000,-100.000000,-56.000000,-44.000000,-52.000000,-61.000000,-81.000000,-93.000000,-100.000000,-100.000000,-100.000000,-100.000000
1565859501.000000,14.228601,3.415172,-45.000000,-36.000000,-36.000000,-40.000000,-61.000000,-100.000000,-100.000000,-100.000000,-100.000000,-100.000000,-63.000000,-43.000000,-50.000000,-51.000000,-77.000000,-91.000000,-100.000000,-100.000000,-100.000000,-100.000000
1565859507.000000,14.138028,3.550047,-41.000000,-38.000000,-33.000000,-40.000000,-63.000000,-100.000000,-100.000000,-100.000000,-100.000000,-100.000000,-59.000000,-44.000000,-48.000000,-59.000000,-75.000000,-91.000000,-100.000000,-100.000000,-100.000000,-100.000000
1565859512.000000,14.138028,3.550047,-50.000000,-39.000000,-34.000000,-40.000000,-61.000000,-100.000000,-100.000000,-100.000000,-100.000000,-100.000000,-59.000000,-43.000000,-51.000000,-53.000000,-75.000000,-93.000000,-100.000000,-100.000000,-100.000000,-100.000000
1565859518.000000,14.022082,3.541024,-56.000000,-32.000000,-34.000000,-40.000000,-61.000000,-100.000000,-100.000000,-100.000000,-100.000000,-100.000000,-59.000000,-44.000000,-50.000000,-52.000000,-75.000000,-93.000000,-93.000000,-100.000000,-100.000000,-100.000000
1565859523.000000,13.450283,3.525656,-50.000000,-38.000000,-34.000000,-54.000000,-61.000000,-100.000000,-78.000000,-100.000000,-100.000000,-100.000000,-57.000000,-44.000000,-52.000000,-52.000000,-75.000000,-85.000000,-85.000000,-100.000000,-100.000000,-100.000000
1565859529.000000,13.450283,3.525656,-53.000000,-33.000000,-37.000000,-43.000000,-65.000000,-100.000000,-78.000000,-100.000000,-100.000000,-100.000000,-58.000000,-45.000000,-49.000000,-52.000000,-75.000000,-87.000000,-85.000000,-100.000000,-100.000000,-100.000000
1565859534.000000,13.274786,3.519587,-53.000000,-36.000000,-37.000000,-45.000000,-62.000000,-100.000000,-78.000000,-100.000000,-100.000000,-100.000000,-58.000000,-44.000000,-49.000000,-52.000000,-76.000000,-87.000000,-85.000000,-100.000000,-100.000000,-100.000000
1565859540.000000,12.653214,3.532671,-49.000000,-38.000000,-36.000000,-41.000000,-70.000000,-65.000000,-100.000000,-100.000000,-100.000000,-100.000000,-59.000000,-45.000000,-46.000000,-52.000000,-76.000000,-87.000000,-100.000000,-100.000000,-100.000000,-100.000000
1565859546.000000,12.653498,3.531712,-56.000000,-42.000000,-41.000000,-42.000000,-68.000000,-65.000000,-100.000000,-100.000000,-100.000000,-100.000000,-60.000000,-47.000000,-52.000000,-51.000000,-76.000000,-85.000000,-100.000000,-100.000000,-100.000000,-100.000000
1565859551.000000,12.497387,3.523150,-55.000000,-39.000000,-41.000000,-42.000000,-69.000000,-65.000000,-100.000000,-100.000000,-100.000000,-100.000000,-60.000000,-46.000000,-54.000000,-54.000000,-100.000000,-87.000000,-100.000000,-100.000000,-100.000000,-100.000000
1565859557.000000,11.858687,3.533306,-49.000000,-43.000000,-38.000000,-41.000000,-69.000000,-65.000000,-100.000000,-100.000000,-100.000000,-100.000000,-59.000000,-43.000000,-46.000000,-61.000000,-75.000000,-89.000000,-93.000000,-100.000000,-100.000000,-100.000000
1565859562.000000,11.858687,3.533306,-46.000000,-33.000000,-48.000000,-41.000000,-69.000000,-62.000000,-100.000000,-100.000000,-100.000000,-100.000000,-61.000000,-46.000000,-46.000000,-62.000000,-75.000000,-89.000000,-93.000000,-100.000000,-100.000000,-100.000000
1565859568.000000,11.789902,3.529621,-46.000000,-40.000000,-52.000000,-40.000000,-64.000000,-62.000000,-100.000000,-100.000000,-100.000000,-100.000000,-62.000000,-46.000000,-48.000000,-62.000000,-75.000000,-89.000000,-91.000000,-100.000000,-100.000000,-100.000000
1565859573.000000,11.072605,3.545702,-51.000000,-37.000000,-44.000000,-40.000000,-64.000000,-65.000000,-100.000000,-100.000000,-100.000000,-100.000000,-55.000000,-46.000000,-49.000000,-56.000000,-100.000000,-92.000000,-88.000000,-100.000000,-100.000000,-100.000000
1565859579.000000,11.072605,3.545702,-44.000000,-35.000000,-38.000000,-44.000000,-64.000000,-65.000000,-100.000000,-100.000000,-100.000000,-100.000000,-57.000000,-46.000000,-53.000000,-54.000000,-69.000000,-92.000000,-88.000000,-100.000000,-100.000000,-100.000000
1565859584.000000,11.071646,3.545416,-43.000000,-34.000000,-37.000000,-44.000000,-60.000000,-65.000000,-100.000000,-100.000000,-100.000000,-100.000000,-58.000000,-46.000000,-53.000000,-54.000000,-68.000000,-92.000000,-88.000000,-100.000000,-100.000000,-100.000000
1565859590.000000,10.280060,3.550492,-43.000000,-42.000000,-36.000000,-44.000000,-58.000000,-100.000000,-100.000000,-100.000000,-100.000000,-100.000000,-60.000000,-42.000000,-47.000000,-54.000000,-68.000000,-89.000000,-91.000000,-100.000000,-100.000000,-100.000000
1565859596.000000,10.280060,3.550492,-51.000000,-31.000000,-40.000000,-43.000000,-58.000000,-100.000000,-100.000000,-100.000000,-100.000000,-100.000000,-57.000000,-45.000000,-45.000000,-54.000000,-68.000000,-89.000000,-91.000000,-100.000000,-100.000000,-100.000000
1565859601.000000,10.245489,3.547358,-43.000000,-37.000000,-42.000000,-43.000000,-58.000000,-100.000000,-100.000000,-100.000000,-100.000000,-100.000000,-54.000000,-45.000000,-45.000000,-56.000000,-75.000000,-91.000000,-91.000000,-100.000000,-100.000000,-100.000000
1565859607.000000,9.487013,3.571002,-43.000000,-45.000000,-34.000000,-55.000000,-58.000000,-100.000000,-100.000000,-100.000000,-100.000000,-100.000000,-53.000000,-43.000000,-44.000000,-56.000000,-75.000000,-91.000000,-91.000000,-100.000000,-100.000000,-100.000000
1565859612.000000,9.487013,3.571002,-51.000000,-33.000000,-34.000000,-42.000000,-58.000000,-100.000000,-100.000000,-100.000000,-100.000000,-100.000000,-51.000000,-39.000000,-44.000000,-53.000000,-75.000000,-91.000000,-91.000000,-100.000000,-100.000000,-100.000000
1565859618.000000,9.202063,3.553332,-51.000000,-38.000000,-34.000000,-40.000000,-58.000000,-100.000000,-100.000000,-100.000000,-100.000000,-100.000000,-54.000000,-44.000000,-45.000000,-53.000000,-67.000000,-91.000000,-88.000000,-100.000000,-100.000000,-100.000000
1565859623.000000,8.684606,3.558737,-43.000000,-35.000000,-34.000000,-40.000000,-58.000000,-100.000000,-100.000000,-100.000000,-100.000000,-100.000000,-54.000000,-40.000000,-47.000000,-50.000000,-73.000000,-91.000000,-89.000000,-100.000000,-100.000000,-100.000000
1565859629.000000,8.684606,3.558737,-42.000000,-38.000000,-34.000000,-40.000000,-57.000000,-100.000000,-100.000000,-100.000000,-100.000000,-100.000000,-52.000000,-40.000000,-48.000000,-50.000000,-73.000000,-91.000000,-90.000000,-100.000000,-100.000000,-100.000000
1565859635.000000,7.993289,3.558406,-37.000000,-42.000000,-34.000000,-40.000000,-57.000000,-63.000000,-100.000000,-100.000000,-100.000000,-100.000000,-56.000000,-39.000000,-48.000000,-49.000000,-73.000000,-91.000000,-90.000000,-100.000000,-100.000000,-100.000000
1565859640.000000,7.884015,3.561018,-33.000000,-40.000000,-36.000000,-40.000000,-57.000000,-63.000000,-100.000000,-100.000000,-100.000000,-100.000000,-52.000000,-38.000000,-48.000000,-48.000000,-100.000000,-93.000000,-90.000000,-100.000000,-100.000000,-100.000000
1565859646.000000,7.884015,3.561018,-34.000000,-38.000000,-36.000000,-40.000000,-57.000000,-67.000000,-100.000000,-100.000000,-100.000000,-100.000000,-52.000000,-40.000000,-46.000000,-48.000000,-71.000000,-90.000000,-100.000000,-100.000000,-100.000000,-100.000000
1565859651.000000,7.128256,3.561044,-34.000000,-43.000000,-36.000000,-40.000000,-57.000000,-67.000000,-100.000000,-100.000000,-100.000000,-100.000000,-52.000000,-44.000000,-49.000000,-49.000000,-69.000000,-90.000000,-100.000000,-100.000000,-100.000000,-100.000000
1565859657.000000,7.084748,3.569356,-40.000000,-33.000000,-38.000000,-43.000000,-61.000000,-67.000000,-100.000000,-100.000000,-100.000000,-100.000000,-58.000000,-41.000000,-48.000000,-49.000000,-69.000000,-89.000000,-100.000000,-100.000000,-100.000000,-100.000000
1565859662.000000,7.084748,3.569356,-41.000000,-40.000000,-54.000000,-43.000000,-61.000000,-71.000000,-100.000000,-100.000000,-100.000000,-100.000000,-58.000000,-41.000000,-49.000000,-50.000000,-69.000000,-89.000000,-100.000000,-100.000000,-100.000000,-100.000000
1565859668.000000,6.265933,3.542482,-41.000000,-41.000000,-58.000000,-47.000000,-61.000000,-71.000000,-100.000000,-100.000000,-100.000000,-100.000000,-52.000000,-40.000000,-53.000000,-51.000000,-69.000000,-90.000000,-100.000000,-100.000000,-100.000000,-100.000000
1565859673.000000,6.265442,3.542553,-41.000000,-45.000000,-44.000000,-47.000000,-61.000000,-71.000000,-100.000000,-100.000000,-100.000000,-100.000000,-56.000000,-40.000000,-49.000000,-50.000000,-100.000000,-90.000000,-100.000000,-100.000000,-100.000000,-100.000000
1565859679.000000,6.150669,3.534261,-40.000000,-41.000000,-41.000000,-47.000000,-61.000000,-100.000000,-100.000000,-100.000000,-100.000000,-100.000000,-52.000000,-41.000000,-48.000000,-50.000000,-69.000000,-90.000000,-100.000000,-100.000000,-100.000000,-100.000000
1565859684.000000,5.463561,3.541031,-39.000000,-39.000000,-43.000000,-45.000000,-60.000000,-100.000000,-100.000000,-100.000000,-100.000000,-100.000000,-55.000000,-41.000000,-46.000000,-49.000000,-69.000000,-90.000000,-100.000000,-100.000000,-100.000000,-100.000000
1565859690.000000,5.463561,3.541031,-54.000000,-35.000000,-44.000000,-43.000000,-60.000000,-100.000000,-100.000000,-100.000000,-100.000000,-100.000000,-56.000000,-43.000000,-49.000000,-53.000000,-69.000000,-90.000000,-100.000000,-100.000000,-100.000000,-100.000000
1565859695.000000,5.279853,3.516628,-44.000000,-35.000000,-44.000000,-55.000000,-60.000000,-100.000000,-100.000000,-100.000000,-100.000000,-100.000000,-54.000000,-43.000000,-49.000000,-54.000000,-67.000000,-89.000000,-100.000000,-100.000000,-100.000000,-100.000000
1565859701.000000,4.652839,3.532601,-44.000000,-28.000000,-48.000000,-57.000000,-60.000000,-100.000000,-100.000000,-100.000000,-100.000000,-100.000000,-54.000000,-40.000000,-49.000000,-51.000000,-67.000000,-89.000000,-100.000000,-100.000000,-100.000000,-100.000000
1565859707.000000,4.652839,3.532601,-45.000000,-31.000000,-46.000000,-50.000000,-62.000000,-100.000000,-100.000000,-100.000000,-100.000000,-100.000000,-54.000000,-44.000000,-45.000000,-53.000000,-68.000000,-89.000000,-100.000000,-100.000000,-100.000000,-100.000000
1565859712.000000,4.443562,3.527181,-45.000000,-31.000000,-46.000000,-49.000000,-62.000000,-100.000000,-100.000000,-100.000000,-100.000000,-100.000000,-53.000000,-46.000000,-45.000000,-53.000000,-70.000000,-89.000000,-100.000000,-100.000000,-100.000000,-100.000000
1565859718.000000,3.856269,3.536593,-42.000000,-32.000000,-45.000000,-56.000000,-62.000000,-100.000000,-100.000000,-100.000000,-100.000000,-100.000000,-53.000000,-44.000000,-45.000000,-52.000000,-70.000000,-92.000000,-100.000000,-100.000000,-100.000000,-100.000000
1565859724.000000,3.856269,3.536593,-39.000000,-33.000000,-43.000000,-47.000000,-63.000000,-100.000000,-100.000000,-100.000000,-100.000000,-100.000000,-52.000000,-45.000000,-45.000000,-52.000000,-70.000000,-91.000000,-100.000000,-100.000000,-100.000000,-100.000000
1565859729.000000,3.610475,3.525754,-39.000000,-36.000000,-43.000000,-47.000000,-64.000000,-100.000000,-100.000000,-100.000000,-100.000000,-100.000000,-52.000000,-47.000000,-45.000000,-52.000000,-69.000000,-91.000000,-100.000000,-100.000000,-100.000000,-100.000000
1565859735.000000,3.046614,3.535047,-38.000000,-33.000000,-46.000000,-42.000000,-64.000000,-100.000000,-100.000000,-100.000000,-100.000000,-100.000000,-47.000000,-46.000000,-49.000000,-52.000000,-70.000000,-90.000000,-100.000000,-100.000000,-100.000000,-100.000000
1565859740.000000,3.048814,3.536039,-42.000000,-34.000000,-41.000000,-43.000000,-66.000000,-100.000000,-100.000000,-100.000000,-100.000000,-100.000000,-47.000000,-49.000000,-50.000000,-53.000000,-69.000000,-90.000000,-100.000000,-100.000000,-100.000000,-100.000000
1565859746.000000,2.910964,3.525997,-42.000000,-36.000000,-40.000000,-43.000000,-66.000000,-100.000000,-100.000000,-100.000000,-100.000000,-100.000000,-47.000000,-49.000000,-50.000000,-54.000000,-69.000000,-93.000000,-100.000000,-100.000000,-100.000000,-100.000000
1565859752.000000,2.258457,3.535076,-36.000000,-36.000000,-41.000000,-45.000000,-64.000000,-100.000000,-100.000000,-100.000000,-100.000000,-100.000000,-43.000000,-44.000000,-47.000000,-55.000000,-69.000000,-93.000000,-100.000000,-100.000000,-100.000000,-100.000000
1565859757.000000,2.258822,3.534145,-32.000000,-36.000000,-40.000000,-48.000000,-65.000000,-100.000000,-100.000000,-100.000000,-100.000000,-100.000000,-46.000000,-50.000000,-50.000000,-55.000000,-71.000000,-92.000000,-100.000000,-100.000000,-100.000000,-100.000000
1565859763.000000,2.144071,3.525395,-31.000000,-39.000000,-40.000000,-56.000000,-65.000000,-100.000000,-100.000000,-100.000000,-100.000000,-100.000000,-48.000000,-50.000000,-51.000000,-55.000000,-75.000000,-92.000000,-100.000000,-100.000000,-100.000000,-100.000000
1565859768.000000,1.453809,3.526942,-33.000000,-37.000000,-44.000000,-57.000000,-61.000000,-100.000000,-100.000000,-100.000000,-100.000000,-100.000000,-44.000000,-46.000000,-49.000000,-51.000000,-71.000000,-92.000000,-100.000000,-100.000000,-100.000000,-100.000000
1565859774.000000,1.453809,3.526942,-33.000000,-39.000000,-41.000000,-47.000000,-61.000000,-100.000000,-100.000000,-100.000000,-100.000000,-100.000000,-41.000000,-48.000000,-51.000000,-51.000000,-71.000000,-92.000000,-100.000000,-100.000000,-100.000000,-100.000000
1565859780.000000,1.308972,3.522668,-33.000000,-39.000000,-41.000000,-46.000000,-61.000000,-100.000000,-100.000000,-100.000000,-100.000000,-100.000000,-41.000000,-49.000000,-52.000000,-51.000000,-71.000000,-92.000000,-100.000000,-100.000000,-100.000000,-100.000000
1565859785.000000,0.693412,3.516793,-33.000000,-37.000000,-41.000000,-52.000000,-64.000000,-100.000000,-100.000000,-100.000000,-100.000000,-100.000000,-45.000000,-46.000000,-48.000000,-51.000000,-71.000000,-100.000000,-100.000000,-100.000000,-100.000000,-100.000000
1565859791.000000,0.651433,3.519194,-35.000000,-35.000000,-41.000000,-48.000000,-64.000000,-100.000000,-100.000000,-100.000000,-100.000000,-100.000000,-43.000000,-48.000000,-48.000000,-51.000000,-100.000000,-100.000000,-100.000000,-100.000000,-100.000000,-100.000000
1565859796.000000,0.651433,3.519194,-35.000000,-39.000000,-41.000000,-47.000000,-64.000000,-100.000000,-100.000000,-91.000000,-100.000000,-100.000000,-43.000000,-48.000000,-48.000000,-51.000000,-70.000000,-96.000000,-100.000000,-100.000000,-100.000000,-100.000000
1565859802.000000,0.560200,3.572765,-36.000000,-39.000000,-44.000000,-44.000000,-64.000000,-100.000000,-100.000000,-91.000000,-100.000000,-100.000000,-44.000000,-47.000000,-48.000000,-56.000000,-70.000000,-96.000000,-100.000000,-100.000000,-100.000000,-100.000000
1565859808.000000,0.525377,4.348564,-28.000000,-34.000000,-42.000000,-50.000000,-64.000000,-100.000000,-100.000000,-91.000000,-100.000000,-100.000000,-46.000000,-47.000000,-51.000000,-57.000000,-77.000000,-93.000000,-100.000000,-100.000000,-100.000000,-100.000000
1565859813.000000,0.535750,4.364228,-35.000000,-28.000000,-42.000000,-56.000000,-73.000000,-100.000000,-100.000000,-100.000000,-100.000000,-100.000000,-45.000000,-46.000000,-57.000000,-61.000000,-74.000000,-93.000000,-100.000000,-100.000000,-100.000000,-100.000000
1565859819.000000,0.535750,4.364228,-36.000000,-26.000000,-42.000000,-48.000000,-75.000000,-68.000000,-100.000000,-100.000000,-100.000000,-100.000000,-45.000000,-45.000000,-54.000000,-63.000000,-74.000000,-93.000000,-100.000000,-100.000000,-100.000000,-100.000000
1565859824.000000,0.534131,4.378698,-38.000000,-29.000000,-50.000000,-47.000000,-75.000000,-68.000000,-100.000000,-100.000000,-100.000000,-100.000000,-45.000000,-49.000000,-54.000000,-58.000000,-76.000000,-100.000000,-100.000000,-100.000000,-100.000000,-100.000000
1565859830.000000,0.529758,4.371458,-34.000000,-32.000000,-39.000000,-47.000000,-75.000000,-68.000000,-100.000000,-100.000000,-100.000000,-100.000000,-41.000000,-49.000000,-52.000000,-61.000000,-76.000000,-100.000000,-100.000000,-100.000000,-100.000000,-100.000000
1565859836.000000,0.529758,4.371458,-34.000000,-36.000000,-41.000000,-51.000000,-100.000000,-67.000000,-100.000000,-100.000000,-100.000000,-100.000000,-38.000000,-50.000000,-52.000000,-56.000000,-72.000000,-92.000000,-100.000000,-100.000000,-100.000000,-100.000000
1565859841.000000,0.520101,4.373230,-33.000000,-36.000000,-47.000000,-55.000000,-100.000000,-67.000000,-100.000000,-100.000000,-100.000000,-100.000000,-38.000000,-54.000000,-52.000000,-58.000000,-75.000000,-92.000000,-100.000000,-100.000000,-100.000000,-100.000000
1565859847.000000,0.520101,4.373230,-33.000000,-41.000000,-49.000000,-55.000000,-100.000000,-67.000000,-90.000000,-100.000000,-100.000000,-100.000000,-39.000000,-51.000000,-58.000000,-64.000000,-75.000000,-92.000000,-100.000000,-100.000000,-100.000000,-100.000000
1565859853.000000,0.506510,4.349666,-33.000000,-38.000000,-51.000000,-59.000000,-100.000000,-100.000000,-90.000000,-100.000000,-100.000000,-100.000000,-41.000000,-51.000000,-56.000000,-64.000000,-79.000000,-92.000000,-100.000000,-100.000000,-100.000000,-100.000000
1565859858.000000,0.520777,4.317965,-33.000000,-41.000000,-47.000000,-55.000000,-100.000000,-100.000000,-90.000000,-100.000000,-100.000000,-100.000000,-38.000000,-51.000000,-60.000000,-65.000000,-79.000000,-100.000000,-100.000000,-100.000000,-100.000000,-100.000000
1565859864.000000,0.838087,4.196007,-33.000000,-40.000000,-48.000000,-51.000000,-74.000000,-100.000000,-100.000000,-100.000000,-100.000000,-100.000000,-45.000000,-50.000000,-57.000000,-65.000000,-82.000000,-100.000000,-100.000000,-100.000000,-100.000000,-100.000000
1565859869.000000,1.365443,4.204127,-32.000000,-40.000000,-52.000000,-59.000000,-75.000000,-100.000000,-100.000000,-100.000000,-100.000000,-100.000000,-45.000000,-55.000000,-61.000000,-61.000000,-81.000000,-93.000000,-100.000000,-100.000000,-100.000000,-100.000000
1565859875.000000,1.381559,4.212144,-39.000000,-34.000000,-53.000000,-57.000000,-73.000000,-100.000000,-100.000000,-100.000000,-100.000000,-100.000000,-47.000000,-49.000000,-53.000000,-61.000000,-77.000000,-93.000000,-100.000000,-100.000000,-100.000000,-100.000000
1565859880.000000,1.392695,4.220633,-35.000000,-36.000000,-57.000000,-54.000000,-70.000000,-82.000000,-100.000000,-100.000000,-100.000000,-100.000000,-43.000000,-49.000000,-57.000000,-61.000000,-77.000000,-93.000000,-100.000000,-100.000000,-100.000000,-100.000000
1565859886.000000,1.410157,4.200915,-32.000000,-41.000000,-54.000000,-55.000000,-70.000000,-82.000000,-100.000000,-100.000000,-100.000000,-100.000000,-42.000000,-49.000000,-54.000000,-64.000000,-83.000000,-100.000000,-100.000000,-100.000000,-100.000000,-100.000000
1565859892.000000,1.356825,4.156226,-27.000000,-37.000000,-54.000000,-55.000000,-70.000000,-82.000000,-100.000000,-100.000000,-100.000000,-100.000000,-52.000000,-50.000000,-58.000000,-63.000000,-75.000000,-94.000000,-100.000000,-100.000000,-100.000000,-100.000000
1565859897.000000,1.096386,4.290116,-33.000000,-37.000000,-42.000000,-54.000000,-64.000000,-100.000000,-100.000000,-100.000000,-100.000000,-100.000000,-48.000000,-48.000000,-55.000000,-60.000000,-75.000000,-94.000000,-100.000000,-100.000000,-100.000000,-100.000000
1565859903.000000,1.121173,4.412698,-30.000000,-44.000000,-43.000000,-51.000000,-67.000000,-70.000000,-100.000000,-100.000000,-100.000000,-100.000000,-46.000000,-50.000000,-55.000000,-58.000000,-75.000000,-94.000000,-100.000000,-100.000000,-100.000000,-100.000000
1565859908.000000,1.338625,4.464114,-31.000000,-42.000000,-55.000000,-51.000000,-71.000000,-70.000000,-100.000000,-100.000000,-100.000000,-100.000000,-46.000000,-53.000000,-54.000000,-62.000000,-77.000000,-94.000000,-100.000000,-100.000000,-100.000000,-100.000000
1565859914.000000,1.338625,4.464114,-41.000000,-41.000000,-55.000000,-54.000000,-71.000000,-74.000000,-100.000000,-100.000000,-100.000000,-100.000000,-46.000000,-51.000000,-55.000000,-63.000000,-76.000000,-100.000000,-100.000000,-100.000000,-100.000000,-100.000000
1565859920.000000,1.547563,4.462721,-43.000000,-41.000000,-48.000000,-54.000000,-71.000000,-74.000000,-100.000000,-100.000000,-100.000000,-100.000000,-45.000000,-49.000000,-55.000000,-64.000000,-76.000000,-100.000000,-100.000000,-100.000000,-100.000000,-100.000000
1565859925.000000,2.109281,4.389916,-43.000000,-37.000000,-48.000000,-50.000000,-71.000000,-74.000000,-100.000000,-100.000000,-100.000000,-100.000000,-45.000000,-46.000000,-52.000000,-66.000000,-76.000000,-92.000000,-100.000000,-100.000000,-100.000000,-100.000000
1565859931.000000,2.109281,4.389916,-38.000000,-32.000000,-56.000000,-50.000000,-71.000000,-77.000000,-100.000000,-100.000000,-100.000000,-100.000000,-45.000000,-46.000000,-52.000000,-70.000000,-75.000000,-92.000000,-100.000000,-100.000000,-100.000000,-100.000000
1565859936.000000,2.679210,4.382052,-37.000000,-32.000000,-48.000000,-50.000000,-71.000000,-77.000000,-100.000000,-100.000000,-100.000000,-100.000000,-41.000000,-48.000000,-54.000000,-66.000000,-75.000000,-92.000000,-100.000000,-100.000000,-100.000000,-100.000000
1565859942.000000,2.912021,4.393608,-33.000000,-39.000000,-48.000000,-53.000000,-76.000000,-73.000000,-100.000000,-100.000000,-100.000000,-100.000000,-43.000000,-47.000000,-55.000000,-62.000000,-79.000000,-96.000000,-100.000000,-100.000000,-100.000000,-100.000000
1565859948.000000,2.912021,4.393608,-33.000000,-36.000000,-47.000000,-54.000000,-76.000000,-73.000000,-100.000000,-100.000000,-100.000000,-100.000000,-43.000000,-47.000000,-56.000000,-62.000000,-78.000000,-92.000000,-100.000000,-100.000000,-100.000000,-100.000000
1565859953.000000,3.704703,4.379640,-37.000000,-38.000000,-47.000000,-53.000000,-72.000000,-73.000000,-100.000000,-100.000000,-100.000000,-100.000000,-51.000000,-44.000000,-55.000000,-62.000000,-78.000000,-92.000000,-100.000000,-100.000000,-100.000000,-100.000000
1565859959.000000,3.716615,4.386860,-36.000000,-39.000000,-49.000000,-49.000000,-72.000000,-72.000000,-100.000000,-100.000000,-100.000000,-100.000000,-51.000000,-45.000000,-53.000000,-65.000000,-78.000000,-92.000000,-100.000000,-100.000000,-100.000000,-100.000000
1565859964.000000,3.727777,4.387494,-36.000000,-33.000000,-49.000000,-48.000000,-71.000000,-72.000000,-100.000000,-100.000000,-100.000000,-100.000000,-51.000000,-45.000000,-53.000000,-63.000000,-79.000000,-100.000000,-100.000000,-100.000000,-100.000000,-100.000000
1565859970.000000,4.515303,4.365124,-32.000000,-37.000000,-53.000000,-52.000000,-70.000000,-72.000000,-100.000000,-100.000000,-100.000000,-100.000000,-51.000000,-43.000000,-55.000000,-60.000000,-78.000000,-100.000000,-100.000000,-100.000000,-100.000000,-100.000000
1565859976.000000,4.515303,4.365124,-31.000000,-35.000000,-51.000000,-53.000000,-70.000000,-100.000000,-100.000000,-100.000000,-100.000000,-100.000000,-50.000000,-45.000000,-56.000000,-62.000000,-78.000000,-100.000000,-100.000000,-100.000000,-100.000000,-100.000000
1565859981.000000,4.809053,4.376326,-52.000000,-33.000000,-50.000000,-54.000000,-70.000000,-100.000000,-100.000000,-100.000000,-100.000000,-100.000000,-52.000000,-45.000000,-59.000000,-61.000000,-78.000000,-100.000000,-100.000000,-100.000000,-100.000000,-100.000000
1565859987.000000,5.313491,4.378371,-37.000000,-34.000000,-57.000000,-53.000000,-67.000000,-100.000000,-100.000000,-100.000000,-100.000000,-100.000000,-54.000000,-49.000000,-55.000000,-59.000000,-71.000000,-93.000000,-100.000000,-100.000000,-100.000000,-100.000000
1565859992.000000,5.313491,4.378371,-35.000000,-36.000000,-50.000000,-53.000000,-66.000000,-100.000000,-100.000000,-100.000000,-100.000000,-100.000000,-54.000000,-49.000000,-56.000000,-59.000000,-71.000000,-93.000000,-100.000000,-100.000000,-100.000000,-100.000000
1565859998.000000,6.046856,4.387411,-33.000000,-33.000000,-57.000000,-59.000000,-66.000000,-100.000000,-100.000000,-100.000000,-100.000000,-100.000000,-54.000000,-47.000000,-55.000000,-58.000000,-75.000000,-93.000000,-100.000000,-100.000000,-100.000000,-100.000000
1565860004.000000,6.112048,4.387200,-33.000000,-34.000000,-47.000000,-58.000000,-66.000000,-100.000000,-100.000000,-100.000000,-100.000000,-100.000000,-55.000000,-44.000000,-55.000000,-57.000000,-79.000000,-93.000000,-100.000000,-100.000000,-100.000000,-100.000000
1565860009.000000,6.112048,4.387200,-33.000000,-30.000000,-48.000000,-50.000000,-65.000000,-100.000000,-100.000000,-100.000000,-100.000000,-100.000000,-55.000000,-45.000000,-56.000000,-57.000000,-77.000000,-94.000000,-100.000000,-100.000000,-100.000000,-100.000000
1565860015.000000,6.913001,4.374914,-33.000000,-31.000000,-51.000000,-50.000000,-64.000000,-100.000000,-100.000000,-100.000000,-100.000000,-100.000000,-51.000000,-43.000000,-51.000000,-60.000000,-77.000000,-94.000000,-100.000000,-100.000000,-100.000000,-100.000000
1565860020.000000,6.913001,4.374914,-33.000000,-35.000000,-47.000000,-50.000000,-64.000000,-100.000000,-100.000000,-100.000000,-100.000000,-100.000000,-51.000000,-41.000000,-51.000000,-60.000000,-77.000000,-94.000000,-100.000000,-100.000000,-100.000000,-100.000000
1565860026.000000,7.351132,4.367635,-53.000000,-36.000000,-47.000000,-56.000000,-63.000000,-100.000000,-100.000000,-100.000000,-100.000000,-100.000000,-49.000000,-41.000000,-51.000000,-60.000000,-100.000000,-100.000000,-100.000000,-100.000000,-100.000000,-100.000000
1565860032.000000,7.706953,4.380338,-37.000000,-37.000000,-45.000000,-49.000000,-63.000000,-100.000000,-100.000000,-100.000000,-100.000000,-100.000000,-54.000000,-43.000000,-52.000000,-63.000000,-79.000000,-94.000000,-100.000000,-100.000000,-100.000000,-100.000000
1565860037.000000,7.706953,4.380338,-34.000000,-37.000000,-45.000000,-47.000000,-64.000000,-100.000000,-100.000000,-100.000000,-100.000000,-100.000000,-54.000000,-43.000000,-52.000000,-63.000000,-79.000000,-94.000000,-100.000000,-100.000000,-100.000000,-100.000000
1565860043.000000,8.474131,4.368254,-30.000000,-35.000000,-44.000000,-55.000000,-63.000000,-73.000000,-100.000000,-100.000000,-100.000000,-100.000000,-50.000000,-43.000000,-53.000000,-61.000000,-75.000000,-94.000000,-100.000000,-100.000000,-100.000000,-100.000000
1565860048.000000,8.513333,4.378415,-27.000000,-33.000000,-44.000000,-54.000000,-66.000000,-73.000000,-100.000000,-100.000000,-100.000000,-100.000000,-52.000000,-42.000000,-53.000000,-61.000000,-75.000000,-100.000000,-100.000000,-100.000000,-100.000000,-100.000000
1565860054.000000,8.513333,4.378415,-27.000000,-34.000000,-44.000000,-46.000000,-66.000000,-73.000000,-100.000000,-100.000000,-100.000000,-100.000000,-50.000000,-41.000000,-53.000000,-62.000000,-75.000000,-100.000000,-100.000000,-100.000000,-100.000000,-100.000000
1565860059.000000,9.295626,4.367775,-29.000000,-34.000000,-44.000000,-44.000000,-65.000000,-100.000000,-100.000000,-100.000000,-100.000000,-100.000000,-50.000000,-42.000000,-52.000000,-62.000000,-75.000000,-100.000000,-100.000000,-100.000000,-100.000000,-100.000000
1565860065.000000,9.311778,4.365750,-37.000000,-32.000000,-41.000000,-44.000000,-62.000000,-73.000000,-100.000000,-100.000000,-100.000000,-100.000000,-56.000000,-41.000000,-49.000000,-60.000000,-75.000000,-100.000000,-100.000000,-100.000000,-100.000000,-100.000000
1565860071.000000,9.311778,4.365750,-38.000000,-34.000000,-41.000000,-44.000000,-62.000000,-70.000000,-100.000000,-100.000000,-100.000000,-100.000000,-57.000000,-41.000000,-49.000000,-59.000000,-75.000000,-100.000000,-100.000000,-100.000000,-100.000000,-100.000000
1565860076.000000,10.116168,4.356481,-38.000000,-29.000000,-41.000000,-43.000000,-63.000000,-70.000000,-100.000000,-100.000000,-100.000000,-100.000000,-54.000000,-43.000000,-51.000000,-59.000000,-76.000000,-100.000000,-100.000000,-100.000000,-100.000000,-100.000000
1565860082.000000,10.116168,4.356481,-42.000000,-24.000000,-41.000000,-44.000000,-63.000000,-70.000000,-100.000000,-100.000000,-100.000000,-100.000000,-56.000000,-42.000000,-51.000000,-62.000000,-76.000000,-100.000000,-100.000000,-100.000000,-100.000000,-100.000000
1565860088.000000,10.166624,4.357937,-43.000000,-26.000000,-41.000000,-44.000000,-64.000000,-100.000000,-100.000000,-100.000000,-100.000000,-100.000000,-56.000000,-41.000000,-51.000000,-62.000000,-78.000000,-100.000000,-100.000000,-100.000000,-100.000000,-100.000000
1565860093.000000,10.912204,4.365664,-44.000000,-27.000000,-45.000000,-45.000000,-65.000000,-100.000000,-100.000000,-100.000000,-100.000000,-100.000000,-54.000000,-45.000000,-53.000000,-64.000000,-78.000000,-93.000000,-100.000000,-100.000000,-100.000000,-100.000000
1565860099.000000,10.912204,4.365664,-41.000000,-32.000000,-44.000000,-55.000000,-65.000000,-100.000000,-100.000000,-100.000000,-100.000000,-100.000000,-54.000000,-45.000000,-54.000000,-62.000000,-78.000000,-93.000000,-100.000000,-100.000000,-100.000000,-100.000000
1565860104.000000,11.197003,4.363994,-41.000000,-30.000000,-45.000000,-45.000000,-65.000000,-100.000000,-100.000000,-100.000000,-100.000000,-100.000000,-57.000000,-44.000000,-54.000000,-60.000000,-80.000000,-93.000000,-100.000000,-100.000000,-100.000000,-100.000000
1565860110.000000,11.712270,4.374071,-54.000000,-25.000000,-46.000000,-45.000000,-71.000000,-100.000000,-100.000000,-100.000000,-100.000000,-100.000000,-59.000000,-44.000000,-52.000000,-61.000000,-76.000000,-93.000000,-100.000000,-100.000000,-100.000000,-100.000000
1565860116.000000,11.712270,4.374071,-43.000000,-27.000000,-43.000000,-44.000000,-72.000000,-100.000000,-100.000000,-100.000000,-100.000000,-100.000000,-59.000000,-44.000000,-52.000000,-61.000000,-77.000000,-93.000000,-100.000000,-100.000000,-100.000000,-100.000000
1565860121.000000,12.166138,4.376242,-43.000000,-27.000000,-43.000000,-44.000000,-72.000000,-100.000000,-100.000000,-100.000000,-100.000000,-100.000000,-58.000000,-40.000000,-49.000000,-61.000000,-77.000000,-93.000000,-100.000000,-100.000000,-100.000000,-100.000000
1565860127.000000,12.511879,4.373039,-47.000000,-34.000000,-43.000000,-46.000000,-72.000000,-100.000000,-88.000000,-100.000000,-100.000000,-100.000000,-58.000000,-44.000000,-49.000000,-59.000000,-77.000000,-93.000000,-100.000000,-100.000000,-100.000000,-100.000000
1565860132.000000,12.511879,4.373039,-47.000000,-34.000000,-44.000000,-45.000000,-70.000000,-100.000000,-88.000000,-100.000000,-100.000000,-100.000000,-56.000000,-45.000000,-49.000000,-59.000000,-100.000000,-94.000000,-100.000000,-100.000000,-100.000000,-100.000000
1565860138.000000,13.136597,4.378906,-47.000000,-32.000000,-56.000000,-46.000000,-71.000000,-100.000000,-88.000000,-100.000000,-100.000000,-100.000000,-58.000000,-42.000000,-51.000000,-60.000000,-77.000000,-94.000000,-100.000000,-100.000000,-100.000000,-100.000000
1565860144.000000,13.309425,4.373746,-37.000000,-30.000000,-45.000000,-45.000000,-71.000000,-100.000000,-100.000000,-100.000000,-100.000000,-100.000000,-58.000000,-43.000000,-56.000000,-60.000000,-76.000000,-94.000000,-100.000000,-100.000000,-100.000000,-100.000000
1565860149.000000,13.309425,4.373746,-36.000000,-32.000000,-41.000000,-44.000000,-68.000000,-100.000000,-100.000000,-100.000000,-100.000000,-100.000000,-59.000000,-43.000000,-57.000000,-61.000000,-76.000000,-100.000000,-100.000000,-100.000000,-100.000000,-100.000000
1565860155.000000,14.047090,4.379972,-44.000000,-30.000000,-44.000000,-44.000000,-69.000000,-100.000000,-100.000000,-100.000000,-100.000000,-100.000000,-57.000000,-40.000000,-54.000000,-60.000000,-76.000000,-100.000000,-100.000000,-100.000000,-100.000000,-100.000000
1565860161.000000,14.110573,4.375511,-41.000000,-38.000000,-40.000000,-41.000000,-68.000000,-100.000000,-100.000000,-100.000000,-100.000000,-100.000000,-55.000000,-40.000000,-54.000000,-62.000000,-100.000000,-100.000000,-100.000000,-100.000000,-100.000000,-100.000000
1565860166.000000,14.110573,4.375511,-41.000000,-40.000000,-39.000000,-41.000000,-68.000000,-100.000000,-100.000000,-100.000000,-100.000000,-100.000000,-54.000000,-40.000000,-52.000000,-62.000000,-77.000000,-100.000000,-100.000000,-100.000000,-100.000000,-100.000000
1565860172.000000,14.894023,4.359529,-42.000000,-35.000000,-55.000000,-41.000000,-68.000000,-100.000000,-100.000000,-100.000000,-100.000000,-100.000000,-56.000000,-42.000000,-55.000000,-57.000000,-77.000000,-100.000000,-100.000000,-100.000000,-100.000000,-100.000000
1565860177.000000,14.917255,4.357234,-39.000000,-33.000000,-40.000000,-44.000000,-67.000000,-100.000000,-100.000000,-100.000000,-100.000000,-100.000000,-52.000000,-40.000000,-51.000000,-58.000000,-74.000000,-100.000000,-100.000000,-100.000000,-100.000000,-100.000000
1565860183.000000,14.917255,4.357234,-39.000000,-33.000000,-37.000000,-44.000000,-67.000000,-100.000000,-100.000000,-100.000000,-100.000000,-100.000000,-53.000000,-40.000000,-50.000000,-58.000000,-74.000000,-100.000000,-100.000000,-100.000000,-100.000000,-100.000000
1565860188.000000,14.917255,4.357234,-38.000000,-36.000000,-37.000000,-44.000000,-67.000000,-100.000000,-100.000000,-100.000000,-100.000000,-100.000000,-53.000000,-40.000000,-49.000000,-58.000000,-74.000000,-96.000000,-100.000000,-100.000000,-100.000000,-100.000000
1565860194.000000,14.917255,4.357234,-38.000000,-34.000000,-37.000000,-45.000000,-67.000000,-100.000000,-100.000000,-100.000000,-100.000000,-100.000000,-52.000000,-39.000000,-49.000000,-59.000000,-75.000000,-96.000000,-100.000000,-100.000000,-100.000000,-100.000000
1565860199.000000,14.904021,4.393023,-45.000000,-36.000000,-34.000000,-41.000000,-66.000000,-100.000000,-100.000000,-100.000000,-100.000000,-100.000000,-54.000000,-48.000000,-49.000000,-55.000000,-76.000000,-93.000000,-100.000000,-100.000000,-100.000000,-100.000000
1565860205.000000,14.903339,4.393754,-47.000000,-40.000000,-54.000000,-41.000000,-65.000000,-100.000000,-100.000000,-100.000000,-100.000000,-100.000000,-54.000000,-49.000000,-49.000000,-54.000000,-76.000000,-93.000000,-100.000000,-100.000000,-100.000000,-100.000000
1565860210.000000,14.853720,4.343985,-55.000000,-35.000000,-46.000000,-52.000000,-65.000000,-100.000000,-100.000000,-100.000000,-100.000000,-100.000000,-54.000000,-44.000000,-53.000000,-58.000000,-72.000000,-93.000000,-100.000000,-100.000000,-100.000000,-100.000000
1565860216.000000,14.857737,4.391160,-50.000000,-39.000000,-36.000000,-42.000000,-65.000000,-100.000000,-100.000000,-100.000000,-100.000000,-100.000000,-54.000000,-46.000000,-50.000000,-55.000000,-71.000000,-93.000000,-100.000000,-100.000000,-100.000000,-100.000000
1565860222.000000,14.857737,4.391160,-47.000000,-36.000000,-33.000000,-41.000000,-65.000000,-100.000000,-100.000000,-100.000000,-100.000000,-100.000000,-54.000000,-48.000000,-50.000000,-55.000000,-71.000000,-93.000000,-100.000000,-100.000000,-100.000000,-100.000000
1565860227.000000,14.857737,4.391160,-47.000000,-36.000000,-33.000000,-41.000000,-65.000000,-100.000000,-100.000000,-100.000000,-100.000000,-100.000000,-58.000000,-46.000000,-50.000000,-55.000000,-75.000000,-93.000000,-100.000000,-100.000000,-100.000000,-100.000000
1565860233.000000,14.858498,4.391809,-55.000000,-34.000000,-35.000000,-41.000000,-67.000000,-100.000000,-100.000000,-100.000000,-100.000000,-100.000000,-52.000000,-41.000000,-53.000000,-55.000000,-79.000000,-100.000000,-100.000000,-100.000000,-100.000000,-100.000000
1565860238.000000,14.869955,4.411068,-45.000000,-30.000000,-37.000000,-45.000000,-67.000000,-100.000000,-100.000000,-100.000000,-100.000000,-100.000000,-53.000000,-40.000000,-53.000000,-59.000000,-76.000000,-100.000000,-100.000000,-100.000000,-100.000000,-100.000000
1565860244.000000,14.879041,4.409509,-42.000000,-34.000000,-43.000000,-42.000000,-64.000000,-100.000000,-100.000000,-100.000000,-100.000000,-100.000000,-52.000000,-44.000000,-54.000000,-57.000000,-77.000000,-93.000000,-92.000000,-100.000000,-100.000000,-100.000000
1565860249.000000,14.880819,4.388819,-41.000000,-33.000000,-38.000000,-42.000000,-64.000000,-100.000000,-100.000000,-100.000000,-100.000000,-100.000000,-56.000000,-43.000000,-56.000000,-57.000000,-78.000000,-93.000000,-92.000000,-100.000000,-100.000000,-100.000000
1565860255.000000,14.868419,4.294063,-49.000000,-33.000000,-54.000000,-46.000000,-73.000000,-100.000000,-100.000000,-100.000000,-100.000000,-100.000000,-63.000000,-45.000000,-54.000000,-57.000000,-82.000000,-93.000000,-92.000000,-100.000000,-100.000000,-100.000000
1565860261.000000,14.369720,4.151382,-40.000000,-33.000000,-39.000000,-46.000000,-71.000000,-100.000000,-100.000000,-100.000000,-100.000000,-100.000000,-59.000000,-44.000000,-51.000000,-53.000000,-76.000000,-92.000000,-100.000000,-100.000000,-100.000000,-100.000000
1565860266.000000,14.179175,4.153364,-54.000000,-37.000000,-38.000000,-46.000000,-71.000000,-100.000000,-100.000000,-100.000000,-100.000000,-100.000000,-61.000000,-43.000000,-51.000000,-49.000000,-72.000000,-92.000000,-100.000000,-100.000000,-100.000000,-100.000000
1565860272.000000,14.172779,4.153056,-46.000000,-35.000000,-35.000000,-48.000000,-69.000000,-74.000000,-100.000000,-100.000000,-100.000000,-100.000000,-62.000000,-42.000000,-48.000000,-51.000000,-76.000000,-92.000000,-100.000000,-100.000000,-100.000000,-100.000000
1565860277.000000,14.172779,4.153056,-46.000000,-32.000000,-34.000000,-47.000000,-69.000000,-74.000000,-100.000000,-100.000000,-100.000000,-100.000000,-59.000000,-50.000000,-51.000000,-54.000000,-78.000000,-92.000000,-100.000000,-100.000000,-100.000000,-100.000000
1565860283.000000,14.173529,4.153717,-55.000000,-38.000000,-34.000000,-48.000000,-73.000000,-74.000000,-100.000000,-100.000000,-100.000000,-100.000000,-57.000000,-43.000000,-51.000000,-55.000000,-78.000000,-100.000000,-100.000000,-100.000000,-100.000000,-100.000000
1565860289.000000,14.160276,4.117797,-44.000000,-37.000000,-39.000000,-48.000000,-75.000000,-100.000000,-100.000000,-100.000000,-100.000000,-100.000000,-59.000000,-43.000000,-53.000000,-60.000000,-80.000000,-94.000000,-100.000000,-100.000000,-100.000000,-100.000000
1565860294.000000,14.159558,4.117101,-40.000000,-33.000000,-47.000000,-49.000000,-68.000000,-100.000000,-100.000000,-100.000000,-100.000000,-100.000000,-58.000000,-43.000000,-54.000000,-63.000000,-79.000000,-94.000000,-100.000000,-100.000000,-100.000000,-100.000000
1565860300.000000,14.160276,4.117797,-38.000000,-34.000000,-40.000000,-49.000000,-72.000000,-100.000000,-100.000000,-100.000000,-100.000000,-100.000000,-61.000000,-41.000000,-52.000000,-57.000000,-77.000000,-94.000000,-100.000000,-100.000000,-100.000000,-100.000000
1565860305.000000,14.175145,4.064543,-40.000000,-35.000000,-37.000000,-41.000000,-69.000000,-100.000000,-100.000000,-100.000000,-100.000000,-100.000000,-63.000000,-41.000000,-51.000000,-57.000000,-78.000000,-100.000000,-100.000000,-100.000000,-100.000000,-100.000000
1565860311.000000,14.198129,4.055500,-36.000000,-34.000000,-37.000000,-41.000000,-74.000000,-100.000000,-100.000000,-100.000000,-100.000000,-100.000000,-57.000000,-42.000000,-51.000000,-57.000000,-78.000000,-95.000000,-100.000000,-100.000000,-100.000000,-100.000000
1565860317.000000,14.269347,4.094310,-36.000000,-38.000000,-39.000000,-43.000000,-74.000000,-100.000000,-100.000000,-100.000000,-100.000000,-100.000000,-59.000000,-38.000000,-55.000000,-58.000000,-78.000000,-95.000000,-100.000000,-100.000000,-100.000000,-100.000000
1565860322.000000,14.705466,4.387181,-41.000000,-30.000000,-47.000000,-41.000000,-70.000000,-100.000000,-100.000000,-100.000000,-100.000000,-100.000000,-52.000000,-40.000000,-53.000000,-58.000000,-77.000000,-95.000000,-100.000000,-100.000000,-100.000000,-100.000000
1565860328.000000,14.641688,4.623873,-45.000000,-35.000000,-36.000000,-41.000000,-70.000000,-100.000000,-100.000000,-100.000000,-100.000000,-100.000000,-57.000000,-46.000000,-53.000000,-53.000000,-77.000000,-100.000000,-100.000000,-100.000000,-100.000000,-100.000000
1565860333.000000,14.463604,4.742426,-48.000000,-35.000000,-32.000000,-41.000000,-64.000000,-100.000000,-100.000000,-100.000000,-100.000000,-100.000000,-61.000000,-45.000000,-47.000000,-49.000000,-77.000000,-88.000000,-100.000000,-100.000000,-100.000000,-100.000000
