1527322858831230976.000000,0.000000,0.000000,0.000000
1527322858931326976.000000,0.000000,0.000000,0.000000
1527322859031365888.000000,0.000000,0.000000,0.000000
1527322859131450112.000000,0.000000,0.000000,0.000000
1527322859231287296.000000,0.000000,0.000000,0.000000
1527322859331393792.000000,0.000000,0.000000,0.000000
1527322859431475968.000000,0.000000,0.000000,0.000000
1527322859531509760.000000,0.000000,0.000000,0.000000
1527322859631527936.000000,0.000000,0.000000,0.000000
1527322859731655168.000000,0.000000,0.000000,0.000000
1527322859831572224.000000,0.000000,0.000000,0.000000
1527322859931813376.000000,0.000000,0.000000,0.000000
1527322860031702528.000000,0.000000,0.000000,0.000000
1527322860131638528.000000,0.000000,0.000000,0.000000
1527322860231698176.000000,0.000000,0.000000,0.000000
1527322860331722496.000000,0.000000,0.000000,0.000000
1527322860431728640.000000,0.000050,0.000000,0.000349
1527322860531868416.000000,-0.000050,0.000000,0.000000
1527322860631896320.000000,0.000000,0.000000,0.000000
1527322860731880704.000000,0.000000,0.000000,0.000000
1527322860832056320.000000,0.000000,0.000000,0.000000
1527322860932160000.000000,0.000000,0.000000,0.000000
1527322861031964928.000000,0.000000,0.000000,0.000000
1527322861132049408.000000,0.000000,0.000000,0.000000
1527322861232223744.000000,0.000000,0.000000,0.000000
1527322861332171264.000000,0.000000,0.000000,0.000000
1527322861432056832.000000,0.000000,0.000000,0.000000
1527322861532290560.000000,0.000000,0.000000,0.000000
1527322861632302848.000000,0.000000,0.000000,0.000000
1527322861732250624.000000,0.000000,0.000000,0.000000
1527322861832232704.000000,0.000000,0.000000,0.000000
1527322861932416512.000000,0.000000,0.000000,0.000000
1527322862032491776.000000,0.000000,0.000000,0.000000
1527322862132557312.000000,0.000000,0.000000,0.000000
1527322862232513280.000000,0.000000,0.000000,0.000000
1527322862332434432.000000,0.000000,0.000000,0.000000
1527322862432500224.000000,0.000000,0.000000,0.000000
1527322862532507136.000000,0.000000,0.000000,0.000000
1527322862632483328.000000,0.000000,0.000000,0.000000
1527322862732562432.000000,0.000000,0.000000,0.000000
1527322862832496896.000000,0.000000,0.000000,0.000000
1527322862932651520.000000,0.000000,0.000000,0.000000
1527322863032647936.000000,0.000000,0.000000,0.000000
1527322863132769536.000000,0.000000,0.000000,0.000000
1527322863232772864.000000,0.000000,0.000000,0.000000
1527322863332980736.000000,0.000000,0.000000,0.000000
1527322863432800000.000000,0.000000,0.000000,0.000000
1527322863532786432.000000,0.000000,0.000000,0.000000
1527322863632994560.000000,0.000000,0.000000,0.000000
1527322863733009920.000000,0.000000,0.000000,0.000000
1527322863833035520.000000,0.000000,0.000000,0.000000
1527322863933019392.000000,0.000000,0.000000,0.000000
1527322864032944128.000000,0.000000,0.000000,0.000000
1527322864133138176.000000,0.000000,0.000000,0.000000
1527322864233164288.000000,0.000000,0.000000,0.000000
1527322864333133568.000000,0.000000,0.000000,0.000000
1527322864433208832.000000,-0.000050,0.000000,0.000000
1527322864533441536.000000,0.000000,0.000000,0.000000
1527322864633266688.000000,0.000000,0.000000,0.000000
1527322864733426176.000000,0.000000,0.000000,0.000000
1527322864833452800.000000,0.000000,0.000000,0.000000
1527322864933442048.000000,0.000000,0.000000,0.000000
1527322865033515776.000000,-0.000050,0.000000,0.000000
1527322865133575168.000000,-0.000050,0.000000,0.000000
1527322865233583360.000000,0.000000,0.000000,0.000000
1527322865333483008.000000,0.000000,0.000000,0.000000
1527322865433505280.000000,-0.000050,0.000000,0.000000
1527322865533594368.000000,0.000000,0.000000,0.000000
1527322865633814016.000000,0.000000,0.000000,0.000000
1527322865733624064.000000,0.000000,0.000000,0.000000
1527322865833839360.000000,0.000000,0.000000,0.000000
1527322865933672704.000000,0.000000,0.000000,0.000000
1527322866033892608.000000,0.000000,0.000000,0.000000
1527322866133926912.000000,0.000000,0.000000,0.000000
1527322866233824000.000000,0.000000,0.000000,0.000000
1527322866333913344.000000,0.000000,0.000000,0.000000
1527322866433788672.000000,0.000000,0.000000,0.000000
1527322866534027264.000000,0.000000,0.000000,0.000000
1527322866633889792.000000,0.000000,0.000000,0.000000
1527322866734023936.000000,0.000000,0.000000,0.000000
1527322866837502720.000000,0.000000,0.000000,0.000000
1527322866934103296.000000,0.000000,0.000000,0.000000
1527322867034103552.000000,0.000000,0.000000,0.000000
1527322867134108416.000000,0.000800,0.000000,0.000349
1527322867234433024.000000,0.003712,0.000000,0.000000
1527322867334205696.000000,0.007184,0.000000,0.000697
1527322867434286592.000000,0.010258,0.000000,-0.000349
1527322867534418176.000000,0.013117,0.000000,0.001049
1527322867634353920.000000,0.016589,0.000000,0.001047
1527322867734253056.000000,0.019081,0.000000,0.000000
1527322867834418432.000000,0.020133,0.000000,-0.000350
1527322867934551552.000000,0.019926,0.000000,0.001049
1527322868034509312.000000,0.019842,0.000000,-0.001047
1527322868134641920.000000,0.020027,0.000000,0.000000
1527322868234685184.000000,0.019759,0.000000,0.000000
1527322868334598912.000000,0.019983,0.000000,0.000000
1527322868434687232.000000,0.020018,0.000000,0.000000
1527322868534656768.000000,0.019844,0.000000,-0.000349
1527322868635145984.000000,0.019696,0.000000,0.000351
1527322868734696192.000000,0.020059,0.000000,-0.000695
1527322868834642688.000000,0.019839,0.000000,0.000000
1527322868934819840.000000,0.019985,0.000000,0.000000
1527322869034858240.000000,0.019908,0.000000,0.000349
1527322869134828800.000000,0.019894,0.000000,-0.000349
1527322869234978816.000000,0.020080,0.000000,0.000000
1527322869335058944.000000,0.019766,0.000000,0.000349
1527322869434981376.000000,0.019984,0.000000,-0.000698
1527322869535072256.000000,0.020018,0.000000,0.000349
1527322869635153664.000000,0.020016,0.000000,0.000000
1527322869735189760.000000,0.019657,0.000000,0.000000
1527322869835228160.000000,0.019958,0.000000,-0.000349
1527322869935174144.000000,0.019989,0.000000,0.000349
1527322870035184128.000000,0.019752,0.000000,0.000000
1527322870135235584.000000,0.019960,0.000000,0.000000
1527322870235208704.000000,0.019845,0.000000,0.000349
1527322870335324160.000000,0.019923,0.000000,0.000000
1527322870435402240.000000,0.020016,0.000000,0.000000
1527322870535364096.000000,0.019892,0.000000,-0.000349
1527322870635431424.000000,0.019913,0.000000,0.000000
1527322870735528960.000000,0.020070,0.000000,0.000349
1527322870835524352.000000,0.019749,0.000000,-0.000349
1527322870935544320.000000,0.019854,0.000000,0.000000
1527322871035623680.000000,0.020066,0.000000,0.000000
1527322871135569408.000000,0.019739,0.000000,0.000000
1527322871235717376.000000,0.019980,0.000000,-0.000350
1527322871335609088.000000,0.020028,0.000000,0.000000
1527322871435806464.000000,0.019889,0.000000,0.000350
1527322871535741184.000000,0.019737,0.000000,0.000000
1527322871635716096.000000,0.020095,0.000000,-0.000349
1527322871736018688.000000,0.019960,0.000000,0.000000
1527322871835856384.000000,0.019618,0.000000,0.000000
1527322871935859200.000000,0.019001,0.000000,0.000349
1527322872036001536.000000,0.015873,0.000000,-0.001748
1527322872136018944.000000,0.012752,0.000000,0.001746
1527322872236030464.000000,0.009201,0.000000,0.001047
1527322872336064000.000000,0.006852,0.000000,-0.000349
1527322872436057088.000000,0.003600,0.000000,-0.000349
1527322872536165376.000000,0.000801,0.000000,-0.000349
1527322872636269824.000000,-0.000050,0.000000,0.000000
1527322872736204800.000000,0.000000,0.000000,0.000000
1527322872836187136.000000,0.000000,0.000000,0.000000
1527322872936408320.000000,0.000150,0.000000,0.002799
1527322873036256000.000000,0.000300,0.000000,0.018124
1527322873136325632.000000,-0.000150,0.000000,0.039821
1527322873236374016.000000,-0.000150,0.000000,0.061116
1527322873336395264.000000,0.000350,0.000000,0.073668
1527322873436462848.000000,-0.000050,0.000000,0.091168
1527322873536461568.000000,-0.000300,0.000000,0.103322
1527322873636581376.000000,-0.000100,0.000000,0.099952
1527322873736602368.000000,-0.000200,0.000000,0.098108
1527322873836652800.000000,0.000000,0.000000,0.099534
1527322873936632832.000000,0.000250,0.000000,0.099464
1527322874036666624.000000,0.000000,0.000000,0.098121
1527322874136802304.000000,-0.000250,0.000000,0.100318
1527322874236806400.000000,0.000050,0.000000,0.099488
1527322874336771072.000000,0.000000,0.000000,0.099100
1527322874436684032.000000,0.000000,0.000000,0.099397
1527322874536771328.000000,0.000050,0.000000,0.099570
1527322874636896768.000000,-0.000100,0.000000,0.099259
1527322874736812288.000000,-0.000050,0.000000,0.099051
1527322874836923648.000000,-0.000100,0.000000,0.098896
1527322874936962560.000000,0.000250,0.000000,0.098475
1527322875037041408.000000,-0.000050,0.000000,0.099562
1527322875137047296.000000,-0.000350,0.000000,0.100537
1527322875237108736.000000,-0.000200,0.000000,0.099196
1527322875337071360.000000,-0.000050,0.000000,0.099446
1527322875437236992.000000,-0.000100,0.000000,0.099299
1527322875537175808.000000,-0.000100,0.000000,0.099074
1527322875637298176.000000,0.000000,0.000000,0.099955
1527322875737201920.000000,0.000050,0.000000,0.099388
1527322875837295104.000000,-0.000601,0.000000,0.100974
1527322875937526784.000000,-0.000301,0.000000,0.100764
1527322876037375232.000000,0.000100,0.000000,0.094105
1527322876137494528.000000,0.000050,0.000000,0.077236
1527322876237507072.000000,-0.000100,0.000000,0.057254
1527322876337565184.000000,0.000100,0.000000,0.040864
1527322876437587712.000000,0.000000,0.000000,0.025138
1527322876537612032.000000,-0.000100,0.000000,0.007332
1527322876637529344.000000,0.000100,0.000000,-0.001046
1527322876737716480.000000,0.000000,0.000000,0.000350
1527322876837733632.000000,0.000000,0.000000,0.000000
1527322876937727488.000000,0.000000,0.000000,0.000000
1527322877037844736.000000,0.001001,0.000000,-0.001048
1527322877137810176.000000,0.003899,0.000000,-0.000698
1527322877237876224.000000,0.007305,0.000000,0.000000
1527322877337978368.000000,0.010361,0.000000,0.000000
1527322877437987072.000000,0.013301,0.000000,0.001047
1527322877538046976.000000,0.016210,0.000000,0.000000
1527322877637998592.000000,0.019141,0.000000,0.000000
1527322877738098176.000000,0.020320,0.000000,0.000000
1527322877838093568.000000,0.019849,0.000000,0.000349
1527322877938064128.000000,0.019544,0.000000,-0.000349
1527322878038089472.000000,0.020155,0.000000,-0.001047
1527322878138120704.000000,0.020106,0.000000,0.000698
1527322878238342144.000000,0.019593,0.000000,0.000350
1527322878338177792.000000,0.019917,0.000000,-0.000697
1527322878438253312.000000,0.020065,0.000000,0.000000
1527322878538390784.000000,0.019627,0.000000,0.000000
1527322878638451456.000000,0.020112,0.000000,-0.000349
1527322878738374400.000000,0.019885,0.000000,0.000000
1527322878838543360.000000,0.019884,0.000000,0.000000
1527322878938575872.000000,0.020007,0.000000,0.000000
1527322879038568448.000000,0.019949,0.000000,0.000000
1527322879138490880.000000,0.019735,0.000000,0.000000
1527322879238618368.000000,0.019975,0.000000,0.000000
1527322879338652928.000000,0.020007,0.000000,0.000349
1527322879438709248.000000,0.019811,0.000000,0.000000
1527322879538829568.000000,0.019824,0.000000,0.000000
1527322879638658304.000000,0.020116,0.000000,0.000000
1527322879738836480.000000,0.019685,0.000000,0.000000
1527322879838792192.000000,0.020041,0.000000,0.000000
1527322879938867968.000000,0.019965,0.000000,0.000000
1527322880038937856.000000,0.019764,0.000000,0.000000
1527322880139022592.000000,0.020167,0.000000,0.000000
1527322880238803712.000000,0.019906,0.000000,0.000000
1527322880339066368.000000,0.019852,0.000000,0.000000
1527322880438987008.000000,0.019884,0.000000,-0.000349
1527322880538929664.000000,0.020088,0.000000,0.000000
1527322880638913024.000000,0.019897,0.000000,0.000000
1527322880739066112.000000,0.019680,0.000000,0.000000
1527322880839065344.000000,0.020000,0.000000,0.000000
1527322880939020288.000000,0.019891,0.000000,0.000000
1527322881039138048.000000,0.019873,0.000000,0.000000
1527322881139138048.000000,0.019950,0.000000,0.000000
1527322881239421184.000000,0.019856,0.000000,0.000000
1527322881339288064.000000,0.019973,0.000000,0.000000
1527322881439369728.000000,0.019966,0.000000,0.000000
1527322881539328000.000000,0.019642,0.000000,0.000000
1527322881639516928.000000,0.020238,0.000000,-0.000350
1527322881739404800.000000,0.019928,0.000000,0.000349
1527322881839528192.000000,0.019774,0.000000,0.000000
1527322881939486976.000000,0.019942,0.000000,0.000000
1527322882039620864.000000,0.019927,0.000000,0.000000
1527322882139545088.000000,0.019785,0.000000,0.000349
1527322882239672320.000000,0.019925,0.000000,0.000000
1527322882339697920.000000,0.019855,0.000000,0.000000
1527322882439659008.000000,0.019942,0.000000,0.000349
1527322882539886592.000000,0.019945,0.000000,0.000000
1527322882639852800.000000,0.020093,0.000000,0.000000
1527322882739823360.000000,0.019644,0.000000,0.000000
1527322882839817472.000000,0.019999,0.000000,0.000000
1527322882939846144.000000,0.020106,0.000000,0.000349
1527322883039979264.000000,0.019726,0.000000,-0.000350
1527322883140038912.000000,0.020062,0.000000,0.000000
1527322883239878656.000000,0.019768,0.000000,0.000000
1527322883340059648.000000,0.019936,0.000000,0.000000
1527322883440141568.000000,0.019966,0.000000,0.000000
1527322883540106752.000000,0.019793,0.000000,0.000000
1527322883640305152.000000,0.019939,0.000000,0.000350
1527322883740162048.000000,0.019872,0.000000,-0.000697
1527322883840289024.000000,0.019925,0.000000,0.000350
1527322883940228096.000000,0.019738,0.000000,0.000000
1527322884040292608.000000,0.020013,0.000000,0.000000
1527322884140415488.000000,0.020075,0.000000,0.000000
1527322884240333312.000000,0.019734,0.000000,0.000000
1527322884340559360.000000,0.019895,0.000000,0.000000
1527322884440405760.000000,0.020019,0.000000,-0.000349
1527322884540601856.000000,0.019839,0.000000,0.000000
1527322884640453120.000000,0.019870,0.000000,0.000000
1527322884740574208.000000,0.019924,0.000000,0.000000
1527322884840632576.000000,0.019862,0.000000,0.000000
1527322884940611328.000000,0.019996,0.000000,0.000000
1527322885040678656.000000,0.019763,0.000000,0.000000
1527322885140683776.000000,0.019801,0.000000,-0.000349
1527322885240606976.000000,0.020035,0.000000,0.000000
1527322885340680960.000000,0.019715,0.000000,0.000349
1527322885440886016.000000,0.019991,0.000000,-0.000350
1527322885540812800.000000,0.019835,0.000000,0.000000
1527322885640890368.000000,0.020066,0.000000,0.000000
1527322885740974080.000000,0.019767,0.000000,0.000000
1527322885841437952.000000,0.020093,0.000000,-0.000351
1527322885940987904.000000,0.019910,0.000000,0.000347
1527322886041433088.000000,0.019788,0.000000,0.000000
1527322886141147904.000000,0.020043,0.000000,0.000000
1527322886240978432.000000,0.019816,0.000000,0.000000
1527322886341100800.000000,0.019824,0.000000,-0.000349
1527322886441215488.000000,0.020073,0.000000,0.000349
1527322886541162496.000000,0.019889,0.000000,0.000000
1527322886641118464.000000,0.019841,0.000000,0.000000
1527322886741141760.000000,0.019855,0.000000,-0.000349
1527322886841265408.000000,0.019774,0.000000,0.000699
1527322886941394944.000000,0.020076,0.000000,-0.000350
1527322887041215488.000000,0.018916,0.000000,0.000000
1527322887141327616.000000,0.015517,0.000000,0.000349
1527322887241428992.000000,0.012613,0.000000,0.000000
1527322887341348608.000000,0.009392,0.000000,0.001046
1527322887441680640.000000,0.006823,0.000000,-0.000350
1527322887541458176.000000,0.003792,0.000000,0.000000
1527322887641539072.000000,0.000801,0.000000,-0.000349
1527322887741545216.000000,0.000000,0.000000,0.000000
1527322887841647360.000000,0.000000,0.000000,0.000000
1527322887941639680.000000,0.000000,0.000000,0.000000
1527322888041614080.000000,0.000300,0.000000,0.005235
1527322888141757952.000000,-0.000250,0.000000,0.016080
1527322888241765888.000000,0.000100,0.000000,0.038051
1527322888341825792.000000,-0.000100,0.000000,0.061822
1527322888441837824.000000,-0.000200,0.000000,0.075407
1527322888542056704.000000,0.000251,0.000000,0.089207
1527322888641876992.000000,-0.000250,0.000000,0.103486
1527322888741936128.000000,-0.000750,0.000000,0.101638
1527322888842034176.000000,-0.000400,0.000000,0.099931
1527322888942066688.000000,0.000100,0.000000,0.098818
1527322889041934848.000000,0.000250,0.000000,0.097261
1527322889142188032.000000,-0.000050,0.000000,0.098336
1527322889242097920.000000,0.000000,0.000000,0.099394
1527322889342121472.000000,-0.000050,0.000000,0.099158
1527322889442311168.000000,0.000000,0.000000,0.099323
1527322889542409472.000000,-0.000100,0.000000,0.099232
1527322889642304512.000000,-0.000100,0.000000,0.099379
1527322889742247936.000000,-0.000050,0.000000,0.099776
1527322889842326272.000000,0.000000,0.000000,0.099562
1527322889942308608.000000,-0.000750,0.000000,0.101211
1527322890042379008.000000,-0.000050,0.000000,0.100252
1527322890142587648.000000,0.000000,0.000000,0.099342
1527322890242452992.000000,-0.000150,0.000000,0.099001
1527322890342593792.000000,0.000050,0.000000,0.098925
1527322890442481408.000000,0.000050,0.000000,0.099023
1527322890542699776.000000,0.000050,0.000000,0.099001
1527322890642721536.000000,-0.000050,0.000000,0.098109
1527322890742781696.000000,-0.000050,0.000000,0.098496
1527322890842731264.000000,-0.000050,0.000000,0.099434
1527322890942865408.000000,-0.000200,0.000000,0.099617
1527322891042909184.000000,-0.000100,0.000000,0.099178
1527322891142922240.000000,-0.000250,0.000000,0.096355
1527322891242897152.000000,-0.000100,0.000000,0.079916
1527322891342931456.000000,-0.000050,0.000000,0.056568
1527322891442869248.000000,0.000400,0.000000,0.038024
1527322891542980608.000000,-0.000150,0.000000,0.026908
1527322891643084800.000000,-0.000050,0.000000,0.008037
1527322891743167744.000000,0.000250,0.000000,-0.001048
1527322891843103744.000000,-0.000100,0.000000,0.000698
1527322891943033088.000000,-0.000100,0.000000,0.000000
1527322892043228672.000000,0.000000,0.000000,0.000000
1527322892143239936.000000,0.000950,0.000000,-0.000349
1527322892243269632.000000,0.003851,0.000000,0.000349
1527322892343199232.000000,0.007345,0.000000,-0.000349
1527322892443139584.000000,0.010294,0.000000,-0.001047
1527322892543326464.000000,0.013275,0.000000,0.001749
1527322892643235072.000000,0.016185,0.000000,0.000697
1527322892743348224.000000,0.019172,0.000000,-0.000349
1527322892843376384.000000,0.020106,0.000000,0.000349
1527322892943444480.000000,0.020014,0.000000,-0.000349
1527322893043475968.000000,0.019706,0.000000,0.000000
1527322893143454208.000000,0.019996,0.000000,0.000000
1527322893243654912.000000,0.019990,0.000000,0.000000
1527322893343719680.000000,0.019813,0.000000,-0.000349
1527322893443734528.000000,0.020103,0.000000,0.000349
1527322893543757568.000000,0.019755,0.000000,0.000000
1527322893643680512.000000,0.020035,0.000000,-0.000349
1527322893743845888.000000,0.019933,0.000000,0.000000
1527322893843820288.000000,0.019945,0.000000,0.000349
1527322893943951872.000000,0.019926,0.000000,0.000000
1527322894043964416.000000,0.019752,0.000000,-0.000698
1527322894143884288.000000,0.019984,0.000000,0.000698
1527322894243941632.000000,0.019711,0.000000,0.000000
1527322894343931648.000000,0.020048,0.000000,-0.000698
1527322894444098816.000000,0.020033,0.000000,0.000000
1527322894544351744.000000,0.019800,0.000000,0.000350
1527322894644047616.000000,0.019989,0.000000,0.000000
1527322894744113920.000000,0.019963,0.000000,-0.001048
1527322894844196608.000000,0.019916,0.000000,0.000000
1527322894944141056.000000,0.019739,0.000000,0.000349
1527322895044288768.000000,0.020080,0.000000,-0.000350
1527322895144292096.000000,0.020001,0.000000,0.000000
1527322895244278784.000000,0.019647,0.000000,0.000000
1527322895344270592.000000,0.019898,0.000000,0.000698
1527322895444378112.000000,0.020021,0.000000,-0.000699
1527322895544338432.000000,0.020042,0.000000,0.000000
1527322895644601600.000000,0.019952,0.000000,0.000000
1527322895744504320.000000,0.019881,0.000000,-0.000349
1527322895844498688.000000,0.019899,0.000000,0.000000
1527322895944699904.000000,0.020140,0.000000,-0.000350
1527322896044641024.000000,0.019588,0.000000,0.000698
1527322896144633856.000000,0.020099,0.000000,-0.000698
1527322896244671744.000000,0.020058,0.000000,0.000349
1527322896344672000.000000,0.019750,0.000000,0.000000
1527322896444693504.000000,0.019854,0.000000,0.000349
1527322896544819200.000000,0.019925,0.000000,-0.000350
1527322896644920320.000000,0.020120,0.000000,-0.000349
1527322896744941056.000000,0.019754,0.000000,0.000349
1527322896844860416.000000,0.020084,0.000000,0.000000
1527322896944974080.000000,0.019923,0.000000,0.000000
1527322897044889600.000000,0.019833,0.000000,0.000000
1527322897145052160.000000,0.019131,0.000000,0.001049
1527322897245081088.000000,0.016255,0.000000,-0.003143
1527322897345079040.000000,0.012850,0.000000,0.001396
1527322897445027072.000000,0.009195,0.000000,0.001744
1527322897545240320.000000,0.006564,0.000000,0.000350
1527322897645260032.000000,0.003751,0.000000,-0.000698
1527322897745254912.000000,0.000750,0.000000,0.000349
1527322897845288448.000000,-0.000100,0.000000,-0.000349
1527322897945312512.000000,0.000000,0.000000,0.000000
1527322898045283840.000000,0.000000,0.000000,0.000000
1527322898145406720.000000,0.000451,0.000000,0.002446
1527322898245346304.000000,-0.000250,0.000000,0.017443
1527322898345353472.000000,-0.000500,0.000000,0.040145
1527322898445447168.000000,-0.000150,0.000000,0.061144
1527322898545482752.000000,0.000100,0.000000,0.072981
1527322898645479680.000000,-0.000200,0.000000,0.092499
1527322898745427712.000000,-0.000450,0.000000,0.103619
1527322898845547008.000000,-0.000200,0.000000,0.098903
1527322898945655808.000000,-0.000150,0.000000,0.098544
1527322899045572864.000000,0.000300,0.000000,0.098006
1527322899145611520.000000,0.000150,0.000000,0.098824
1527322899245790720.000000,-0.000401,0.000000,0.101411
1527322899345689600.000000,-0.000050,0.000000,0.099034
1527322899445906688.000000,0.000100,0.000000,0.100050
1527322899545932288.000000,-0.000050,0.000000,0.099160
1527322899646005760.000000,0.000100,0.000000,0.094666
1527322899745771776.000000,-0.000499,0.000000,0.082187
1527322899845915392.000000,-0.000050,0.000000,0.057329
1527322899946053376.000000,0.000200,0.000000,0.039499
1527322900045978624.000000,0.000100,0.000000,0.024416
1527322900146089216.000000,-0.000300,0.000000,0.008387
1527322900246131968.000000,0.000000,0.000000,-0.001397
1527322900346256128.000000,-0.000100,0.000000,0.000349
1527322900446281984.000000,-0.000050,0.000000,0.000000
1527322900546503168.000000,-0.000100,0.000000,0.000000
1527322900646206976.000000,0.000798,0.000000,0.000000
1527322900746235136.000000,0.003951,0.000000,-0.000349
1527322900846233088.000000,0.007500,0.000000,-0.000698
1527322900946326272.000000,0.010209,0.000000,0.000349
1527322901046398976.000000,0.013260,0.000000,0.001048
1527322901146517504.000000,0.016269,0.000000,0.000000
1527322901246482432.000000,0.018993,0.000000,0.000000
1527322901346539264.000000,0.020312,0.000000,0.000000
1527322901446548480.000000,0.020052,0.000000,-0.000349
1527322901546647552.000000,0.019669,0.000000,0.000000
1527322901646721280.000000,0.020165,0.000000,0.000000
1527322901746558208.000000,0.019917,0.000000,0.000000
1527322901846578432.000000,0.019854,0.000000,-0.000349
1527322901946715648.000000,0.019977,0.000000,0.000000
1527322902046820864.000000,0.019871,0.000000,0.000000
1527322902146721792.000000,0.019930,0.000000,0.000000
1527322902246816000.000000,0.020019,0.000000,0.000349
1527322902346826240.000000,0.019802,0.000000,0.000349
1527322902446969344.000000,0.019979,0.000000,-0.000699
1527322902547042048.000000,0.019914,0.000000,0.000349
1527322902647039744.000000,0.019849,0.000000,0.000000
1527322902746988288.000000,0.019940,0.000000,0.000000
1527322902847094528.000000,0.019821,0.000000,-0.000349
1527322902947027200.000000,0.020037,0.000000,0.000000
1527322903047146240.000000,0.019773,0.000000,0.000000
1527322903147142400.000000,0.020099,0.000000,-0.000349
1527322903247237632.000000,0.019769,0.000000,0.000000
1527322903347301888.000000,0.020013,0.000000,0.000000
1527322903447269632.000000,0.020044,0.000000,0.000349
1527322903547185152.000000,0.019783,0.000000,-0.000349
1527322903647343872.000000,0.019831,0.000000,0.000000
1527322903747423232.000000,0.019966,0.000000,0.000000
1527322903847339008.000000,0.019833,0.000000,0.000000
1527322903947355136.000000,0.020053,0.000000,0.000000
1527322904047419648.000000,0.019813,0.000000,0.000000
1527322904147347968.000000,0.019836,0.000000,0.000349
1527322904247450624.000000,0.020071,0.000000,-0.000349
1527322904347540736.000000,0.020018,0.000000,0.000349
1527322904447545600.000000,0.019751,0.000000,-0.000349
1527322904547540992.000000,0.019899,0.000000,0.000000
1527322904647622400.000000,0.020216,0.000000,0.000000
1527322904747729152.000000,0.019771,0.000000,0.000000
1527322904847823104.000000,0.019769,0.000000,0.000000
1527322904948037376.000000,0.020193,0.000000,-0.000350
1527322905047758080.000000,0.019695,0.000000,0.000000
1527322905147908864.000000,0.019880,0.000000,0.000000
1527322905247795456.000000,0.019827,0.000000,0.000349
1527322905348020992.000000,0.019995,0.000000,-0.000350
1527322905448150272.000000,0.020076,0.000000,0.000000
1527322905548125184.000000,0.019745,0.000000,0.000698
1527322905648107264.000000,0.018747,0.000000,-0.000349
1527322905748023552.000000,0.015687,0.000000,0.000698
1527322905848179200.000000,0.012970,0.000000,-0.002098
1527322905948155392.000000,0.009748,0.000000,0.002094
1527322906048289792.000000,0.006208,0.000000,0.000350
1527322906148231168.000000,0.003698,0.000000,0.000000
1527322906248245504.000000,0.000650,0.000000,0.000698
1527322906348298496.000000,0.000000,0.000000,0.000000
1527322906448237312.000000,0.000000,0.000000,0.000000
1527322906548443392.000000,0.000000,0.000000,0.000000
1527322906648450816.000000,0.000050,0.000000,0.002095
1527322906748502272.000000,0.000050,0.000000,0.015716
1527322906848549888.000000,-0.000150,0.000000,0.040511
1527322906948484608.000000,-0.000200,0.000000,0.061744
1527322907048552192.000000,0.000000,0.000000,0.073004
1527322907148648960.000000,-0.000050,0.000000,0.091194
1527322907248538112.000000,-0.000350,0.000000,0.103558
1527322907348612608.000000,-0.000801,0.000000,0.101305
1527322907448739328.000000,-0.000350,0.000000,0.098911
1527322907548864256.000000,0.000501,0.000000,0.097861
1527322907648752128.000000,-0.000050,0.000000,0.098675
1527322907749041920.000000,0.000100,0.000000,0.098372
1527322907848973056.000000,0.000000,0.000000,0.099415
1527322907948966400.000000,-0.000250,0.000000,0.100524
1527322908048990464.000000,-0.000100,0.000000,0.098809
1527322908149054720.000000,0.000050,0.000000,0.099897
1527322908248954880.000000,0.000000,0.000000,0.099385
1527322908349174528.000000,-0.000150,0.000000,0.099352
1527322908449075200.000000,-0.000050,0.000000,0.099036
1527322908549305344.000000,-0.000050,0.000000,0.099363
1527322908649085440.000000,-0.000050,0.000000,0.098917
1527322908749047296.000000,0.000200,0.000000,0.097701
1527322908849096192.000000,-0.000150,0.000000,0.099882
1527322908949232640.000000,-0.000250,0.000000,0.100668
1527322909049267456.000000,-0.000100,0.000000,0.099169
1527322909149350912.000000,0.000100,0.000000,0.098519
1527322909249375488.000000,0.000000,0.000000,0.099857
1527322909349318656.000000,-0.000200,0.000000,0.099427
1527322909449392384.000000,-0.000050,0.000000,0.099208
1527322909549533952.000000,0.000050,0.000000,0.099974
1527322909649584384.000000,-0.000150,0.000000,0.099534
1527322909749470464.000000,-0.000350,0.000000,0.097627
1527322909849576192.000000,-0.000050,0.000000,0.077225
1527322909949569024.000000,0.000200,0.000000,0.056545
1527322910049682944.000000,0.000050,0.000000,0.040887
1527322910149617664.000000,-0.000200,0.000000,0.025116
1527322910249762560.000000,-0.000100,0.000000,0.006991
1527322910349673472.000000,-0.000100,0.000000,-0.000349
1527322910449867264.000000,0.000000,0.000000,0.000000
1527322910549824512.000000,0.000000,0.000000,0.000000
1527322910649870080.000000,0.000000,0.000000,0.000000
1527322910749882368.000000,0.000900,0.000000,0.000349
1527322910849905664.000000,0.004251,0.000000,-0.001397
1527322910949957120.000000,0.007204,0.000000,0.000000
1527322911050066432.000000,0.010311,0.000000,0.000000
1527322911150613504.000000,0.013423,0.000000,0.000702
1527322911249974016.000000,0.016295,0.000000,0.000694
1527322911350226176.000000,0.019248,0.000000,0.000000
1527322911450175488.000000,0.020390,0.000000,0.000349
1527322911550263296.000000,0.019517,0.000000,0.000000
1527322911650308352.000000,0.020059,0.000000,-0.000698
1527322911750257920.000000,0.019940,0.000000,0.000000
1527322911850420736.000000,0.019732,0.000000,0.000350
1527322911950278400.000000,0.019972,0.000000,0.000000
1527322912050308864.000000,0.019856,0.000000,-0.000698
1527322912150357504.000000,0.019960,0.000000,0.000349
1527322912250527232.000000,0.019633,0.000000,0.000000
1527322912350478592.000000,0.020190,0.000000,0.000000
1527322912450526208.000000,0.019909,0.000000,0.000000
1527322912550541056.000000,0.019903,0.000000,0.000000
1527322912650720000.000000,0.019936,0.000000,0.000350
1527322912750798592.000000,0.020016,0.000000,-0.000699
1527322912850668544.000000,0.019974,0.000000,0.000349
1527322912950637312.000000,0.019694,0.000000,0.000000
1527322913050723584.000000,0.019817,0.000000,0.000000
1527322913150813952.000000,0.020118,0.000000,0.000000
1527322913250829312.000000,0.019853,0.000000,0.000000
1527322913350899712.000000,0.019614,0.000000,0.000000
1527322913450895360.000000,0.020099,0.000000,-0.000349
1527322913550949376.000000,0.019861,0.000000,0.000000
1527322913651055360.000000,0.019871,0.000000,0.000000
1527322913751080448.000000,0.020005,0.000000,0.000000
1527322913851041536.000000,0.019842,0.000000,-0.000349
1527322913951261440.000000,0.020144,0.000000,0.000000
1527322914051137792.000000,0.019875,0.000000,0.000000
1527322914151262464.000000,0.019825,0.000000,0.000000
1527322914251274496.000000,0.020002,0.000000,0.000000
1527322914351349504.000000,0.019865,0.000000,0.000000
1527322914451194368.000000,0.019919,0.000000,0.000000
1527322914551370496.000000,0.019735,0.000000,-0.000699
1527322914651383040.000000,0.020153,0.000000,0.000349
1527322914751507712.000000,0.019725,0.000000,0.000000
1527322914851424000.000000,0.019684,0.000000,0.000000
1527322914951472128.000000,0.020260,0.000000,0.000000
1527322915051486720.000000,0.019703,0.000000,0.000000
1527322915151613696.000000,0.019925,0.000000,0.000350
1527322915251534848.000000,0.020084,0.000000,-0.000349
1527322915351642368.000000,0.019871,0.000000,0.000000
1527322915451628032.000000,0.019847,0.000000,0.000349
1527322915551714816.000000,0.019967,0.000000,0.000000
1527322915651670528.000000,0.019941,0.000000,0.000000
1527322915751675648.000000,0.019801,0.000000,-0.000349
1527322915851676416.000000,0.019700,0.000000,0.000698
1527322915951708928.000000,0.019956,0.000000,-0.000349
1527322916051771136.000000,0.019912,0.000000,0.000000
1527322916151908864.000000,0.019827,0.000000,0.000350
1527322916251828992.000000,0.019734,0.000000,0.000000
1527322916351953408.000000,0.020025,0.000000,-0.000349
1527322916451935744.000000,0.020146,0.000000,0.000000
1527322916551975680.000000,0.019558,0.000000,0.000000
1527322916651966464.000000,0.020048,0.000000,0.000000
1527322916752039424.000000,0.020115,0.000000,0.000000
1527322916852110848.000000,0.019714,0.000000,0.000000
1527322916952184832.000000,0.019865,0.000000,0.000000
1527322917052139776.000000,0.020091,0.000000,-0.000349
1527322917152322048.000000,0.019836,0.000000,0.000000
1527322917252231424.000000,0.019832,0.000000,0.000349
1527322917352446464.000000,0.019792,0.000000,0.000000
1527322917452456192.000000,0.020052,0.000000,0.000000
1527322917552405760.000000,0.019840,0.000000,0.000000
1527322917652428544.000000,0.020005,0.000000,0.000000
1527322917752478208.000000,0.019960,0.000000,0.000000
1527322917852581376.000000,0.019870,0.000000,0.000000
1527322917952509952.000000,0.020136,0.000000,0.000349
1527322918052501248.000000,0.019648,0.000000,0.000000
1527322918152619520.000000,0.019974,0.000000,-0.000349
1527322918252577280.000000,0.020042,0.000000,0.000349
1527322918352676608.000000,0.019669,0.000000,0.000000
1527322918452698368.000000,0.020104,0.000000,0.000000
1527322918552757760.000000,0.019962,0.000000,-0.000349
1527322918652715264.000000,0.019742,0.000000,0.000698
1527322918753065216.000000,0.019970,0.000000,-0.000350
1527322918852937216.000000,0.019974,0.000000,0.000000
1527322918953057280.000000,0.019924,0.000000,0.000000
1527322919052973312.000000,0.019683,0.000000,0.000000
1527322919152947712.000000,0.020045,0.000000,0.000000
1527322919252937216.000000,0.019898,0.000000,-0.000349
1527322919353190144.000000,0.019800,0.000000,0.000350
1527322919453094912.000000,0.020081,0.000000,0.000000
1527322919553091328.000000,0.019899,0.000000,0.000000
1527322919653212928.000000,0.020024,0.000000,0.000000
1527322919753152512.000000,0.019788,0.000000,0.000000
1527322919853189632.000000,0.019857,0.000000,0.000000
1527322919953311488.000000,0.020225,0.000000,-0.000349
1527322920053206784.000000,0.019929,0.000000,0.000349
1527322920153296128.000000,0.019567,0.000000,0.000000
1527322920253272832.000000,0.020145,0.000000,0.000000
1527322920353497344.000000,0.020095,0.000000,0.000000
1527322920453450240.000000,0.019741,0.000000,0.000000
1527322920553339392.000000,0.019728,0.000000,0.000000
1527322920653552128.000000,0.020043,0.000000,0.000000
1527322920753638144.000000,0.018966,0.000000,0.000000
1527322920853528320.000000,0.015733,0.000000,0.000000
1527322920953773824.000000,0.012631,0.000000,0.000000
1527322921053663232.000000,0.009689,0.000000,0.000000
1527322921153788160.000000,0.006758,0.000000,0.000000
1527322921253700864.000000,0.003497,0.000000,0.000000
1527322921353704448.000000,0.000600,0.000000,0.001047
1527322921453696768.000000,0.000000,0.000000,0.000000
1527322921553831424.000000,0.000000,0.000000,0.000000
1527322921653730560.000000,0.000000,0.000000,0.000000
1527322921753886720.000000,0.000300,0.000000,0.002098
1527322921853796864.000000,0.000050,0.000000,0.016391
1527322921953957120.000000,-0.000351,0.000000,0.040557
1527322922053911808.000000,-0.000100,0.000000,0.060710
1527322922154057728.000000,0.000050,0.000000,0.073411
1527322922254179328.000000,-0.000100,0.000000,0.092615
1527322922354146304.000000,-0.000250,0.000000,0.103987
1527322922454008320.000000,-0.000649,0.000000,0.099347
1527322922554072320.000000,-0.000350,0.000000,0.100246
1527322922654205440.000000,0.000050,0.000000,0.099267
1527322922754294272.000000,0.000250,0.000000,0.098175
1527322922854304256.000000,-0.000050,0.000000,0.099145
1527322922954224640.000000,0.000100,0.000000,0.098358
1527322923054271744.000000,-0.000150,0.000000,0.098832
1527322923154533376.000000,-0.000100,0.000000,0.099044
1527322923254585088.000000,0.000050,0.000000,0.099186
1527322923354502656.000000,-0.000050,0.000000,0.099053
1527322923454330880.000000,-0.000150,0.000000,0.099313
1527322923554514176.000000,0.000000,0.000000,0.100016
1527322923654509312.000000,0.000000,0.000000,0.099828
1527322923754549248.000000,-0.000150,0.000000,0.098825
1527322923854602752.000000,-0.000250,0.000000,0.100585
1527322923954663680.000000,0.000000,0.000000,0.100941
1527322924054834432.000000,-0.000301,0.000000,0.099654
1527322924154709760.000000,0.000050,0.000000,0.097965
1527322924254748160.000000,0.000200,0.000000,0.098474
1527322924354753792.000000,0.000200,0.000000,0.098442
1527322924454836736.000000,0.000050,0.000000,0.099217
1527322924554854912.000000,0.000000,0.000000,0.099153
1527322924654970112.000000,-0.000100,0.000000,0.099249
1527322924754995968.000000,-0.000300,0.000000,0.100906
1527322924854876160.000000,-0.000050,0.000000,0.095878
1527322924954960896.000000,0.000050,0.000000,0.077908
1527322925055027968.000000,0.000000,0.000000,0.058333
1527322925155127552.000000,0.000050,0.000000,0.040183
1527322925255096320.000000,-0.000100,0.000000,0.024427
1527322925355149056.000000,0.000000,0.000000,0.007684
1527322925455266560.000000,0.000000,0.000000,-0.000349
1527322925555348224.000000,-0.000050,0.000000,0.000000
1527322925655274752.000000,0.000000,0.000000,0.000000
1527322925755400192.000000,0.000000,0.000000,0.000000
1527322925855402240.000000,0.001100,0.000000,-0.000349
1527322925955371008.000000,0.003899,0.000000,0.000349
1527322926055495168.000000,0.007459,0.000000,-0.000699
1527322926155522304.000000,0.010053,0.000000,0.000349
1527322926255572224.000000,0.013006,0.000000,0.000000
1527322926355611648.000000,0.016506,0.000000,0.000698
1527322926455544320.000000,0.019137,0.000000,0.000000
1527322926555662592.000000,0.020074,0.000000,0.000000
1527322926655632896.000000,0.019994,0.000000,0.000000
1527322926755798528.000000,0.019733,0.000000,-0.001049
1527322926855767040.000000,0.020044,0.000000,0.000000
1527322926955821056.000000,0.019861,0.000000,0.000699
1527322927055756032.000000,0.019987,0.000000,-0.000349
1527322927155854336.000000,0.019869,0.000000,0.000349
1527322927255795968.000000,0.019838,0.000000,0.000000
1527322927355878656.000000,0.020067,0.000000,0.000000
1527322927455852288.000000,0.019845,0.000000,0.000000
1527322927555934976.000000,0.019816,0.000000,0.000000
1527322927655923200.000000,0.020048,0.000000,0.000000
1527322927755963392.000000,0.020008,0.000000,-0.000349
1527322927856062464.000000,0.019720,0.000000,0.000699
1527322927956189440.000000,0.019925,0.000000,-0.000350
1527322928056161280.000000,0.019994,0.000000,0.000000
1527322928156257536.000000,0.019919,0.000000,0.000000
1527322928256154368.000000,0.019829,0.000000,0.000000
1527322928356301312.000000,0.019929,0.000000,0.000000
1527322928456360448.000000,0.020012,0.000000,0.000000
1527322928556343552.000000,0.019997,0.000000,0.000349
1527322928656321536.000000,0.019846,0.000000,0.000000
1527322928756456448.000000,0.019877,0.000000,0.000000
1527322928856399360.000000,0.020089,0.000000,0.000000
1527322928956573184.000000,0.019885,0.000000,0.000350
1527322929056454400.000000,0.019727,0.000000,0.000000
1527322929156505088.000000,0.020010,0.000000,-0.000349
1527322929256581888.000000,0.020065,0.000000,0.000349
1527322929356690432.000000,0.019822,0.000000,0.000000
1527322929456672000.000000,0.019996,0.000000,0.000000
1527322929556916736.000000,0.020049,0.000000,0.000000
1527322929656689152.000000,0.019905,0.000000,0.000000
1527322929756796672.000000,0.019971,0.000000,0.000000
1527322929856754176.000000,0.019742,0.000000,0.000000
1527322929956722688.000000,0.020044,0.000000,0.000000
1527322930056920064.000000,0.019939,0.000000,0.000000
1527322930156930304.000000,0.019952,0.000000,0.000000
1527322930257017856.000000,0.019767,0.000000,-0.000349
1527322930357097728.000000,0.020016,0.000000,0.000000
1527322930457043712.000000,0.019739,0.000000,0.000000
1527322930557199360.000000,0.019931,0.000000,-0.000350
1527322930657182720.000000,0.020047,0.000000,0.000000
1527322930757430784.000000,0.019899,0.000000,0.000000
1527322930857192704.000000,0.018855,0.000000,0.000000
1527322930957391360.000000,0.015481,0.000000,0.000000
1527322931057321216.000000,0.013041,0.000000,0.000000
1527322931157428224.000000,0.008910,0.000000,0.000000
1527322931257394688.000000,0.006798,0.000000,0.000349
1527322931357520640.000000,0.003705,0.000000,-0.000350
1527322931457448960.000000,0.001199,0.000000,0.000000
1527322931557403392.000000,0.000050,0.000000,0.000000
1527322931657435904.000000,-0.000050,0.000000,0.000000
1527322931757563392.000000,-0.000050,0.000000,0.000000
1527322931857533952.000000,-0.000100,0.000000,0.003141
1527322931957652480.000000,0.000000,0.000000,0.016426
1527322932057579008.000000,-0.000300,0.000000,0.041508
1527322932157607680.000000,-0.000050,0.000000,0.061104
1527322932257672960.000000,0.000150,0.000000,0.072653
1527322932357643264.000000,0.000000,0.000000,0.092126
1527322932457869312.000000,-0.000351,0.000000,0.104957
1527322932557824000.000000,-0.000750,0.000000,0.100834
1527322932657761280.000000,-0.000200,0.000000,0.097677
1527322932757733888.000000,0.000600,0.000000,0.096665
1527322932857893376.000000,0.000150,0.000000,0.099293
1527322932957888512.000000,0.000100,0.000000,0.098781
1527322933057906944.000000,0.000100,0.000000,0.099502
1527322933157942528.000000,-0.000350,0.000000,0.101614
1527322933258044928.000000,-0.000350,0.000000,0.100634
1527322933358037248.000000,0.000000,0.000000,0.094939
1527322933460175616.000000,0.000000,0.000000,0.079506
1527322933558151168.000000,-0.000147,0.000000,0.055746
1527322933658183424.000000,0.000050,0.000000,0.041203
1527322933758269184.000000,0.000100,0.000000,0.025154
1527322933858310656.000000,0.000000,0.000000,0.006635
1527322933958419456.000000,-0.000100,0.000000,-0.000349
1527322934058357760.000000,0.000000,0.000000,0.000000
1527322934158427136.000000,0.000000,0.000000,0.000000
1527322934258379520.000000,0.000000,0.000000,0.000000
1527322934358559488.000000,0.000000,0.000000,0.000000
1527322934458651392.000000,0.000000,0.000000,0.000000
1527322934558451456.000000,0.000000,0.000000,0.000000
1527322934658506240.000000,0.000000,0.000000,0.000000
1527322934758698240.000000,0.000000,0.000000,0.000000
1527322934858764288.000000,0.000000,0.000000,0.000000
1527322934958864384.000000,0.000000,0.000000,0.000000
1527322935058754048.000000,0.000000,0.000000,0.000000
1527322935158817280.000000,0.000000,0.000000,0.000000
1527322935258674432.000000,0.000000,0.000000,0.000000
1527322935358936320.000000,0.000000,0.000000,0.000000
1527322935458852352.000000,0.000000,0.000000,0.000000
1527322935558994944.000000,0.000000,0.000000,0.000000
1527322935658913280.000000,0.000000,0.000000,0.000000
1527322935758917888.000000,0.000000,0.000000,0.000000
1527322935859108608.000000,0.000000,0.000000,0.000000
1527322935959251712.000000,0.000000,0.000000,0.000000
1527322936059087872.000000,0.000000,0.000000,0.000000
1527322936159094528.000000,0.000000,0.000000,0.000000
1527322936259254528.000000,0.000000,0.000000,0.000000
1527322936359245056.000000,0.000000,0.000000,0.000000
1527322936459351040.000000,0.000000,0.000000,0.000000
1527322936559245312.000000,0.000000,0.000000,0.000000
1527322936659445248.000000,0.000000,0.000000,0.000000
1527322936759404800.000000,0.000000,0.000000,0.000000
1527322936859332608.000000,0.000000,0.000000,0.000000
1527322936959301632.000000,0.000000,0.000000,0.000000
1527322937059366400.000000,0.000000,0.000000,0.000000
1527322937159508480.000000,0.000000,0.000000,0.000000
1527322937259486720.000000,0.000000,0.000000,0.000000
1527322937359528704.000000,0.000000,0.000000,0.000000
1527322937459579904.000000,0.000000,0.000000,0.000000
1527322937559587072.000000,0.000000,0.000000,0.000000
1527322937659648000.000000,0.000000,0.000000,0.000000
1527322937759812608.000000,0.000000,0.000000,0.000000
1527322937859835904.000000,0.000000,0.000000,0.000000
1527322937959667200.000000,0.000000,0.000000,0.000000
1527322938059801600.000000,0.000000,0.000000,0.000000
1527322938159921152.000000,0.000000,0.000000,0.000000
1527322938259869440.000000,0.000000,0.000000,0.000000
1527322938360009728.000000,0.000000,0.000000,0.000000
1527322938459930112.000000,0.000000,0.000000,0.000000
1527322938559933696.000000,0.000000,0.000000,0.000000
1527322938659986944.000000,0.000000,0.000000,0.000000
1527322938760014848.000000,0.000000,0.000000,0.000000
1527322938860070912.000000,0.000000,0.000000,0.000000
1527322938960172544.000000,0.000000,0.000000,0.000000
1527322939060019200.000000,0.000000,0.000000,0.000000
1527322939160323840.000000,0.000000,0.000000,0.000000
1527322939260171264.000000,0.000000,0.000000,0.000000
1527322939360248320.000000,0.000000,0.000000,0.000000
1527322939460273408.000000,0.000000,0.000000,0.000000
1527322939560380928.000000,0.000000,0.000000,0.000000
1527322939660328448.000000,0.000000,0.000000,0.000000
1527322939760542720.000000,0.000000,0.000000,0.000000
1527322939860404992.000000,0.000000,0.000000,0.000000
1527322939960531712.000000,0.000000,0.000000,0.000000
1527322940060453632.000000,0.000000,0.000000,0.000000
1527322940160605184.000000,0.000000,0.000000,0.000000
1527322940260479744.000000,0.000000,0.000000,0.000000
1527322940360688640.000000,0.000000,0.000000,0.000000
1527322940460729600.000000,0.000000,0.000000,0.000000
1527322940560806400.000000,0.000000,0.000000,0.000000
1527322940660808704.000000,0.000000,0.000000,0.000000
1527322940760967936.000000,0.000000,0.000000,0.000000
1527322940860954880.000000,0.000000,0.000000,0.000000
1527322940960980480.000000,0.000000,0.000000,0.000000
1527322941060775680.000000,0.000000,0.000000,0.000000
1527322941161007360.000000,0.000000,0.000000,0.000000
1527322941261013504.000000,0.000000,0.000000,0.000000
1527322941361021696.000000,0.000000,0.000000,0.000000
1527322941461052672.000000,0.000000,0.000000,0.000000
1527322941561291008.000000,0.000000,0.000000,0.000000
1527322941661123584.000000,0.000000,0.000000,0.000000
1527322941761037824.000000,0.000000,0.000000,0.000000
1527322941861178624.000000,0.000000,0.000000,0.000000
1527322941961233920.000000,0.000000,0.000000,0.000000
1527322942061279232.000000,0.000000,0.000000,0.000000
1527322942161338112.000000,0.000000,0.000000,0.000000
1527322942261451008.000000,0.000000,0.000000,0.000000
1527322942361297920.000000,0.000000,0.000000,0.000000
1527322942461484800.000000,0.000000,0.000000,0.000000
1527322942561546496.000000,0.000000,0.000000,0.000000
1527322942661427200.000000,0.000000,0.000000,0.000000
1527322942761684224.000000,0.000000,0.000000,0.000000
1527322942861516544.000000,0.000000,0.000000,0.000000
1527322942961641728.000000,0.000000,0.000000,0.000000
1527322943061707520.000000,0.000000,0.000000,0.000000
1527322943161696768.000000,0.000000,0.000000,0.000000
1527322943261660672.000000,0.000000,0.000000,0.000000
1527322943361889536.000000,0.000000,0.000000,0.000000
1527322943461877248.000000,0.000000,0.000000,0.000000
1527322943561875712.000000,0.000000,0.000000,0.000000
1527322943661911040.000000,0.000000,0.000000,0.000000
1527322943761910272.000000,0.000000,0.000000,0.000000
1527322943861831424.000000,0.000000,0.000000,0.000000
1527322943962035712.000000,0.000000,0.000000,0.000000
1527322944061858560.000000,0.000000,0.000000,0.000000
1527322944162022400.000000,0.000000,0.000000,0.000000
1527322944261987072.000000,0.000000,0.000000,0.000000
1527322944361944064.000000,0.000000,0.000000,0.000000
1527322944462029568.000000,0.000000,0.000000,0.000000
1527322944562040064.000000,0.000000,0.000000,0.000000
1527322944662130944.000000,0.000000,0.000000,0.000000
1527322944762274816.000000,0.000000,0.000000,0.000000
1527322944862169344.000000,0.000000,0.000000,0.000000
1527322944962324224.000000,0.000000,0.000000,0.000000
1527322945062266368.000000,0.000000,0.000000,0.000000
1527322945162382336.000000,0.000000,0.000000,0.000000
1527322945262426880.000000,0.000000,0.000000,0.000000
1527322945362423040.000000,0.001000,0.000000,-0.003840
1527322945462540544.000000,0.004355,0.000000,-0.023764
1527322945562458624.000000,0.007194,0.000000,-0.038017
1527322945662498816.000000,0.010454,0.000000,-0.055175
1527322945762473472.000000,0.012897,0.000000,-0.054091
1527322945862508032.000000,0.015905,0.000000,-0.053076
1527322945962735360.000000,0.018893,0.000000,-0.053878
1527322946062631680.000000,0.022377,0.000000,-0.057536
1527322946162747392.000000,0.025529,0.000000,-0.072690
1527322946262658304.000000,0.027475,0.000000,-0.071495
1527322946362829568.000000,0.028699,0.000000,-0.062240
1527322946462857984.000000,0.029658,0.000000,-0.056565
1527322946562805248.000000,0.029884,0.000000,-0.053379
1527322946662806784.000000,0.029350,0.000000,-0.050266
1527322946762884352.000000,0.029073,0.000000,-0.033886
1527322946862979328.000000,0.029778,0.000000,-0.026554
1527322946963057920.000000,0.029173,0.000000,-0.025851
1527322947063109632.000000,0.028215,0.000000,-0.008382
1527322947163021056.000000,0.027775,0.000000,0.009765
1527322947263067392.000000,0.027463,0.000000,0.028986
1527322947363241216.000000,0.028449,0.000000,0.044758
1527322947463146752.000000,0.028573,0.000000,0.064865
1527322947563316224.000000,0.029149,0.000000,0.072729
1527322947663279616.000000,0.029189,0.000000,0.069788
1527322947763246080.000000,0.028540,0.000000,0.062811
1527322947863354624.000000,0.028381,0.000000,0.065696
1527322947963377408.000000,0.028206,0.000000,0.067036
1527322948063425024.000000,0.029814,0.000000,0.074736
1527322948163489024.000000,0.029969,0.000000,0.072303
1527322948263447552.000000,0.029188,0.000000,0.066644
1527322948363514112.000000,0.028169,0.000000,0.049950
1527322948463642368.000000,0.030189,0.000000,0.041592
1527322948563628544.000000,0.028646,0.000000,0.052353
1527322948663702528.000000,0.029722,0.000000,0.068118
1527322948763603712.000000,0.029321,0.000000,0.078462
1527322948863658240.000000,0.029916,0.000000,0.067756
1527322948963702016.000000,0.029663,0.000000,0.048891
1527322949063750400.000000,0.028614,0.000000,0.045750
1527322949163851776.000000,0.027628,0.000000,0.041581
1527322949263918336.000000,0.029720,0.000000,0.023752
1527322949363834112.000000,0.030424,0.000000,0.008719
1527322949463897600.000000,0.029869,0.000000,-0.007335
1527322949563993088.000000,0.029028,0.000000,-0.014675
1527322949663886336.000000,0.029169,0.000000,-0.019876
1527322949763891968.000000,0.029952,0.000000,-0.030370
1527322949864011264.000000,0.030286,0.000000,-0.033550
1527322949964119040.000000,0.029732,0.000000,-0.038089
1527322950063955968.000000,0.029851,0.000000,-0.036941
1527322950164098560.000000,0.029242,0.000000,-0.025169
1527322950264070656.000000,0.028992,0.000000,-0.018844
1527322950364236544.000000,0.028798,0.000000,-0.018531
1527322950464891392.000000,0.029995,0.000000,-0.021432
1527322950564246784.000000,0.028465,0.000000,-0.021156
1527322950664287232.000000,0.027861,0.000000,-0.021651
1527322950764321536.000000,0.029160,0.000000,-0.019205
1527322950864516096.000000,0.030108,0.000000,-0.020285
1527322950964452352.000000,0.028632,0.000000,-0.021628
1527322951064359168.000000,0.027924,0.000000,-0.017088
1527322951164632832.000000,0.029581,0.000000,-0.010851
1527322951264527616.000000,0.029719,0.000000,-0.011158
1527322951364557568.000000,0.028809,0.000000,-0.012919
1527322951464631296.000000,0.029121,0.000000,-0.011877
1527322951564702208.000000,0.029521,0.000000,-0.011877
1527322951664716288.000000,0.028504,0.000000,-0.012568
1527322951764704000.000000,0.027747,0.000000,-0.007329
1527322951864808960.000000,0.029681,0.000000,0.000349
1527322951964786944.000000,0.030443,0.000000,0.001745
1527322952064761088.000000,0.029043,0.000000,-0.000698
1527322952164872704.000000,0.028832,0.000000,-0.000349
1527322952264822528.000000,0.029535,0.000000,0.000000
1527322952364929536.000000,0.029532,0.000000,0.000699
1527322952465000960.000000,0.028771,0.000000,0.000000
1527322952565011456.000000,0.028253,0.000000,-0.000349
1527322952665064448.000000,0.029366,0.000000,0.000000
1527322952765156864.000000,0.030328,0.000000,0.000000
1527322952865089536.000000,0.030080,0.000000,0.000000
1527322952965170176.000000,0.028923,0.000000,0.000349
1527322953065191936.000000,0.029206,0.000000,0.000000
1527322953165281280.000000,0.030127,0.000000,-0.000349
1527322953265278208.000000,0.030149,0.000000,0.000000
1527322953365321984.000000,0.028412,0.000000,0.000000
1527322953465360384.000000,0.029161,0.000000,0.000000
1527322953565522176.000000,0.029648,0.000000,0.000000
1527322953665488640.000000,0.028540,0.000000,0.000000
1527322953765414912.000000,0.028879,0.000000,0.000349
1527322953865434880.000000,0.029806,0.000000,-0.000349
1527322953965530624.000000,0.029528,0.000000,0.000000
1527322954065617920.000000,0.028625,0.000000,0.000000
1527322954165575168.000000,0.028588,0.000000,0.000000
1527322954265719040.000000,0.029142,0.000000,0.000000
1527322954365671680.000000,0.029336,0.000000,-0.000349
1527322954465669888.000000,0.029449,0.000000,-0.002792
1527322954565830400.000000,0.029047,0.000000,-0.019579
1527322954665698560.000000,0.028862,0.000000,-0.023705
1527322954765832704.000000,0.028688,0.000000,-0.018176
1527322954865771776.000000,0.029982,0.000000,-0.009768
1527322954965833472.000000,0.030319,0.000000,-0.009780
1527322955065937152.000000,0.028780,0.000000,-0.016773
1527322955165959936.000000,0.028206,0.000000,-0.020600
1527322955265908736.000000,0.028236,0.000000,-0.023375
1527322955366010368.000000,0.029180,0.000000,-0.018519
1527322955465959936.000000,0.029635,0.000000,-0.005931
1527322955566071808.000000,0.028432,0.000000,-0.009086
1527322955666064384.000000,0.027798,0.000000,-0.011518
1527322955766169344.000000,0.028280,0.000000,-0.016773
1527322955866191872.000000,0.027656,0.000000,-0.034914
1527322955966249472.000000,0.025915,0.000000,-0.049247
1527322956066309632.000000,0.024165,0.000000,-0.047502
1527322956166309888.000000,0.022200,0.000000,-0.048171
1527322956266372864.000000,0.021664,0.000000,-0.043661
1527322956366375680.000000,0.020351,0.000000,-0.035606
1527322956466524160.000000,0.018327,0.000000,-0.035658
1527322956566530048.000000,0.015951,0.000000,-0.026531
1527322956666437376.000000,0.015436,0.000000,-0.020227
1527322956766591232.000000,0.013671,0.000000,-0.013285
1527322956866611712.000000,0.012903,0.000000,-0.016759
1527322956966577408.000000,0.011796,0.000000,-0.014656
1527322957066724096.000000,0.011317,0.000000,-0.009089
1527322957166669568.000000,0.011094,0.000000,-0.002791
1527322957266667520.000000,0.009750,0.000000,-0.005585
1527322957366857472.000000,0.008416,0.000000,-0.003847
1527322957466827008.000000,0.008497,0.000000,-0.004885
1527322957566838016.000000,0.007951,0.000000,-0.017106
1527322957666903808.000000,0.007155,0.000000,-0.021656
1527322957766950912.000000,0.006853,0.000000,-0.016065
1527322957866960384.000000,0.005801,0.000000,-0.010124
1527322957966964992.000000,0.005700,0.000000,-0.012916
1527322958067009792.000000,0.005552,0.000000,-0.003143
1527322958167047936.000000,0.005002,0.000000,0.011174
1527322958267065600.000000,0.003751,0.000000,0.014663
1527322958367092480.000000,0.002801,0.000000,0.008380
1527322958467234560.000000,0.000401,0.000000,0.000350
1527322958567355392.000000,-0.000150,0.000000,-0.001398
1527322958667308032.000000,0.000250,0.000000,0.002442
1527322958767322880.000000,0.000250,0.000000,0.018154
1527322958867347968.000000,0.000150,0.000000,0.038756
1527322958967372800.000000,0.000100,0.000000,0.045739
1527322959067392256.000000,-0.000500,0.000000,0.043293
1527322959167489280.000000,0.000651,0.000000,0.054158
1527322959267484672.000000,0.000050,0.000000,0.063876
1527322959367528192.000000,-0.000300,0.000000,0.053780
1527322959467542272.000000,-0.000300,0.000000,0.047829
1527322959567592960.000000,0.000200,0.000000,0.034575
1527322959667731968.000000,0.000350,0.000000,0.038101
1527322959767657472.000000,0.000200,0.000000,0.040462
1527322959867752960.000000,-0.000150,0.000000,0.042627
1527322959967718912.000000,0.000050,0.000000,0.039082
1527322960067880960.000000,0.000000,0.000000,0.039858
1527322960167865600.000000,0.000100,0.000000,0.038391
1527322960267805952.000000,0.000000,0.000000,0.041863
1527322960367790848.000000,-0.000200,0.000000,0.040486
1527322960467849472.000000,0.000050,0.000000,0.034927
1527322960567925248.000000,-0.000500,0.000000,0.020960
1527322960667926016.000000,-0.000200,0.000000,0.002443
1527322960767959808.000000,-0.000050,0.000000,-0.000349
1527322960868138240.000000,-0.000050,0.000000,0.000000
1527322960968103936.000000,0.000000,0.000000,0.000000
1527322961068162560.000000,0.000000,0.000000,0.000000
1527322961168099840.000000,0.000000,0.000000,0.000000
1527322961268242688.000000,0.000000,0.000000,0.000000
1527322961368272384.000000,0.000000,0.000000,0.000000
1527322961468215296.000000,0.000000,0.000000,0.000000
1527322961568227072.000000,0.000000,0.000000,0.000000
1527322961668395520.000000,0.000000,0.000000,0.000000
1527322961768480256.000000,0.000000,0.000000,0.000000
1527322961868428288.000000,0.000000,0.000000,0.000000
1527322961968519936.000000,0.000000,0.000000,0.000000
1527322962068590848.000000,0.000000,0.000000,0.000000
1527322962168480768.000000,0.000000,0.000000,0.000000
1527322962268661504.000000,0.000000,0.000000,0.000000
1527322962368532224.000000,0.000000,0.000000,0.000000
1527322962468775936.000000,0.000000,0.000000,0.000000
1527322962568713728.000000,0.000000,0.000000,0.000000
1527322962668944896.000000,0.000000,0.000000,0.000000
1527322962768708608.000000,0.000000,0.000000,0.000000
1527322962868766464.000000,0.000000,0.000000,0.000000
1527322962968893184.000000,0.000000,0.000000,0.000000
1527322963068762112.000000,0.000000,0.000000,0.000000
1527322963169031680.000000,0.000000,0.000000,0.000000
1527322963269055488.000000,0.000000,0.000000,0.000000
1527322963369121280.000000,0.000000,0.000000,0.000000
1527322963469155584.000000,0.000000,0.000000,0.000000
1527322963569090048.000000,0.000000,0.000000,0.000000
1527322963669140736.000000,0.000000,0.000000,0.000000
1527322963769150720.000000,-0.000050,0.000000,0.000000
1527322963869160704.000000,0.000000,0.000000,0.000000
1527322963969102336.000000,0.000000,0.000000,0.000000
1527322964069147904.000000,0.000000,0.000000,0.000000
1527322964169241600.000000,0.000000,0.000000,0.000000
1527322964269204480.000000,0.000000,0.000000,0.000000
1527322964369408256.000000,0.000000,0.000000,0.000000
1527322964469346304.000000,0.000000,0.000000,0.000000
1527322964569409536.000000,0.000000,0.000000,0.000000
1527322964669450496.000000,0.000000,0.000000,0.000000
1527322964769554432.000000,0.000000,0.000000,0.000000
1527322964869562112.000000,0.000000,0.000000,0.000000
1527322964972586752.000000,0.000000,0.000000,0.000000
1527322965069627904.000000,0.000000,0.000000,0.000000
1527322965169721344.000000,0.000000,0.000000,0.000000
1527322965269680128.000000,0.000000,0.000000,0.000000
1527322965369841664.000000,0.000000,0.000000,0.000000
1527322965469908992.000000,0.000000,0.000000,0.000000
1527322965569873664.000000,0.000000,0.000000,0.000000
1527322965670037248.000000,0.000000,0.000000,0.000000
1527322965769899264.000000,0.000000,0.000000,0.000000
1527322965869927680.000000,0.000000,0.000000,0.000000
1527322965969878784.000000,0.000000,0.000000,0.000000
1527322966070057472.000000,0.000000,0.000000,0.000000
1527322966169989888.000000,0.000000,0.000000,0.000000
1527322966269961216.000000,0.000000,0.000000,0.000000
1527322966370047488.000000,0.000000,0.000000,0.000000
1527322966470127872.000000,0.000000,0.000000,0.000000
1527322966570086400.000000,0.000000,0.000000,0.000000
1527322966670136064.000000,0.000000,0.000000,0.000000
1527322966770120192.000000,0.000000,0.000000,0.000000
1527322966870224896.000000,0.000000,0.000000,0.000000
1527322966970347520.000000,0.000000,0.000000,0.000000
1527322967070400768.000000,0.000000,0.000000,0.000000
1527322967170478848.000000,0.000000,0.000000,0.000000
1527322967270446592.000000,0.000000,0.000000,0.000000
1527322967370530048.000000,0.000000,0.000000,0.000000
1527322967470567168.000000,0.000000,0.000000,0.000000
1527322967570449920.000000,0.000000,0.000000,0.000000
1527322967670581760.000000,0.000000,0.000000,0.000000
1527322967770694656.000000,0.000000,0.000000,0.000000
1527322967870644736.000000,0.000000,0.000000,0.000000
1527322967970754816.000000,0.000000,0.000000,0.000000
1527322968070807552.000000,0.000000,0.000000,0.000000
1527322968170798848.000000,0.000000,0.000000,0.000000
1527322968270875904.000000,0.000000,0.000000,0.000000
1527322968371010048.000000,0.000000,0.000000,0.000000
1527322968470967040.000000,0.000000,0.000000,0.000000
1527322968570979584.000000,0.000000,0.000000,0.000000
1527322968671118848.000000,0.000000,0.000000,0.000000
1527322968771004416.000000,0.000000,0.000000,0.000000
1527322968871203072.000000,0.000000,0.000000,0.000000
1527322968971215872.000000,0.000000,0.000000,0.000000
1527322969071163136.000000,0.000000,0.000000,0.000000
1527322969171210496.000000,0.000000,0.000000,0.000000
1527322969271319296.000000,0.000000,0.000000,0.000000
1527322969371288320.000000,0.000000,0.000000,0.000000
1527322969471338752.000000,0.000000,0.000000,0.000000
1527322969571435776.000000,0.000000,0.000000,0.000000
1527322969671363840.000000,0.000000,0.000000,0.000000
1527322969771484160.000000,0.000000,0.000000,0.000000
1527322969871589888.000000,0.000000,0.000000,0.000000
1527322969971356928.000000,0.000000,0.000000,0.000000
1527322970071666432.000000,0.000000,0.000000,0.000000
1527322970171577600.000000,0.000000,0.000000,0.000000
1527322970271553792.000000,0.000000,0.000000,0.000000
1527322970371689728.000000,0.000000,0.000000,0.000000
1527322970471827200.000000,0.000000,0.000000,0.000000
1527322970571898624.000000,0.000000,0.000000,0.000000
1527322970671695872.000000,0.000000,0.000000,0.000000
1527322970771880448.000000,0.000000,0.000000,0.000000
1527322970871913472.000000,0.000000,0.000000,0.000000
1527322970971848448.000000,0.000000,0.000000,0.000000
1527322971071874816.000000,0.000000,0.000000,0.000000
1527322971171895040.000000,0.000000,0.000000,0.000000
1527322971271949312.000000,0.000000,0.000000,0.000000
1527322971371936256.000000,0.000000,0.000000,0.000000
1527322971471987968.000000,0.000000,0.000000,0.000000
1527322971571990784.000000,0.000000,0.000000,0.000000
1527322971672100864.000000,0.000000,0.000000,0.000000
1527322971772057344.000000,0.000000,0.000000,0.000000
1527322971872082176.000000,0.000000,0.000000,0.000000
1527322971972120832.000000,0.000000,0.000000,0.000000
1527322972072182784.000000,0.000000,0.000000,0.000000
1527322972172245504.000000,0.000000,0.000000,0.000000
1527322972272122880.000000,0.000000,0.000000,0.000000
1527322972372198144.000000,0.000000,0.000000,0.000000
1527322972472316160.000000,0.000000,0.000000,0.000000
1527322972572479488.000000,0.000000,0.000000,0.000000
1527322972672525568.000000,0.000000,0.000000,0.000000
1527322972772522496.000000,0.000000,0.000000,0.000000
1527322972872463104.000000,0.000000,0.000000,0.000000
1527322972972490240.000000,0.000000,0.000000,0.000000
1527322973072605440.000000,0.000000,0.000000,0.000000
1527322973172664832.000000,0.000000,0.000000,0.000000
1527322973272646144.000000,0.000000,0.000000,0.000000
1527322973372736000.000000,0.000000,0.000000,0.000000
1527322973472923392.000000,0.000000,0.000000,0.000000
1527322973572801024.000000,0.000000,0.000000,0.000000
1527322973672811520.000000,0.000000,0.000000,0.000000
1527322973773064704.000000,0.000000,0.000000,0.000000
1527322973872950016.000000,0.000000,0.000000,0.000000
1527322973972951040.000000,0.000000,0.000000,0.000000
1527322974072983296.000000,0.000000,0.000000,0.000000
1527322974172956928.000000,0.000000,0.000000,0.000000
1527322974273069824.000000,-0.000050,0.000000,0.000000
1527322974373212416.000000,0.000000,0.000000,0.000000
1527322974473085184.000000,0.000000,0.000000,0.000000
1527322974573124608.000000,0.000000,0.000000,0.000000
1527322974673078272.000000,0.000000,0.000000,0.000000
1527322974773134592.000000,0.000000,0.000000,0.000000
1527322974873279488.000000,0.000000,0.000000,0.000000
1527322974973341440.000000,0.000000,0.000000,0.000000
1527322975073355776.000000,0.000000,0.000000,0.000000
1527322975173351936.000000,0.000000,0.000000,0.000000
1527322975273460480.000000,0.000000,0.000000,0.000000
1527322975373382144.000000,0.000000,0.000000,0.000000
1527322975473367808.000000,0.000000,0.000000,0.000000
1527322975573323776.000000,0.000000,0.000000,0.000000
1527322975673398272.000000,0.000000,0.000000,0.000000
1527322975773607168.000000,0.000000,0.000000,0.000000
1527322975873613568.000000,0.000000,0.000000,0.000000
1527322975973642496.000000,-0.000050,0.000000,0.000000
1527322976073790464.000000,-0.000050,0.000000,0.000000
1527322976173748992.000000,0.000000,0.000000,0.000000
1527322976273892608.000000,0.000000,0.000000,0.000000
1527322976373887232.000000,0.000000,0.000000,0.000000
1527322976473905408.000000,0.000000,0.000000,0.000000
1527322976573825536.000000,0.000000,0.000000,0.000000
1527322976673725696.000000,0.000000,0.000000,0.000000
1527322976773884672.000000,0.000000,0.000000,0.000000
1527322976873925376.000000,0.000000,0.000000,0.000000
1527322976974138624.000000,0.000000,0.000000,0.000000
1527322977073936384.000000,0.000000,0.000000,0.000000
1527322977174082304.000000,0.000000,0.000000,0.000000
1527322977274305536.000000,0.000000,0.000000,0.000000
1527322977374130176.000000,0.000000,0.000000,0.000000
1527322977474104320.000000,0.000000,0.000000,0.000000
1527322977574195200.000000,0.000000,0.000000,0.000000
1527322977674203904.000000,0.000000,0.000000,0.000000
1527322977774375424.000000,0.000000,0.000000,0.000000
1527322977874349568.000000,0.000000,0.000000,0.000000
1527322977974345984.000000,0.000000,0.000000,0.000000
1527322978074344448.000000,0.000000,0.000000,0.000000
1527322978174377728.000000,0.000000,0.000000,0.000000
1527322978274375936.000000,0.000000,0.000000,0.000000
1527322978374304256.000000,0.000000,0.000000,0.000000
1527322978474375680.000000,0.000000,0.000000,0.000000
1527322978574591488.000000,0.000000,0.000000,0.000000
1527322978674504960.000000,0.000000,0.000000,0.000000
1527322978774567168.000000,0.000000,0.000000,0.000000
1527322978874602752.000000,0.000000,0.000000,0.000000
1527322978974739456.000000,0.000000,0.000000,0.000000
1527322979074761216.000000,0.000000,0.000000,0.000000
1527322979174738944.000000,0.000000,0.000000,0.000000
1527322979274767872.000000,0.000000,0.000000,0.000000
1527322979374856448.000000,0.000000,0.000000,0.000000
1527322979474952192.000000,0.000000,0.000000,0.000000
1527322979574896896.000000,0.000000,0.000000,0.000000
1527322979674990080.000000,0.000000,0.000000,0.000000
1527322979775000832.000000,0.000000,0.000000,0.000000
1527322979874949376.000000,0.000000,0.000000,0.000000
1527322979975069184.000000,0.000000,0.000000,0.000000
1527322980075074560.000000,0.000000,0.000000,0.000000
1527322980175224064.000000,0.000000,0.000000,0.000000
1527322980275330304.000000,0.000000,0.000000,0.000000
1527322980375279872.000000,0.000000,0.000000,0.000000
1527322980475352576.000000,0.000000,0.000000,0.000000
1527322980575348480.000000,0.000000,0.000000,0.000000
1527322980675543040.000000,0.000000,0.000000,0.000000
1527322980775337984.000000,0.000000,0.000000,0.000000
1527322980875540480.000000,0.000000,0.000000,0.000000
1527322980975531008.000000,-0.000050,0.000000,0.000000
1527322981075472128.000000,0.000000,0.000000,0.000000
1527322981175702784.000000,0.000000,0.000000,0.000000
1527322981275597312.000000,0.000000,0.000000,0.000000
1527322981375607040.000000,0.000000,0.000000,0.000000
1527322981475754752.000000,0.000000,0.000000,0.000000
1527322981575835904.000000,0.000000,0.000000,0.000000
1527322981675790848.000000,0.000000,0.000000,0.000000
1527322981775653632.000000,0.000000,0.000000,0.000000
1527322981875724288.000000,0.000000,0.000000,0.000000
1527322981975842816.000000,0.000000,0.000000,0.000000
1527322982075817728.000000,-0.000050,0.000000,0.000000
1527322982175845376.000000,0.000000,0.000000,0.000000
1527322982276056064.000000,0.000000,0.000000,0.000000
1527322982375781376.000000,0.000000,0.000000,0.000000
1527322982475961600.000000,-0.000050,0.000000,0.000000
1527322982576053504.000000,0.000000,0.000000,0.000000
1527322982676021248.000000,0.000000,0.000000,0.000000
1527322982775983872.000000,0.000000,0.000000,0.000000
1527322982876123648.000000,0.000000,0.000000,0.000000
1527322982976147200.000000,0.000000,0.000000,0.000000
1527322983076199936.000000,0.000000,0.000000,0.000000
1527322983176288768.000000,0.000000,0.000000,0.000000
1527322983276311040.000000,0.000000,0.000000,0.000000
1527322983376478720.000000,0.000000,0.000000,0.000000
1527322983476382976.000000,0.000000,0.000000,0.000000
1527322983576550400.000000,0.000000,0.000000,0.000000
1527322983676614400.000000,0.000000,0.000000,0.000000
1527322983776595968.000000,0.000000,0.000000,0.000000
1527322983876422656.000000,0.000000,0.000000,0.000000
1527322983976598016.000000,0.000000,0.000000,0.000000
1527322984076509696.000000,0.000000,0.000000,0.000000
1527322984176677888.000000,0.000000,0.000000,0.000000
1527322984276605952.000000,0.000000,0.000000,0.000000
1527322984376672000.000000,0.000000,0.000000,0.000000
1527322984476750592.000000,0.000000,0.000000,0.000000
1527322984576737536.000000,0.000000,0.000000,0.000000
1527322984676819456.000000,0.000000,0.000000,0.000000
1527322984776805632.000000,0.000000,0.000000,0.000000
1527322984876957184.000000,0.000000,0.000000,0.000000
1527322984977072896.000000,-0.000050,0.000000,0.000000
1527322985076977664.000000,0.000000,0.000000,0.000000
1527322985177043200.000000,0.000000,0.000000,0.000000
1527322985277091840.000000,0.000000,0.000000,0.000000
1527322985377139200.000000,0.000000,0.000000,0.000000
1527322985477113344.000000,0.000000,0.000000,0.000000
1527322985577160704.000000,0.000000,0.000000,0.000000
1527322985677195008.000000,0.000000,0.000000,0.000000
1527322985777241088.000000,0.000000,0.000000,0.000000
1527322985877381120.000000,0.000000,0.000000,0.000000
1527322985977317376.000000,0.000000,0.000000,0.000000
1527322986077411328.000000,0.000000,0.000000,0.000000
1527322986177459200.000000,0.000000,0.000000,0.000000
1527322986277554688.000000,0.000000,0.000000,0.000000
1527322986377590528.000000,0.000000,0.000000,0.000000
1527322986477402368.000000,0.000000,0.000000,0.000000
1527322986577413888.000000,0.000000,0.000000,0.000000
1527322986677441280.000000,0.000000,0.000000,0.000000
1527322986777577216.000000,0.000000,0.000000,0.000000
1527322986877641472.000000,0.000000,0.000000,0.000000
1527322986977836800.000000,0.000000,0.000000,0.000000
1527322987077737216.000000,0.000000,0.000000,0.000000
1527322987177536512.000000,0.000000,0.000000,0.000000
1527322987277842944.000000,0.000000,0.000000,0.000000
1527322987377882880.000000,0.000000,0.000000,0.000000
1527322987477809152.000000,0.000000,0.000000,0.000000
1527322987577826560.000000,0.000000,0.000000,0.000000
1527322987677798400.000000,0.000000,0.000000,0.000000
1527322987777863424.000000,0.000000,0.000000,0.000000
1527322987877966080.000000,0.000000,0.000000,0.000000
1527322987977949440.000000,-0.000050,0.000000,0.000000
1527322988078124544.000000,-0.000050,0.000000,0.000000
1527322988178077696.000000,-0.000050,0.000000,0.000000
1527322988278127616.000000,0.000000,0.000000,0.000000
1527322988378137088.000000,0.000000,0.000000,0.000000
1527322988478150656.000000,0.000000,0.000000,0.000000
1527322988578244608.000000,0.000000,0.000000,0.000000
1527322988678228480.000000,0.000050,0.000000,0.000000
1527322988778207744.000000,0.000000,0.000000,0.000000
1527322988878245376.000000,0.000000,0.000000,0.000000
1527322988978495744.000000,0.000000,0.000000,0.000000
1527322989078464256.000000,0.000000,0.000000,0.000000
1527322989178609664.000000,0.000000,0.000000,0.000000
1527322989278639360.000000,-0.000050,0.000000,0.000000
1527322989378587392.000000,0.000000,0.000000,0.000000
1527322989478708224.000000,0.000000,0.000000,0.000000
1527322989578747136.000000,0.000000,0.000000,0.000000
1527322989678762240.000000,0.000000,0.000000,0.000000
1527322989778844416.000000,0.000000,0.000000,0.000000
1527322989878756096.000000,0.000000,0.000000,0.000000
1527322989978805504.000000,0.000000,0.000000,0.000000
1527322990078786816.000000,0.000000,0.000000,0.000000
1527322990178954752.000000,0.000000,0.000000,0.000000
1527322990278961920.000000,0.000000,0.000000,0.000000
1527322990378861824.000000,0.000000,0.000000,0.000000
1527322990478969344.000000,0.000000,0.000000,0.000000
1527322990579081472.000000,0.000000,0.000000,0.000000
1527322990679200512.000000,0.000000,0.000000,0.000000
1527322990779139328.000000,0.000000,0.000000,0.000000
1527322990879250432.000000,0.000000,0.000000,0.000000
1527322990979131136.000000,0.000000,0.000000,0.000000
1527322991079322880.000000,0.000000,0.000000,0.000000
1527322991179223040.000000,0.000000,0.000000,0.000000
1527322991279264000.000000,0.000000,0.000000,0.000000
1527322991379249920.000000,0.000000,0.000000,0.000000
1527322991479299584.000000,0.000000,0.000000,0.000000
1527322991579354368.000000,0.000000,0.000000,0.000000
1527322991679443200.000000,0.000000,0.000000,0.000000
1527322991779536640.000000,0.000000,0.000000,0.000000
1527322991879714048.000000,0.000000,0.000000,0.000000
1527322991979601408.000000,0.000000,0.000000,0.000000
1527322992079680512.000000,0.000000,0.000000,0.000000
1527322992179671296.000000,0.000000,0.000000,0.000000
1527322992279733248.000000,0.000000,0.000000,0.000000
1527322992379706624.000000,0.000000,0.000000,0.000000
1527322992479732992.000000,0.000000,0.000000,0.000000
1527322992579691520.000000,0.000000,0.000000,0.000000
1527322992679815424.000000,0.000000,0.000000,0.000000
1527322992779796736.000000,0.000000,0.000000,0.000000
1527322992879801856.000000,0.000000,0.000000,0.000000
1527322992979873024.000000,0.000000,0.000000,0.000000
1527322993079869440.000000,0.000000,0.000000,0.000000
1527322993179880448.000000,0.000000,0.000000,0.000000
1527322993279905536.000000,0.000000,0.000000,0.000000
1527322993380029696.000000,0.000000,0.000000,0.000000
1527322993480175616.000000,0.000000,0.000000,0.000000
1527322993580026624.000000,0.000000,0.000000,0.000000
1527322993680005888.000000,0.000000,0.000000,0.000000
1527322993780316928.000000,0.000000,0.000000,0.000000
1527322993880086016.000000,0.000000,0.000000,0.000000
1527322993980366080.000000,0.000000,0.000000,0.000000
1527322994080187904.000000,0.000000,0.000000,0.000000
1527322994180275200.000000,0.000000,0.000000,0.000000
1527322994280218880.000000,0.000000,0.000000,0.000000
1527322994380329472.000000,0.000000,0.000000,0.000000
1527322994480375552.000000,0.000200,0.000000,0.002095
1527322994580466944.000000,-0.000601,0.000000,0.010482
1527322994680474368.000000,0.000000,0.000000,0.009775
1527322994780510464.000000,-0.000050,0.000000,0.011873
1527322994880569088.000000,0.000050,0.000000,0.012923
1527322994980569600.000000,0.000000,0.000000,0.016406
1527322995080661248.000000,0.000050,0.000000,0.032842
1527322995180676864.000000,-0.000100,0.000000,0.054463
1527322995280721920.000000,-0.000050,0.000000,0.070543
1527322995380752128.000000,0.000800,0.000000,0.077167
1527322995480792320.000000,0.002351,0.000000,0.070540
1527322995580936192.000000,0.003205,0.000000,0.057329
1527322995680772608.000000,0.003444,0.000000,0.049486
1527322995780881152.000000,0.003354,0.000000,0.053116
1527322995880984832.000000,0.002753,0.000000,0.055559
1527322995980954880.000000,0.002699,0.000000,0.058626
1527322996081043200.000000,0.001651,0.000000,0.068827
1527322996181137920.000000,0.000350,0.000000,0.077915
1527322996281134336.000000,-0.000600,0.000000,0.082027
1527322996381150208.000000,-0.000250,0.000000,0.080298
1527322996481197568.000000,-0.000350,0.000000,0.083117
1527322996581032448.000000,0.000150,0.000000,0.079107
1527322996681152000.000000,0.000100,0.000000,0.075838
1527322996781219584.000000,-0.000250,0.000000,0.075449
1527322996881342464.000000,0.000150,0.000000,0.078287
1527322996981418240.000000,0.000701,0.000000,0.078949
1527322997081347584.000000,0.003198,0.000000,0.065229
1527322997181427968.000000,0.003353,0.000000,0.057992
1527322997281353472.000000,0.003298,0.000000,0.054763
1527322997381395968.000000,0.003451,0.000000,0.070192
1527322997481509376.000000,0.001752,0.000000,0.075134
1527322997581474048.000000,-0.000250,0.000000,0.071533
1527322997681696512.000000,-0.000501,0.000000,0.073817
1527322997781594624.000000,0.000150,0.000000,0.080901
1527322997881706752.000000,0.000300,0.000000,0.076881
1527322997981728256.000000,-0.000750,0.000000,0.069479
1527322998081549056.000000,0.000998,0.000000,0.063068
1527322998181727232.000000,0.004057,0.000000,0.073435
1527322998281712384.000000,0.007049,0.000000,0.073293
1527322998381884416.000000,0.010468,0.000000,0.071681
1527322998481714688.000000,0.013028,0.000000,0.072482
1527322998581961472.000000,0.016190,0.000000,0.072085
1527322998681932032.000000,0.018944,0.000000,0.071886
1527322998781923584.000000,0.022148,0.000000,0.070854
1527322998882022656.000000,0.025275,0.000000,0.067087
1527322998982065664.000000,0.028012,0.000000,0.058668
1527322999082065920.000000,0.028950,0.000000,0.052709
1527322999182223360.000000,0.029496,0.000000,0.049995
1527322999282244352.000000,0.028706,0.000000,0.043992
1527322999382111232.000000,0.029411,0.000000,0.035557
1527322999482367232.000000,0.029977,0.000000,0.033946
1527322999582338560.000000,0.029392,0.000000,0.030360
1527322999682233856.000000,0.028870,0.000000,0.024409
1527322999782513920.000000,0.029432,0.000000,0.015052
1527322999882361088.000000,0.028456,0.000000,0.010456
1527322999982484992.000000,0.029186,0.000000,0.008737
1527323000082601216.000000,0.029334,0.000000,0.003145
1527323000182578688.000000,0.029143,0.000000,0.001396
1527323000282566656.000000,0.028996,0.000000,0.002094
1527323000382567680.000000,0.028400,0.000000,-0.000349
1527323000482586112.000000,0.029005,0.000000,-0.000698
1527323000582600704.000000,0.029654,0.000000,0.000349
1527323000682718208.000000,0.029084,0.000000,-0.000349
1527323000782798848.000000,0.029874,0.000000,0.000000
1527323000882654720.000000,0.029408,0.000000,0.000349
1527323000982833920.000000,0.028902,0.000000,-0.004546
1527323001082810368.000000,0.028993,0.000000,-0.012563
1527323001182888192.000000,0.029173,0.000000,-0.013624
1527323001282846720.000000,0.029888,0.000000,-0.011514
1527323001383000832.000000,0.029495,0.000000,-0.011537
1527323001482909696.000000,0.028724,0.000000,-0.012555
1527323001583036928.000000,0.029137,0.000000,-0.008039
1527323001683124224.000000,0.029776,0.000000,0.000349
1527323001783152896.000000,0.028758,0.000000,0.002095
1527323001883288320.000000,0.028038,0.000000,-0.000350
1527323001983165952.000000,0.029064,0.000000,-0.000697
1527323002083246080.000000,0.029724,0.000000,0.000699
1527323002183290624.000000,0.029163,0.000000,-0.000349
1527323002283378432.000000,0.028725,0.000000,0.000349
1527323002383474944.000000,0.028778,0.000000,-0.003145
1527323002483384576.000000,0.029274,0.000000,-0.012904
1527323002583480576.000000,0.029128,0.000000,-0.015024
1527323002683522816.000000,0.029512,0.000000,-0.007333
1527323002783497216.000000,0.029343,0.000000,-0.001396
1527323002883387136.000000,0.028019,0.000000,0.003138
1527323002983599360.000000,0.028711,0.000000,0.000350
1527323003083579904.000000,0.029394,0.000000,0.001745
1527323003183628800.000000,0.029564,0.000000,-0.001048
1527323003283558144.000000,0.028979,0.000000,-0.000698
1527323003383584512.000000,0.029108,0.000000,0.000000
1527323003483689216.000000,0.029981,0.000000,0.000699
1527323003583702016.000000,0.029204,0.000000,-0.000349
1527323003683629568.000000,0.028829,0.000000,-0.000349
1527323003783727872.000000,0.029179,0.000000,0.000349
1527323003883873280.000000,0.029743,0.000000,0.000000
1527323003983810560.000000,0.029731,0.000000,-0.000349
1527323004083895552.000000,0.029375,0.000000,0.000000
1527323004183955968.000000,0.028867,0.000000,0.000000
1527323004284009984.000000,0.029866,0.000000,0.000699
1527323004384039680.000000,0.029659,0.000000,0.000349
1527323004484001536.000000,0.028639,0.000000,-0.000698
1527323004584086016.000000,0.028974,0.000000,-0.000349
1527323004684125696.000000,0.029812,0.000000,0.000000
1527323004784140032.000000,0.028654,0.000000,0.000349
1527323004884396032.000000,0.027971,0.000000,0.000000
1527323004984285952.000000,0.029068,0.000000,0.000000
1527323005084285440.000000,0.029700,0.000000,0.000000
1527323005184302080.000000,0.029405,0.000000,-0.001047
1527323005284167168.000000,0.028511,0.000000,0.000349
1527323005384299008.000000,0.028688,0.000000,0.001748
1527323005484368640.000000,0.029471,0.000000,-0.000699
1527323005584420096.000000,0.029315,0.000000,-0.000698
1527323005684358656.000000,0.028383,0.000000,0.000000
1527323005784393216.000000,0.028860,0.000000,0.000698
1527323005884453120.000000,0.029668,0.000000,0.000000
1527323005984571904.000000,0.029435,0.000000,-0.003844
1527323006084662016.000000,0.028676,0.000000,-0.012228
1527323006184598272.000000,0.028282,0.000000,-0.012210
1527323006284623872.000000,0.029558,0.000000,0.000000
1527323006384669184.000000,0.029363,0.000000,0.004191
1527323006484747264.000000,0.029223,0.000000,-0.000349
1527323006584769024.000000,0.029106,0.000000,-0.002444
1527323006684925184.000000,0.029546,0.000000,0.000000
1527323006784819968.000000,0.028870,0.000000,0.002092
1527323006884777472.000000,0.027988,0.000000,0.000000
1527323006984911872.000000,0.029139,0.000000,-0.001398
1527323007085071104.000000,0.029948,0.000000,0.000000
1527323007185067008.000000,0.029599,0.000000,0.000000
1527323007285012992.000000,0.028335,0.000000,0.000000
1527323007385059584.000000,0.028063,0.000000,0.000698
1527323007485024256.000000,0.029090,0.000000,0.000000
1527323007585096192.000000,0.029972,0.000000,0.000000
1527323007685142016.000000,0.029664,0.000000,-0.000349
1527323007785183744.000000,0.028112,0.000000,-0.000698
1527323007885501952.000000,0.028240,0.000000,0.001751
1527323007985295360.000000,0.029489,0.000000,-0.000348
1527323008085334016.000000,0.029461,0.000000,-0.000349
1527323008185400832.000000,0.029570,0.000000,-0.001048
1527323008285422592.000000,0.028656,0.000000,0.000349
1527323008385418240.000000,0.029349,0.000000,0.001745
1527323008485478912.000000,0.030168,0.000000,-0.000349
1527323008585479680.000000,0.029000,0.000000,-0.000698
1527323008685384192.000000,0.028872,0.000000,0.000000
1527323008785434880.000000,0.029315,0.000000,0.000698
1527323008885555456.000000,0.029335,0.000000,-0.003495
1527323008985495040.000000,0.029182,0.000000,-0.014303
1527323009085681408.000000,0.028453,0.000000,-0.013639
1527323009185679104.000000,0.028399,0.000000,-0.007679
1527323009285647872.000000,0.029391,0.000000,-0.000698
1527323009385726720.000000,0.029273,0.000000,-0.001747
1527323009485777408.000000,0.029215,0.000000,-0.001048
1527323009585803520.000000,0.029258,0.000000,0.001746
1527323009685895936.000000,0.029277,0.000000,0.000000
1527323009785949696.000000,0.029166,0.000000,-0.000699
1527323009886077440.000000,0.028186,0.000000,-0.000350
1527323009986009088.000000,0.028630,0.000000,0.000698
1527323010086055168.000000,0.029814,0.000000,0.000000
1527323010186147840.000000,0.029227,0.000000,-0.000699
1527323010286130688.000000,0.028545,0.000000,0.000000
1527323010386155264.000000,0.028807,0.000000,0.002444
1527323010486218752.000000,0.027467,0.000000,0.001746
1527323010586290176.000000,0.027470,0.000000,-0.003842
1527323010686347520.000000,0.029617,0.000000,-0.013971
1527323010786238208.000000,0.030467,0.000000,-0.011507
1527323010888819456.000000,0.030518,0.000000,-0.005371
1527323010986445824.000000,0.026359,0.000000,-0.011246
1527323011086458368.000000,0.026803,0.000000,-0.014663
1527323011186603776.000000,0.029543,0.000000,-0.019227
1527323011286556672.000000,0.030236,0.000000,-0.015701
1527323011386488832.000000,0.029880,0.000000,-0.015697
1527323011486760192.000000,0.028477,0.000000,-0.015051
1527323011586577408.000000,0.029147,0.000000,-0.013240
1527323011686823680.000000,0.029573,0.000000,-0.020646
1527323011786785024.000000,0.028339,0.000000,-0.019540
1527323011886804224.000000,0.029856,0.000000,-0.005935
1527323011986806784.000000,0.029001,0.000000,0.004538
1527323012086920960.000000,0.029333,0.000000,0.002097
1527323012187026944.000000,0.028831,0.000000,0.002097
1527323012286921728.000000,0.029968,0.000000,-0.001046
1527323012387066624.000000,0.029843,0.000000,0.002797
1527323012486975488.000000,0.029323,0.000000,0.009416
1527323012587020032.000000,0.029313,0.000000,0.007683
1527323012687045632.000000,0.028307,0.000000,0.012220
1527323012787230976.000000,0.029705,0.000000,0.010841
1527323012887112448.000000,0.029465,0.000000,-0.001395
1527323012987189504.000000,0.027972,0.000000,-0.001048
1527323013087272704.000000,0.029074,0.000000,0.002096
1527323013187176704.000000,0.029322,0.000000,0.002441
1527323013287268096.000000,0.029327,0.000000,-0.002096
1527323013387291904.000000,0.029207,0.000000,-0.001047
1527323013487387392.000000,0.029228,0.000000,0.002446
1527323013587433984.000000,0.028863,0.000000,0.008032
1527323013687395328.000000,0.028189,0.000000,0.011864
1527323013787315712.000000,0.028877,0.000000,0.013603
1527323013887464704.000000,0.029644,0.000000,0.012935
1527323013987433472.000000,0.029241,0.000000,0.011516
1527323014087477504.000000,0.028963,0.000000,0.011873
1527323014187606272.000000,0.029388,0.000000,0.008388
1527323014287463936.000000,0.029758,0.000000,0.000697
1527323014387668480.000000,0.029360,0.000000,-0.000350
1527323014487695104.000000,0.029108,0.000000,0.000698
1527323014587714816.000000,0.029056,0.000000,0.000349
1527323014687808512.000000,0.029428,0.000000,-0.000349
1527323014787820288.000000,0.029053,0.000000,0.000349
1527323014887843840.000000,0.028357,0.000000,-0.000349
1527323014987956480.000000,0.029233,0.000000,0.000000
1527323015088024064.000000,0.029420,0.000000,0.000349
1527323015188043520.000000,0.028956,0.000000,0.000000
1527323015288016640.000000,0.029042,0.000000,0.000000
1527323015388101888.000000,0.029375,0.000000,0.002096
1527323015488105728.000000,0.029951,0.000000,0.006982
1527323015588167424.000000,0.029568,0.000000,0.009431
1527323015688015104.000000,0.029255,0.000000,0.001743
1527323015788261120.000000,0.029122,0.000000,-0.004899
1527323015888242176.000000,0.029444,0.000000,-0.000349
1527323015988265472.000000,0.028907,0.000000,0.003142
1527323016088356352.000000,0.029277,0.000000,-0.004193
1527323016188510976.000000,0.029345,0.000000,-0.017830
1527323016288532736.000000,0.029256,0.000000,-0.019901
1527323016388484352.000000,0.030086,0.000000,-0.011165
1527323016488411392.000000,0.029179,0.000000,-0.005581
1527323016588502016.000000,0.029176,0.000000,-0.004891
1527323016688569856.000000,0.029070,0.000000,-0.010130
1527323016788543232.000000,0.029392,0.000000,-0.013959
1527323016888658688.000000,0.029384,0.000000,-0.012581
1527323016988798208.000000,0.028440,0.000000,-0.008040
1527323017088688896.000000,0.028968,0.000000,0.000349
1527323017188781824.000000,0.030478,0.000000,0.000000
1527323017288810752.000000,0.030309,0.000000,-0.010126
1527323017388791040.000000,0.028694,0.000000,-0.009772
1527323017488789248.000000,0.029099,0.000000,-0.008377
1527323017588665088.000000,0.028964,0.000000,0.003138
1527323017688959232.000000,0.029637,0.000000,-0.002801
1527323017788833536.000000,0.029313,0.000000,-0.015340
1527323017889029632.000000,0.029207,0.000000,-0.014340
1527323017989056256.000000,0.030208,0.000000,-0.004888
1527323018089067008.000000,0.029253,0.000000,0.000349
1527323018189056256.000000,0.029047,0.000000,0.000000
1527323018288997376.000000,0.028883,0.000000,0.002442
1527323018389287424.000000,0.029485,0.000000,0.002100
1527323018489056768.000000,0.029133,0.000000,-0.000348
1527323018589297152.000000,0.029270,0.000000,-0.001050
1527323018689306112.000000,0.029103,0.000000,0.000698
1527323018789227520.000000,0.029577,0.000000,0.000349
1527323018889391104.000000,0.029949,0.000000,0.002797
1527323018989216512.000000,0.029349,0.000000,0.013590
1527323019089259264.000000,0.029413,0.000000,0.011524
1527323019189379328.000000,0.028584,0.000000,0.010485
1527323019289499648.000000,0.029586,0.000000,0.000699
1527323019389489408.000000,0.029247,0.000000,-0.003490
1527323019489552640.000000,0.029419,0.000000,-0.000349
1527323019589543936.000000,0.028898,0.000000,0.004537
1527323019689648640.000000,0.027979,0.000000,0.003494
1527323019789721088.000000,0.029271,0.000000,0.002795
1527323019889765120.000000,0.029663,0.000000,0.003841
1527323019989779200.000000,0.029304,0.000000,0.002793
1527323020089741824.000000,0.028789,0.000000,0.004187
1527323020189837824.000000,0.028778,0.000000,0.006639
1527323020289873152.000000,0.029110,0.000000,0.012571
1527323020389925376.000000,0.029465,0.000000,0.014319
1527323020489808128.000000,0.029415,0.000000,0.012552
1527323020590071296.000000,0.028826,0.000000,0.009800
1527323020690123264.000000,0.029415,0.000000,0.008382
1527323020790178816.000000,0.029967,0.000000,-0.006287
1527323020890164224.000000,0.030046,0.000000,-0.023035
1527323020990119168.000000,0.029587,0.000000,-0.020935
1527323021090316800.000000,0.030360,0.000000,-0.008044
1527323021190093824.000000,0.029634,0.000000,-0.010100
1527323021290380032.000000,0.029735,0.000000,-0.010852
1527323021390267904.000000,0.030066,0.000000,-0.024407
1527323021490382848.000000,0.030385,0.000000,-0.033898
1527323021590300416.000000,0.028976,0.000000,-0.029297
1527323021690438912.000000,0.029441,0.000000,-0.027614
1527323021790446080.000000,0.030502,0.000000,-0.020596
1527323021890417408.000000,0.030141,0.000000,-0.008026
1527323021990520064.000000,0.029430,0.000000,-0.024110
1527323022090575872.000000,0.029767,0.000000,-0.026893
1527323022190666752.000000,0.030127,0.000000,-0.018517
1527323022290602240.000000,0.030380,0.000000,-0.023024
1527323022390816768.000000,0.030014,0.000000,-0.008046
1527323022490683392.000000,0.028412,0.000000,0.002440
1527323022590726656.000000,0.031414,0.000000,0.000349
1527323022690855168.000000,0.031140,0.000000,0.008039
1527323022790714112.000000,0.029958,0.000000,0.001743
1527323022890878976.000000,0.028547,0.000000,0.007342
1527323022990921216.000000,0.028962,0.000000,0.002794
1527323023090922752.000000,0.030651,0.000000,-0.000349
1527323023191107840.000000,0.029905,0.000000,-0.001399
1527323023291058176.000000,0.029685,0.000000,-0.002093
1527323023391077376.000000,0.029856,0.000000,0.000698
1527323023491060736.000000,0.028895,0.000000,0.003141
1527323023591193088.000000,0.029139,0.000000,0.000000
1527323023691141888.000000,0.030235,0.000000,0.000698
1527323023791266304.000000,0.031039,0.000000,0.013281
1527323023891231232.000000,0.029440,0.000000,0.004187
1527323023991280384.000000,0.028464,0.000000,-0.000349
1527323024091290624.000000,0.028953,0.000000,0.007331
1527323024191294976.000000,0.029751,0.000000,0.013265
1527323024291306752.000000,0.029803,0.000000,0.013964
1527323024391333632.000000,0.028608,0.000000,0.012570
1527323024491405568.000000,0.028420,0.000000,0.014671
1527323024591449344.000000,0.029113,0.000000,0.022001
1527323024691493632.000000,0.029513,0.000000,0.022699
1527323024791597568.000000,0.029280,0.000000,0.021665
1527323024891567104.000000,0.028441,0.000000,0.018844
1527323024991448832.000000,0.028616,0.000000,0.020919
1527323025091553536.000000,0.029281,0.000000,0.020616
1527323025191658752.000000,0.029181,0.000000,0.020966
1527323025291730944.000000,0.029271,0.000000,0.020959
1527323025391763712.000000,0.029910,0.000000,0.024093
1527323025491921920.000000,0.029296,0.000000,0.038108
1527323025591983872.000000,0.028818,0.000000,0.039469
1527323025691828480.000000,0.028655,0.000000,0.043217
1527323025791904512.000000,0.029623,0.000000,0.044016
1527323025891932416.000000,0.029208,0.000000,0.034218
1527323025991903744.000000,0.028392,0.000000,0.031407
1527323026091980288.000000,0.029272,0.000000,0.019912
1527323026192025600.000000,0.030314,0.000000,0.011874
1527323026292122624.000000,0.030229,0.000000,0.019567
1527323026392167680.000000,0.028813,0.000000,0.020255
1527323026492294400.000000,0.028286,0.000000,0.001748
1527323026592144896.000000,0.029106,0.000000,-0.003834
1527323026692249856.000000,0.029481,0.000000,-0.001048
1527323026792431360.000000,0.029253,0.000000,0.002448
1527323026892260864.000000,0.029799,0.000000,0.004182
1527323026992485888.000000,0.029466,0.000000,0.003848
1527323027092476928.000000,0.029047,0.000000,0.001396
1527323027192309760.000000,0.028652,0.000000,-0.000697
1527323027292400128.000000,0.026023,0.000000,0.000000
1527323027392411136.000000,0.022502,0.000000,-0.000349
1527323027492383232.000000,0.019744,0.000000,-0.001396
1527323027592414464.000000,0.016555,0.000000,0.000000
1527323027692574208.000000,0.013722,0.000000,0.000350
1527323027792535808.000000,0.010846,0.000000,0.000349
1527323027892526848.000000,0.007749,0.000000,0.000000
1527323027992652800.000000,0.004556,0.000000,0.000000
1527323028092685568.000000,0.001801,0.000000,0.000000
1527323028192699648.000000,0.000100,0.000000,-0.001047
1527323028292742656.000000,0.000000,0.000000,0.000000
1527323028392780544.000000,-0.000050,0.000000,0.000000
1527323028492813824.000000,0.000000,0.000000,0.000000
1527323028592887040.000000,0.000000,0.000000,0.000000
1527323028692835584.000000,0.000000,0.000000,0.000000
1527323028792895744.000000,0.000000,0.000000,0.000000
1527323028892966400.000000,0.000000,0.000000,0.000000
1527323028992984064.000000,0.000000,0.000000,0.000000
1527323029093010944.000000,0.000000,0.000000,0.000000
1527323029193069568.000000,0.000000,0.000000,0.000000
1527323029293126656.000000,0.000000,0.000000,0.000000
1527323029392982272.000000,0.000000,0.000000,0.000000
1527323029593176320.000000,0.000000,0.000000,0.000000
1527323029793384448.000000,0.000000,0.000000,0.000000
1527323029993528576.000000,0.000000,0.000000,0.000000
1527323030193777152.000000,0.000000,0.000000,0.000000
1527323030393966336.000000,0.000000,0.000000,0.000000
1527323030594148864.000000,0.000000,0.000000,0.000000
1527323030794332416.000000,0.000000,0.000000,0.000000
1527323030994544384.000000,0.000000,0.000000,0.000000
1527323031194703616.000000,0.000000,0.000000,0.000000
1527323031394857984.000000,0.000000,0.000000,0.000000
1527323031595067904.000000,0.000000,0.000000,0.000000
1527323031795234048.000000,0.000000,0.000000,0.000000
1527323031995416320.000000,0.000000,0.000000,0.000000
1527323032195602688.000000,0.000000,0.000000,0.000000
1527323032395773696.000000,0.000000,0.000000,0.000000
1527323032595895040.000000,0.000000,0.000000,0.000000
1527323032796101120.000000,0.000000,0.000000,0.000000
1527323032996260352.000000,0.000000,0.000000,0.000000
1527323033196451072.000000,0.000000,0.000000,0.000000
1527323033396727808.000000,0.000000,0.000000,0.000000
1527323033596933888.000000,0.000000,0.000000,0.000000
1527323033797106944.000000,0.000000,0.000000,0.000000
1527323033997334784.000000,0.000000,0.000000,0.000000
