22.534229,73.640201,-31.721477,-44.148193,-85.738658,-89.247790,-89.688616,-90.000000,-90.000000,-90.000000,-90.000000,-90.000000,-90.000000,-90.000000,-89.320305,-89.712301,-89.083936,-88.082118,-88.565616,-67.708775,-45.277452,-44.662750,-62.889272,-90.652280,-89.588697,-89.998407,-90.000000,-90.000000,-90.000000,-90.000000,-90.000000,-90.000000,-90.000000,-89.939441,-90.096433,-91.510937,-90.046655,-92.635393,-87.720462,-48.547693
28.933123,73.521179,-36.327468,-40.480665,-80.313518,-78.352636,-89.699147,-90.000000,-90.000000,-90.000000,-90.000000,-90.000000,-90.000000,-90.000000,-89.295195,-89.764028,-89.901712,-89.620184,-88.841053,-75.223444,-43.607606,-41.912661,-48.214044,-89.139268,-86.175325,-89.992297,-90.000000,-90.000000,-90.000000,-90.000000,-90.000000,-90.000000,-90.000000,-89.957993,-90.065778,-90.031314,-89.947367,-92.732587,-89.358849,-52.251321
29.732984,73.506301,-36.035723,-41.529589,-80.422024,-77.881130,-89.730329,-90.000000,-90.000000,-90.000000,-90.000000,-90.000000,-90.000000,-90.000000,-88.621548,-89.810443,-89.914547,-89.910269,-88.243962,-75.068006,-42.365987,-42.384476,-49.657934,-89.620637,-86.394814,-90.000619,-90.000000,-90.000000,-90.000000,-90.000000,-90.000000,-90.000000,-90.000000,-89.955988,-90.081412,-89.987408,-89.920189,-92.193354,-89.632540,-52.485730
30.532846,73.491424,-35.636798,-42.885205,-80.807974,-77.990307,-89.682336,-90.000000,-90.000000,-90.000000,-90.000000,-90.000000,-90.000000,-90.000000,-89.330057,-89.793859,-89.890529,-90.028644,-87.770562,-74.676945,-41.368740,-43.032768,-51.630997,-89.960990,-86.800104,-89.998898,-90.000000,-90.000000,-90.000000,-90.000000,-90.000000,-90.000000,-90.000000,-89.940839,-90.084636,-89.958666,-89.882054,-91.623206,-89.873650,-52.618966
31.332707,73.476546,-35.252438,-44.371414,-81.301910,-78.513735,-89.537366,-90.000000,-90.000000,-90.000000,-90.000000,-90.000000,-90.000000,-90.000000,-89.312911,-89.692592,-89.828834,-89.987239,-87.414323,-74.097211,-40.768654,-43.749876,-53.778608,-90.002591,-87.246943,-89.986101,-90.000000,-90.000000,-90.000000,-90.000000,-90.000000,-90.000000,-90.000000,-89.907864,-90.070128,-89.928738,-89.826510,-91.050642,-90.059212,-52.649893
32.147447,74.261530,-35.670390,-44.018869,-77.270887,-77.341144,-89.999064,-90.000000,-90.000000,-90.000000,-90.000000,-90.000000,-90.000000,-90.000000,-88.992065,-89.698944,-90.199745,-89.936945,-84.993080,-67.772495,-50.696325,-42.572274,-53.882033,-85.722724,-85.016103,-89.994438,-90.000000,-90.000000,-90.000000,-90.000000,-90.000000,-90.000000,-90.000000,-89.970279,-90.613288,-91.047106,-89.951337,-91.229717,-80.811561,-47.164019
31.347585,74.276408,-36.183097,-45.063284,-76.301130,-76.228288,-90.201372,-90.000000,-90.000000,-90.000000,-90.000000,-90.000000,-90.000000,-90.000000,-88.037676,-89.117210,-90.221960,-90.033140,-83.076147,-67.073376,-50.302668,-42.415641,-54.658539,-84.197747,-84.299155,-90.000753,-90.000000,-90.000000,-90.000000,-90.000000,-90.000000,-90.000000,-90.000000,-89.998531,-91.086140,-90.863502,-90.033313,-90.461591,-81.030697,-46.926095
30.547724,74.291285,-36.649903,-46.299802,-75.621768,-75.601000,-90.297401,-90.000000,-90.000000,-90.000000,-90.000000,-90.000000,-90.000000,-90.000000,-87.091767,-88.514191,-90.209002,-90.022977,-81.523460,-66.394458,-49.131340,-42.292859,-55.537610,-82.439124,-83.763785,-89.997075,-90.000000,-90.000000,-90.000000,-90.000000,-90.000000,-90.000000,-90.000000,-90.011009,-91.536168,-90.662207,-90.104114,-89.804392,-81.306566,-46.738255
29.747862,74.306163,-36.943576,-47.502626,-75.438648,-75.881117,-90.295629,-90.000000,-90.000000,-90.000000,-90.000000,-90.000000,-90.000000,-90.000000,-87.040402,-87.953476,-90.169750,-89.824915,-80.479020,-65.781439,-47.308156,-42.176546,-56.342922,-80.984223,-83.659312,-89.991081,-90.000000,-90.000000,-90.000000,-90.000000,-90.000000,-90.000000,-90.000000,-90.010750,-91.927982,-90.456843,-90.169801,-89.316086,-81.656462,-46.633994
28.948000,74.321041,-36.968887,-48.457706,-75.861982,-77.293222,-90.215654,-90.000000,-90.000000,-90.000000,-90.000000,-90.000000,-90.000000,-90.000000,-87.428654,-87.488995,-90.116175,-89.377789,-79.994710,-65.269482,-45.072391,-42.041759,-56.941390,-80.444555,-84.142782,-89.988683,-90.000000,-90.000000,-90.000000,-90.000000,-90.000000,-90.000000,-90.000000,-90.002006,-92.230685,-90.260732,-90.235028,-89.029697,-82.088913,-46.643867
28.148139,74.335919,-36.701624,-49.020717,-76.835768,-79.732521,-90.083248,-90.000000,-90.000000,-90.000000,-90.000000,-90.000000,-90.000000,-90.000000,-87.503384,-87.161206,-90.061190,-88.672096,-80.024424,-64.881490,-42.707720,-41.878860,-57.289602,-81.141997,-85.188908,-89.990168,-90.000000,-90.000000,-90.000000,-90.000000,-90.000000,-90.000000,-90.000000,-89.989528,-92.421694,-90.086513,-90.301822,-88.947121,-82.603695,-46.791872
27.348277,74.350796,-36.199020,-49.153350,-78.131160,-82.766925,-89.927052,-90.000000,-90.000000,-90.000000,-90.000000,-90.000000,-90.000000,-90.000000,-87.152131,-86.996092,-90.016287,-87.770050,-80.440068,-64.628582,-40.479574,-41.702880,-57.447259,-82.848585,-86.577513,-89.991629,-90.000000,-90.000000,-90.000000,-90.000000,-90.000000,-90.000000,-90.000000,-89.977855,-92.489351,-89.945070,-90.368863,-89.038450,-83.192480,-47.092409
26.548415,74.365674,-35.573769,-48.926076,-79.426709,-85.789048,-89.776658,-90.000000,-90.000000,-90.000000,-90.000000,-90.000000,-90.000000,-90.000000,-87.087886,-87.005005,-89.989476,-86.804496,-81.065106,-64.511822,-38.599389,-41.555217,-57.550846,-84.865246,-87.977418,-89.988992,-90.000000,-90.000000,-90.000000,-90.000000,-90.000000,-90.000000,-90.000000,-89.970661,-92.434011,-89.844092,-90.431474,-89.247164,-83.839955,-47.548107
25.748554,74.380552,-34.944562,-48.488368,-80.445559,-88.249589,-89.660177,-90.000000,-90.000000,-90.000000,-90.000000,-90.000000,-90.000000,-90.000000,-87.093525,-87.184237,-89.983927,-85.953712,-81.716826,-64.524881,-37.215104,-41.495785,-57.757772,-86.422075,-89.087169,-89.981119,-90.000000,-90.000000,-90.000000,-90.000000,-90.000000,-90.000000,-90.000000,-89.970198,-92.267311,-89.786770,-90.482342,-89.500229,-84.525367,-48.148846
24.948692,74.395430,-34.390576,-48.019298,-81.076583,-89.855018,-89.599650,-90.000000,-90.000000,-90.000000,-90.000000,-90.000000,-90.000000,-90.000000,-86.988728,-87.513789,-89.997554,-85.397715,-82.245932,-64.656158,-36.413005,-41.586979,-58.184190,-87.117974,-89.755165,-89.970719,-90.000000,-90.000000,-90.000000,-90.000000,-90.000000,-90.000000,-90.000000,-89.976894,-92.010052,-89.771142,-90.512812,-89.721072,-85.224282,-48.872008
24.148830,74.410308,-33.935145,-47.676747,-81.408065,-90.631763,-89.604507,-90.000000,-90.000000,-90.000000,-90.000000,-90.000000,-90.000000,-90.000000,-86.937467,-87.956805,-90.023562,-85.269458,-82.563742,-64.890276,-36.217869,-41.874020,-58.861312,-87.088967,-90.013641,-89.963219,-90.000000,-90.000000,-90.000000,-90.000000,-90.000000,-90.000000,-90.000000,-89.989160,-91.688961,-89.790294,-90.514456,-89.842762,-85.910468,-49.683985
23.348969,74.425185,-33.564308,-47.561055,-81.654130,-90.837549,-89.665693,-90.000000,-90.000000,-90.000000,-90.000000,-90.000000,-90.000000,-90.000000,-86.914747,-88.461288,-90.051805,-85.616778,-82.651116,-65.208628,-36.589563,-42.368001,-59.725890,-86.820913,-90.016930,-89.963905,-90.000000,-90.000000,-90.000000,-90.000000,-90.000000,-90.000000,-90.000000,-90.003468,-91.332985,-89.833323,-90.480595,-89.818791,-86.557730,-50.542764
22.549107,74.440063,-33.263166,-47.700904,-82.019614,-90.785134,-89.754183,-90.000000,-90.000000,-90.000000,-90.000000,-90.000000,-90.000000,-90.000000,-86.934626,-88.965190,-90.070631,-86.387642,-82.548978,-65.589238,-37.424056,-43.037621,-60.645134,-86.785669,-89.932740,-89.974198,-90.000000,-90.000000,-90.000000,-90.000000,-90.000000,-90.000000,-90.000000,-90.014774,-90.969776,-89.886893,-90.407451,-89.629480,-87.141602,-51.401379
21.749245,74.454941,-33.042678,-48.060178,-82.583629,-90.682380,-89.826487,-90.000000,-90.000000,-90.000000,-90.000000,-90.000000,-90.000000,-90.000000,-87.333833,-89.404835,-90.068852,-87.443269,-82.335407,-66.006686,-38.566926,-43.812864,-61.462657,-87.167361,-89.855693,-89.989270,-90.000000,-90.000000,-90.000000,-90.000000,-90.000000,-90.000000,-90.000000,-90.017271,-90.622804,-89.937105,-90.294750,-89.283087,-87.640752,-52.211780
20.949384,74.469819,-32.938541,-48.558679,-83.265096,-90.566374,-89.836565,-90.000000,-90.000000,-90.000000,-90.000000,-90.000000,-90.000000,-90.000000,-88.600865,-89.724883,-90.037493,-88.593894,-82.097470,-66.432438,-39.840457,-44.599989,-62.046136,-87.828505,-89.785736,-89.999642,-90.000000,-90.000000,-90.000000,-90.000000,-90.000000,-90.000000,-90.000000,-90.005377,-90.309546,-89.971493,-90.145718,-88.811884,-88.038066,-52.928882
20.149522,74.484696,-32.985143,-49.097887,-83.879941,-90.343699,-89.750191,-90.000000,-90.000000,-90.000000,-90.000000,-90.000000,-90.000000,-90.000000,-89.250190,-89.887507,-89.971029,-89.645194,-81.906262,-66.836204,-41.077133,-45.303203,-62.320271,-88.475177,-89.666372,-89.996867,-90.000000,-90.000000,-90.000000,-90.000000,-90.000000,-90.000000,-90.000000,-89.974791,-90.040774,-89.980844,-89.966533,-88.264465,-88.321357,-53.514299
20.164400,75.284558,-35.963925,-47.327537,-85.662710,-86.347888,-90.052966,-90.000000,-90.000000,-90.000000,-90.000000,-90.000000,-90.000000,-90.000000,-90.021212,-89.950354,-89.976549,-90.057512,-85.610704,-73.102441,-44.259356,-44.529638,-56.331428,-89.484819,-91.682064,-89.999055,-90.000000,-90.000000,-90.000000,-90.000000,-90.000000,-90.000000,-90.000000,-89.977943,-89.895433,-89.971057,-89.944382,-90.060549,-89.110090,-57.272157
20.964262,75.269680,-35.799596,-46.517096,-85.429996,-85.114968,-89.944814,-90.000000,-90.000000,-90.000000,-90.000000,-90.000000,-90.000000,-90.000000,-89.119358,-90.014434,-90.010432,-90.002950,-85.610990,-73.139830,-44.181036,-44.577883,-55.747784,-89.630784,-91.057070,-90.007778,-90.000000,-90.000000,-90.000000,-90.000000,-90.000000,-90.000000,-90.000000,-90.000554,-89.965580,-90.055947,-90.024545,-89.997108,-89.098060,-56.876045
21.764123,75.254803,-35.501105,-45.630595,-84.673084,-83.469612,-89.221609,-90.000000,-90.000000,-90.000000,-90.000000,-90.000000,-90.000000,-90.000000,-88.485754,-89.956604,-89.995860,-89.870386,-85.809375,-72.982823,-44.294429,-44.629322,-55.085951,-89.422540,-89.916019,-90.018892,-90.000000,-90.000000,-90.000000,-90.000000,-90.000000,-90.000000,-90.000000,-90.009299,-90.090352,-90.060031,-90.074019,-89.952980,-88.965409,-56.319106
22.563985,75.239925,-35.138834,-44.764518,-83.522247,-81.662272,-87.881211,-90.000000,-90.000000,-90.000000,-90.000000,-90.000000,-90.000000,-90.000000,-88.932604,-89.772503,-89.942287,-89.694561,-86.218718,-72.625557,-44.678217,-44.646984,-54.336517,-88.820516,-88.457184,-90.006837,-90.000000,-90.000000,-90.000000,-90.000000,-90.000000,-90.000000,-90.000000,-90.009867,-90.290756,-89.973661,-90.095769,-89.930769,-88.706849,-55.628240
23.363847,75.225047,-34.796242,-44.022951,-82.207641,-79.984163,-86.100001,-90.000000,-90.000000,-90.000000,-90.000000,-90.000000,-90.000000,-90.000000,-88.041240,-89.455421,-89.866385,-89.517195,-86.786299,-72.068503,-45.344740,-44.595011,-53.493744,-87.933425,-86.973196,-89.964433,-90.000000,-90.000000,-90.000000,-90.000000,-90.000000,-90.000000,-90.000000,-90.007599,-90.582091,-89.802660,-90.095725,-89.924993,-88.322132,-54.833162
24.163708,75.210169,-34.540615,-43.499590,-80.975508,-78.700009,-84.202899,-90.000000,-90.000000,-90.000000,-90.000000,-90.000000,-90.000000,-90.000000,-87.438938,-88.994602,-89.790400,-89.379699,-87.397530,-71.319317,-46.235001,-44.452546,-52.574058,-86.992695,-85.769580,-89.933030,-90.000000,-90.000000,-90.000000,-90.000000,-90.000000,-90.000000,-90.000000,-90.006094,-90.969111,-89.572494,-90.082155,-89.923227,-87.816766,-53.963733
24.963570,75.195291,-34.406488,-43.261629,-80.016402,-77.994307,-82.574293,-90.000000,-90.000000,-90.000000,-90.000000,-90.000000,-90.000000,-90.000000,-87.603996,-88.380502,-89.739045,-89.315078,-87.896155,-70.394374,-47.244905,-44.224898,-51.635948,-86.253822,-85.075307,-89.977026,-90.000000,-90.000000,-90.000000,-90.000000,-90.000000,-90.000000,-90.000000,-90.006447,-91.442186,-89.332231,-90.064513,-89.908319,-87.202338,-53.047922
25.763432,75.180414,-34.393054,-43.337879,-79.438763,-77.942658,-81.542001,-90.000000,-90.000000,-90.000000,-90.000000,-90.000000,-90.000000,-90.000000,-87.322294,-87.617475,-89.735292,-89.340632,-88.116838,-69.320566,-48.262180,-43.947456,-50.789579,-85.883306,-84.976886,-90.112096,-90.000000,-90.000000,-90.000000,-90.000000,-90.000000,-90.000000,-90.000000,-90.007398,-91.975567,-89.155961,-90.051843,-89.861108,-86.496393,-52.110659
26.563293,75.165536,-34.468786,-43.712459,-79.284922,-78.510757,-81.279650,-90.000000,-90.000000,-90.000000,-90.000000,-90.000000,-90.000000,-90.000000,-87.068597,-86.739942,-89.795734,-89.453311,-87.922308,-68.136588,-49.186291,-43.680206,-50.186017,-85.908086,-85.401386,-90.257474,-90.000000,-90.000000,-90.000000,-90.000000,-90.000000,-90.000000,-90.000000,-90.006356,-92.528690,-89.137779,-90.050960,-89.763136,-85.721798,-51.173507
27.363155,75.150658,-34.578978,-44.325557,-79.556499,-79.578340,-81.764215,-90.000000,-90.000000,-90.000000,-90.000000,-90.000000,-90.000000,-90.000000,-87.215182,-85.824437,-89.926506,-89.629669,-87.235990,-66.893179,-49.919193,-43.494110,-49.983923,-86.254546,-86.156046,-90.276355,-90.000000,-90.000000,-90.000000,-90.000000,-90.000000,-90.000000,-90.000000,-90.000932,-93.050618,-89.376849,-90.064756,-89.599047,-84.905563,-50.254925
28.163016,75.135780,-34.658711,-45.083303,-80.214691,-80.982395,-82.800994,-90.000000,-90.000000,-90.000000,-90.000000,-90.000000,-90.000000,-90.000000,-87.579063,-84.988204,-90.120795,-89.831275,-86.062437,-65.651303,-50.341970,-43.453781,-50.303423,-86.824155,-87.008439,-90.090448,-90.000000,-90.000000,-90.000000,-90.000000,-90.000000,-90.000000,-90.000000,-89.990384,-93.487332,-89.952295,-90.091071,-89.358761,-84.077169,-49.370893
28.962878,75.120903,-34.654238,-45.877290,-81.150216,-82.564899,-84.100200,-90.000000,-90.000000,-90.000000,-90.000000,-90.000000,-90.000000,-90.000000,-88.514507,-84.368933,-90.358823,-90.015135,-84.491316,-64.478275,-50.309458,-43.601849,-51.183898,-87.521396,-87.771539,-89.771098,-90.000000,-90.000000,-90.000000,-90.000000,-90.000000,-90.000000,-90.000000,-89.976363,-93.790476,-90.893035,-90.122589,-89.039672,-83.266469,-48.535509
29.762740,75.106025,-34.547123,-46.611004,-82.157476,-84.202199,-85.372710,-90.000000,-90.000000,-90.000000,-90.000000,-90.000000,-90.000000,-90.000000,-88.677373,-84.087465,-90.610699,-90.146432,-82.684786,-63.441849,-49.686939,-43.949577,-52.563047,-88.209480,-88.355176,-89.508531,-90.000000,-90.000000,-90.000000,-90.000000,-90.000000,-90.000000,-90.000000,-89.962598,-93.925919,-92.152460,-90.148060,-88.649175,-82.501289,-47.761355
30.562601,75.091147,-34.366460,-47.225589,-82.962436,-85.793766,-86.410692,-90.000000,-90.000000,-90.000000,-90.000000,-90.000000,-90.000000,-90.000000,-88.220382,-84.205054,-90.841923,-90.209422,-80.852334,-62.603429,-48.423269,-44.475434,-54.285552,-88.668459,-88.761740,-89.467332,-90.000000,-90.000000,-90.000000,-90.000000,-90.000000,-90.000000,-90.000000,-89.953523,-93.880109,-93.599259,-90.154909,-88.207578,-81.804940,-47.059512
31.362463,75.076269,-34.176733,-47.715136,-83.322627,-87.212107,-87.131215,-90.000000,-90.000000,-90.000000,-90.000000,-90.000000,-90.000000,-90.000000,-89.374095,-84.691978,-91.020621,-90.211884,-79.218502,-62.011016,-46.622810,-45.130640,-56.138880,-88.659756,-89.033796,-89.654664,-90.000000,-90.000000,-90.000000,-90.000000,-90.000000,-90.000000,-90.000000,-89.952376,-93.662979,-95.032308,-90.132924,-87.750818,-81.193784,-46.439164
32.162325,75.061391,-34.044118,-48.123129,-83.153936,-88.247091,-87.575450,-90.000000,-90.000000,-90.000000,-90.000000,-90.000000,-90.000000,-90.000000,-89.521831,-85.423932,-91.124981,-90.180463,-77.990288,-61.693440,-44.566667,-45.848631,-57.902486,-88.100714,-89.187474,-89.922927,-90.000000,-90.000000,-90.000000,-90.000000,-90.000000,-90.000000,-90.000000,-89.959555,-93.306609,-96.219541,-90.078307,-87.331976,-80.675139,-45.906947
32.962186,75.046514,-34.001000,-48.518694,-82.596019,-88.598329,-87.870176,-90.000000,-90.000000,-90.000000,-90.000000,-90.000000,-90.000000,-90.000000,-88.479207,-86.212690,-91.149142,-90.147667,-77.329447,-61.656657,-42.652887,-46.555337,-59.393557,-87.205923,-89.174285,-90.097252,-90.000000,-90.000000,-90.000000,-90.000000,-90.000000,-90.000000,-90.000000,-89.972125,-92.860022,-96.951824,-89.997076,-87.020135,-80.245691,-45.466190
33.762048,75.031636,-34.032381,-48.960321,-81.952680,-87.950902,-88.167379,-90.000000,-90.000000,-90.000000,-90.000000,-90.000000,-90.000000,-90.000000,-89.507085,-86.863359,-91.105902,-90.135356,-77.333152,-61.882483,-41.268069,-47.178221,-60.495661,-86.425520,-88.897089,-90.105994,-90.000000,-90.000000,-90.000000,-90.000000,-90.000000,-90.000000,-90.000000,-89.984974,-92.381348,-97.096483,-89.906653,-86.895207,-79.890603,-45.116226
34.561910,75.016758,-34.093316,-49.461342,-81.528836,-86.116195,-88.581857,-90.000000,-90.000000,-90.000000,-90.000000,-90.000000,-90.000000,-90.000000,-89.658689,-87.238195,-91.025159,-90.142195,-78.024579,-62.329969,-40.645592,-47.653432,-61.164587,-86.173428,-88.271527,-90.008941,-90.000000,-90.000000,-90.000000,-90.000000,-90.000000,-90.000000,-90.000000,-89.993561,-91.928943,-96.633871,-89.834694,-87.038077,-79.583503,-44.852066
35.361771,75.001880,-34.144134,-49.972622,-81.466048,-83.168122,-89.148098,-90.000000,-90.000000,-90.000000,-90.000000,-90.000000,-90.000000,-90.000000,-88.084422,-87.302490,-90.947983,-90.141873,-79.352711,-62.938535,-40.780537,-47.931577,-61.415729,-86.547851,-87.294166,-89.921011,-90.000000,-90.000000,-90.000000,-90.000000,-90.000000,-90.000000,-90.000000,-89.997427,-91.553231,-95.665911,-89.814633,-87.516404,-79.287363,-44.664458
36.161633,74.987002,-34.177002,-50.391219,-81.683088,-79.490153,-89.810075,-90.000000,-90.000000,-90.000000,-90.000000,-90.000000,-90.000000,-90.000000,-88.534628,-87.134813,-90.917150,-90.094775,-81.199876,-63.632456,-41.445791,-47.982440,-61.302250,-87.278014,-86.073315,-89.912334,-90.000000,-90.000000,-90.000000,-90.000000,-90.000000,-90.000000,-90.000000,-90.003128,-91.290329,-94.393704,-89.878219,-88.367948,-78.956319,-44.540532
36.961495,74.972125,-34.214816,-50.593320,-81.951387,-75.691497,-90.445368,-90.000000,-90.000000,-90.000000,-90.000000,-90.000000,-90.000000,-90.000000,-89.853770,-86.897741,-90.965933,-89.969114,-83.394575,-64.325945,-42.299922,-47.798559,-60.894341,-87.936382,-84.803239,-89.969519,-90.000000,-90.000000,-90.000000,-90.000000,-90.000000,-90.000000,-90.000000,-90.025097,-91.158008,-93.070707,-90.046134,-89.584454,-78.538343,-44.464979
37.761356,74.957247,-34.285659,-50.479527,-82.041001,-72.421546,-90.910153,-90.000000,-90.000000,-90.000000,-90.000000,-90.000000,-90.000000,-90.000000,-88.674398,-86.780080,-91.107535,-89.761514,-85.727458,-64.928459,-43.028878,-47.397000,-60.265680,-88.227505,-83.698085,-90.033943,-90.000000,-90.000000,-90.000000,-90.000000,-90.000000,-90.000000,-90.000000,-90.083415,-91.153881,-91.944162,-90.318555,-91.099881,-77.978604,-44.421677
38.561218,74.942369,-34.395025,-50.015473,-81.836750,-70.167001,-91.083202,-90.000000,-90.000000,-90.000000,-90.000000,-90.000000,-90.000000,-90.000000,-87.217411,-86.930237,-91.327528,-89.504917,-87.968512,-65.350229,-43.451119,-46.818562,-59.487801,-88.127195,-82.923326,-90.061033,-90.000000,-90.000000,-90.000000,-90.000000,-90.000000,-90.000000,-90.000000,-90.198386,-91.255520,-91.198988,-90.667976,-92.786604,-77.223311,-44.395590
39.361079,74.927491,-34.517880,-49.252944,-81.364438,-69.120431,-90.891583,-90.000000,-90.000000,-90.000000,-90.000000,-90.000000,-90.000000,-90.000000,-86.893167,-87.401147,-91.581344,-89.255373,-89.884794,-65.508097,-43.544281,-46.124124,-58.629781,-87.809543,-82.555893,-90.043948,-90.000000,-90.000000,-90.000000,-90.000000,-90.000000,-90.000000,-90.000000,-90.383018,-91.422260,-90.916825,-91.036513,-94.462081,-76.223755,-44.374656
40.160941,74.912614,-34.614806,-48.324339,-80.738624,-69.167493,-90.314284,-90.000000,-90.000000,-90.000000,-90.000000,-90.000000,-90.000000,-90.000000,-86.872661,-88.120829,-91.797813,-89.058544,-91.258467,-65.331919,-43.399516,-45.388388,-57.759872,-87.476954,-82.582003,-90.001624,-90.000000,-90.000000,-90.000000,-90.000000,-90.000000,-90.000000,-90.000000,-90.635530,-91.598773,-91.057975,-91.339287,-95.906646,-74.940258,-44.351359
40.960803,74.897736,-34.657115,-47.413064,-80.086414,-69.980898,-89.374077,-90.000000,-90.000000,-90.000000,-90.000000,-90.000000,-90.000000,-90.000000,-86.872161,-88.894934,-91.888614,-88.907585,-91.905320,-64.771448,-43.144108,-44.691683,-56.946956,-87.240348,-82.921292,-89.965654,-90.000000,-90.000000,-90.000000,-90.000000,-90.000000,-90.000000,-90.000000,-90.934464,-91.720678,-91.469563,-91.474281,-96.890640,-73.345711,-44.323713
41.760664,74.882858,-34.641260,-46.709844,-79.495516,-71.167388,-88.131628,-90.000000,-90.000000,-90.000000,-90.000000,-90.000000,-90.000000,-90.000000,-86.872110,-89.440948,-91.762301,-88.711747,-91.693544,-63.803256,-42.877357,-44.110561,-56.260362,-87.102688,-83.460216,-89.984425,-90.000000,-90.000000,-90.000000,-90.000000,-90.000000,-90.000000,-90.000000,-91.238607,-91.722386,-91.918455,-91.337700,-97.207050,-71.428455,-44.295432
42.560526,74.867980,-34.584475,-46.368158,-79.001607,-72.404303,-86.687238,-90.000000,-90.000000,-90.000000,-90.000000,-90.000000,-90.000000,-90.000000,-86.872105,-89.448839,-91.340496,-88.294498,-90.561538,-62.436700,-42.644163,-43.707962,-55.766503,-87.004500,-84.082923,-90.135424,-90.000000,-90.000000,-90.000000,-90.000000,-90.000000,-90.000000,-90.000000,-91.492685,-91.546726,-92.143473,-90.842317,-96.704141,-69.194209,-44.275210
43.360388,74.853102,-34.509167,-46.470411,-78.603246,-73.520198,-85.183316,-90.000000,-90.000000,-90.000000,-90.000000,-90.000000,-90.000000,-90.000000,-86.872099,-88.657799,-90.573346,-87.430503,-88.532063,-60.717713,-42.444751,-43.523984,-55.520868,-86.871408,-84.694738,-90.521254,-90.000000,-90.000000,-90.000000,-90.000000,-90.000000,-90.000000,-90.000000,-91.638071,-91.155177,-91.917020,-89.935429,-95.312199,-66.666945,-44.275174
44.160249,74.838225,-34.430045,-47.012136,-78.285934,-74.503321,-83.794617,-90.000000,-90.000000,-90.000000,-90.000000,-90.000000,-90.000000,-90.000000,-86.872525,-86.933154,-89.451278,-85.915119,-85.719152,-58.729061,-42.262768,-43.568808,-55.555657,-86.640706,-85.236200,-91.213867,-90.000000,-90.000000,-90.000000,-90.000000,-90.000000,-90.000000,-90.000000,-91.626032,-90.536730,-91.102855,-88.612699,-93.059293,-63.888581,-44.308765
44.960111,74.823347,-34.352471,-47.906311,-78.043269,-75.449668,-82.699355,-90.000000,-90.000000,-90.000000,-90.000000,-90.000000,-90.000000,-90.000000,-86.907742,-84.322666,-88.010683,-83.644689,-82.324133,-56.586119,-42.092007,-43.819748,-55.866760,-86.279270,-85.686004,-92.133076,-90.000000,-90.000000,-90.000000,-90.000000,-90.000000,-90.000000,-90.000000,-91.429987,-89.713134,-89.695278,-86.924680,-90.072758,-60.917477,-44.388385
45.759973,74.808469,-34.279933,-49.005003,-77.889206,-76.480639,-82.037469,-90.000000,-90.000000,-90.000000,-90.000000,-90.000000,-90.000000,-90.000000,-87.765309,-81.072648,-86.332316,-80.678787,-78.618713,-54.427924,-41.949109,-44.224103,-56.406347,-85.806966,-86.052548,-92.946493,-90.000000,-90.000000,-90.000000,-90.000000,-90.000000,-90.000000,-90.000000,-91.053269,-88.738717,-87.827925,-84.974364,-86.565873,-57.825923,-44.523187
46.559834,74.793591,-34.221876,-50.132377,-77.857961,-77.666710,-81.872822,-90.000000,-90.000000,-90.000000,-90.000000,-90.000000,-90.000000,-90.000000,-93.382138,-77.592227,-84.532378,-77.258633,-74.915393,-52.404123,-41.869355,-44.708348,-57.087008,-85.315575,-86.357779,-93.171279,-90.000000,-90.000000,-90.000000,-90.000000,-90.000000,-90.000000,-90.000000,-90.530050,-87.694056,-85.747243,-82.905584,-82.811721,-54.696665,-44.717422
47.359696,74.778714,-34.194257,-51.120973,-77.989836,-78.986254,-82.176560,-90.000000,-90.000000,-90.000000,-90.000000,-90.000000,-90.000000,-90.000000,-99.201161,-74.370599,-82.747793,-73.771353,-71.528970,-50.659405,-41.890436,-45.192165,-57.798855,-84.953975,-86.620480,-92.524025,-90.000000,-90.000000,-90.000000,-90.000000,-90.000000,-90.000000,-90.000000,-89.919037,-86.674288,-83.756403,-80.884300,-79.108670,-51.618775,-44.969574
48.159558,74.763836,-34.212030,-51.843023,-78.307734,-80.331427,-82.839127,-90.000000,-90.000000,-90.000000,-90.000000,-90.000000,-90.000000,-90.000000,-89.911664,-71.868587,-81.118212,-70.668594,-68.735581,-49.317712,-42.033656,-45.604014,-58.434892,-84.865828,-86.846617,-91.228577,-90.000000,-90.000000,-90.000000,-90.000000,-90.000000,-90.000000,-90.000000,-89.291677,-85.774344,-82.144886,-79.076122,-75.743393,-48.683165,-45.272424
48.174435,75.563697,-37.732878,-61.709260,-86.441949,-89.655237,-89.345491,-90.000000,-90.000000,-90.000000,-90.000000,-90.000000,-90.000000,-90.000000,-60.132413,-63.944553,-72.722601,-61.316795,-51.667349,-38.267749,-43.379811,-51.273268,-70.715228,-89.628566,-89.826682,-90.012052,-90.000000,-90.000000,-90.000000,-90.000000,-90.000000,-90.000000,-90.000000,-79.904517,-79.128643,-72.861990,-68.551535,-57.195670,-47.778459,-45.868913
47.374574,75.578575,-37.553136,-61.217351,-85.842449,-88.881763,-88.770912,-90.000000,-90.000000,-90.000000,-90.000000,-90.000000,-90.000000,-90.000000,-74.202389,-66.589249,-73.627716,-65.748490,-53.526799,-39.739442,-43.221894,-51.130683,-69.714875,-89.865720,-89.690560,-90.103389,-90.000000,-90.000000,-90.000000,-90.000000,-90.000000,-90.000000,-90.000000,-81.068388,-80.065860,-75.927720,-71.356629,-61.577342,-50.479071,-45.486708
46.574712,75.593453,-37.122929,-60.319106,-85.044113,-87.896689,-88.320256,-90.000000,-90.000000,-90.000000,-90.000000,-90.000000,-90.000000,-90.000000,-84.930509,-69.534659,-74.785598,-70.315805,-56.173593,-41.678190,-42.937057,-50.877183,-68.207744,-90.226548,-89.355723,-90.160308,-90.000000,-90.000000,-90.000000,-90.000000,-90.000000,-90.000000,-90.000000,-82.421170,-81.179090,-79.614606,-74.423064,-66.369548,-53.222770,-45.087923
45.774850,75.608331,-36.571560,-59.223404,-84.306055,-86.928399,-88.133333,-90.000000,-90.000000,-90.000000,-90.000000,-90.000000,-90.000000,-90.000000,-86.584446,-72.334328,-76.093147,-74.480272,-59.324412,-43.917735,-42.429525,-50.614929,-66.481711,-90.762810,-88.896691,-90.158559,-90.000000,-90.000000,-90.000000,-90.000000,-90.000000,-90.000000,-90.000000,-83.769727,-82.367559,-83.391430,-77.495451,-71.188776,-55.935032,-44.680849
44.974989,75.623209,-36.046716,-58.159581,-83.828478,-86.178313,-88.259418,-90.000000,-90.000000,-90.000000,-90.000000,-90.000000,-90.000000,-90.000000,-86.061757,-74.713241,-77.442557,-77.847596,-62.649838,-46.279119,-41.609835,-50.435939,-64.839606,-91.412564,-88.415042,-90.104791,-90.000000,-90.000000,-90.000000,-90.000000,-90.000000,-90.000000,-90.000000,-84.938696,-83.542328,-86.750176,-80.337474,-75.673014,-58.549238,-44.275543
44.175127,75.638086,-35.657647,-57.325035,-83.689362,-85.776741,-88.643861,-90.000000,-90.000000,-90.000000,-90.000000,-90.000000,-90.000000,-90.000000,-85.770022,-76.629305,-78.735752,-80.222314,-65.821526,-48.591907,-40.428257,-50.398829,-63.526243,-92.016235,-88.014727,-90.032812,-90.000000,-90.000000,-90.000000,-90.000000,-90.000000,-90.000000,-90.000000,-85.809266,-84.638233,-89.317689,-82.762808,-79.526356,-61.009819,-43.883373
43.375265,75.652964,-35.444386,-56.841710,-83.845680,-85.768738,-89.156438,-90.000000,-90.000000,-90.000000,-90.000000,-90.000000,-90.000000,-90.000000,-85.963789,-78.243408,-79.897221,-81.608660,-68.557837,-50.712744,-38.905239,-50.516101,-62.679043,-92.395913,-87.780841,-89.978824,-90.000000,-90.000000,-90.000000,-90.000000,-90.000000,-90.000000,-90.000000,-86.343569,-85.618705,-90.923716,-84.656827,-82.551653,-63.274505,-43.516317
42.575404,75.667842,-35.380961,-56.731683,-84.179219,-86.124506,-89.643497,-90.000000,-90.000000,-90.000000,-90.000000,-90.000000,-90.000000,-90.000000,-84.592490,-79.813910,-80.883372,-82.167567,-70.660705,-52.538942,-37.147892,-50.754403,-62.314217,-92.441222,-87.764433,-89.956577,-90.000000,-90.000000,-90.000000,-90.000000,-90.000000,-90.000000,-90.000000,-86.587680,-86.473319,-91.608812,-85.985767,-84.666531,-65.315721,-43.186055
41.775542,75.682720,-35.402661,-56.917488,-84.550898,-86.760516,-89.977706,-90.000000,-90.000000,-90.000000,-90.000000,-90.000000,-90.000000,-90.000000,-83.438254,-81.562248,-81.686331,-82.150189,-72.037065,-54.014961,-35.346215,-51.046126,-62.347989,-92.156585,-87.972818,-89.953652,-90.000000,-90.000000,-90.000000,-90.000000,-90.000000,-90.000000,-90.000000,-86.652116,-87.209814,-91.576483,-86.792095,-85.900612,-67.120838,-42.902970
40.975681,75.697597,-35.439872,-57.246285,-84.839195,-87.558833,-90.086620,-90.000000,-90.000000,-90.000000,-90.000000,-90.000000,-90.000000,-90.000000,-84.451071,-83.567825,-82.331692,-81.831116,-72.702661,-55.131790,-33.749226,-51.307367,-62.640830,-91.658194,-88.365512,-89.948920,-90.000000,-90.000000,-90.000000,-90.000000,-90.000000,-90.000000,-90.000000,-86.676131,-87.843888,-91.111895,-87.177995,-86.376309,-68.691438,-42.675182
40.175819,75.712475,-35.443499,-57.531897,-84.960775,-88.382643,-89.957665,-90.000000,-90.000000,-90.000000,-90.000000,-90.000000,-90.000000,-90.000000,-82.268018,-85.733398,-82.870417,-81.456373,-72.768443,-55.919906,-32.625993,-51.456921,-63.047912,-91.129102,-88.859574,-89.931474,-90.000000,-90.000000,-90.000000,-90.000000,-90.000000,-90.000000,-90.000000,-86.786686,-88.390162,-90.496566,-87.280871,-86.278024,-70.041592,-42.507712
39.375957,75.727353,-35.394140,-57.603952,-84.882169,-89.093284,-89.628914,-90.000000,-90.000000,-90.000000,-90.000000,-90.000000,-90.000000,-90.000000,-79.282146,-87.828887,-83.366604,-81.211277,-72.413699,-56.437926,-32.218324,-51.431790,-63.459011,-90.748013,-89.348038,-89.903949,-90.000000,-90.000000,-90.000000,-90.000000,-90.000000,-90.000000,-90.000000,-87.064472,-88.856861,-89.944427,-87.246137,-85.816833,-71.195504,-42.401938
38.576096,75.742231,-35.295850,-57.352066,-84.628254,-89.574591,-89.175903,-90.000000,-90.000000,-90.000000,-90.000000,-90.000000,-90.000000,-90.000000,-82.870869,-89.586700,-83.883215,-81.204638,-71.850867,-56.758919,-32.691255,-51.197100,-63.816955,-90.619408,-89.729902,-89.873436,-90.000000,-90.000000,-90.000000,-90.000000,-90.000000,-90.000000,-90.000000,-87.526304,-89.244973,-89.572534,-87.202394,-85.196975,-72.184508,-42.355338
37.776234,75.757109,-35.162296,-56.753345,-84.283323,-89.761795,-88.697763,-90.000000,-90.000000,-90.000000,-90.000000,-90.000000,-90.000000,-90.000000,-87.250408,-90.803536,-84.468844,-81.464518,-71.289170,-56.957104,-34.089056,-50.749568,-64.111401,-90.737665,-89.941432,-89.846027,-90.000000,-90.000000,-90.000000,-90.000000,-90.000000,-90.000000,-90.000000,-88.127696,-89.551203,-89.405959,-87.243304,-84.589939,-73.043884,-42.361601
36.976372,75.771986,-35.005429,-55.876411,-83.976730,-89.664336,-88.300027,-90.000000,-90.000000,-90.000000,-90.000000,-90.000000,-90.000000,-90.000000,-89.087720,-91.406750,-85.148048,-81.943472,-70.902994,-57.096917,-36.308024,-50.114997,-64.354541,-91.000652,-89.975089,-89.830550,-90.000000,-90.000000,-90.000000,-90.000000,-90.000000,-90.000000,-90.000000,-88.782714,-89.772727,-89.405816,-87.418502,-84.119071,-73.809687,-42.411100
36.176511,75.786864,-34.832528,-54.861822,-83.849744,-89.369951,-88.072559,-90.000000,-90.000000,-90.000000,-90.000000,-90.000000,-90.000000,-90.000000,-88.486703,-91.464646,-85.917111,-82.535046,-70.809573,-57.225862,-39.099700,-49.340741,-64.552585,-91.259035,-89.876982,-89.839389,-90.000000,-90.000000,-90.000000,-90.000000,-90.000000,-90.000000,-90.000000,-89.393171,-89.911614,-89.505218,-87.733889,-83.855038,-74.515814,-42.491669
35.376649,75.801742,-34.649999,-53.885261,-84.010502,-89.023869,-88.066911,-90.000000,-90.000000,-90.000000,-90.000000,-90.000000,-90.000000,-90.000000,-88.401287,-91.146263,-86.745975,-83.104043,-71.058780,-57.372112,-42.112636,-48.484521,-64.687971,-91.374736,-89.724209,-89.877750,-90.000000,-90.000000,-90.000000,-90.000000,-90.000000,-90.000000,-90.000000,-89.877283,-89.977221,-89.639724,-88.159793,-83.820585,-75.191694,-42.589798
34.576787,75.816620,-34.467485,-53.114732,-84.493809,-88.788441,-88.282600,-90.000000,-90.000000,-90.000000,-90.000000,-90.000000,-90.000000,-90.000000,-89.764025,-90.655029,-87.585500,-83.527788,-71.634618,-57.546400,-44.965431,-47.601753,-64.721976,-91.270799,-89.592880,-89.933497,-90.000000,-90.000000,-90.000000,-90.000000,-90.000000,-90.000000,-90.000000,-90.189321,-89.985931,-89.764692,-88.644120,-84.001046,-75.860511,-42.692054
33.776926,75.831497,-34.297611,-52.672845,-85.244337,-88.797138,-88.669349,-90.000000,-90.000000,-90.000000,-90.000000,-90.000000,-90.000000,-90.000000,-89.110728,-90.165587,-88.378282,-83.738930,-72.466881,-57.747615,-47.326630,-46.734027,-64.615264,-90.961179,-89.530965,-89.983748,-90.000000,-90.000000,-90.000000,-90.000000,-90.000000,-90.000000,-90.000000,-90.325929,-89.958611,-89.858501,-89.127190,-84.357357,-76.538254,-42.786830
32.977064,75.846375,-34.152483,-52.612528,-86.133582,-89.118319,-89.145329,-90.000000,-90.000000,-90.000000,-90.000000,-90.000000,-90.000000,-90.000000,-88.455366,-89.784945,-89.070426,-83.754680,-73.449487,-57.970400,-48.971151,-45.901634,-64.353445,-90.544871,-89.546932,-90.013241,-90.000000,-90.000000,-90.000000,-90.000000,-90.000000,-90.000000,-90.000000,-90.319528,-89.916892,-89.916038,-89.555117,-84.838448,-77.233475,-42.866238
32.177202,75.861253,-34.041681,-52.909128,-87.004139,-89.736906,-89.623287,-90.000000,-90.000000,-90.000000,-90.000000,-90.000000,-90.000000,-90.000000,-89.713760,-89.545128,-89.621705,-83.679021,-74.462159,-58.213245,-49.795864,-45.102337,-63.960231,-90.155045,-89.617658,-90.024111,-90.000000,-90.000000,-90.000000,-90.000000,-90.000000,-90.000000,-90.000000,-90.223201,-89.879500,-89.939221,-89.889460,-85.391359,-77.947816,-42.928097
31.377341,75.876131,-33.974635,-53.467812,-87.719958,-90.554091,-90.034718,-90.000000,-90.000000,-90.000000,-90.000000,-90.000000,-90.000000,-90.000000,-89.223086,-89.421054,-90.012063,-83.672722,-75.391713,-58.484797,-49.801266,-44.317127,-63.487827,-89.885729,-89.710639,-90.028138,-90.000000,-90.000000,-90.000000,-90.000000,-90.000000,-90.000000,-90.000000,-90.093192,-89.859680,-89.930871,-90.111998,-85.968184,-78.677033,-42.977625
30.577479,75.891009,-33.965310,-54.142111,-88.197981,-91.399977,-90.344168,-90.000000,-90.000000,-90.000000,-90.000000,-90.000000,-90.000000,-90.000000,-88.159944,-89.360699,-90.243486,-83.899308,-76.150670,-58.807116,-49.062840,-43.521730,-62.987097,-89.747794,-89.807991,-90.032324,-90.000000,-90.000000,-90.000000,-90.000000,-90.000000,-90.000000,-90.000000,-89.974648,-89.864145,-89.895066,-90.224665,-86.530332,-79.412470,-43.028577
29.777618,75.905886,-34.033873,-54.759098,-88.409900,-92.057268,-90.551204,-90.000000,-90.000000,-90.000000,-90.000000,-90.000000,-90.000000,-90.000000,-88.735961,-89.314091,-90.337360,-84.465960,-76.691219,-59.214834,-47.713022,-42.700951,-62.473667,-89.691459,-89.916651,-90.033217,-90.000000,-90.000000,-90.000000,-90.000000,-90.000000,-90.000000,-90.000000,-89.893968,-89.893459,-89.843052,-90.245618,-87.050766,-80.142731,-43.103431
28.977756,75.920764,-34.201088,-55.147280,-88.362865,-92.298847,-90.681094,-90.000000,-90.000000,-90.000000,-90.000000,-90.000000,-90.000000,-90.000000,-88.379258,-89.252194,-90.328432,-85.381961,-77.013177,-59.750059,-45.936398,-41.862020,-61.910690,-89.675340,-90.053669,-90.023804,-90.000000,-90.000000,-90.000000,-90.000000,-90.000000,-90.000000,-90.000000,-89.858315,-89.943431,-89.800199,-90.202989,-87.514906,-80.855366,-43.232225
28.177894,75.935642,-34.475406,-55.163606,-88.079220,-91.939777,-90.766424,-90.000000,-90.000000,-90.000000,-90.000000,-90.000000,-90.000000,-90.000000,-87.596504,-89.172849,-90.257102,-86.551239,-77.165294,-60.454177,-43.964815,-41.043065,-61.221090,-89.715463,-90.209049,-90.003769,-90.000000,-90.000000,-90.000000,-90.000000,-90.000000,-90.000000,-90.000000,-89.860505,-90.006880,-89.808111,-90.127980,-87.920692,-81.538434,-43.449956
27.378033,75.950520,-34.838042,-54.716570,-87.588733,-90.893813,-90.823820,-90.000000,-90.000000,-90.000000,-90.000000,-90.000000,-90.000000,-90.000000,-87.828962,-89.095562,-90.161833,-87.801965,-77.238769,-61.357835,-42.058573,-40.313807,-60.326946,-89.861577,-90.307091,-89.981760,-90.000000,-90.000000,-90.000000,-90.000000,-90.000000,-90.000000,-90.000000,-89.886292,-90.075353,-89.917658,-90.048757,-88.277604,-82.181728,-43.792464
26.578171,75.965398,-35.235197,-53.781881,-86.929579,-89.210889,-90.832382,-90.000000,-90.000000,-90.000000,-90.000000,-90.000000,-90.000000,-90.000000,-87.655683,-89.049952,-90.073192,-88.941532,-77.353247,-62.471563,-40.473031,-39.766965,-59.197573,-90.115474,-90.198675,-89.967910,-90.000000,-90.000000,-90.000000,-90.000000,-90.000000,-90.000000,-90.000000,-89.921137,-90.140482,-90.172858,-89.986122,-88.604509,-82.777642,-44.291240
25.778309,75.980275,-35.586207,-52.407897,-86.144324,-87.072272,-90.724166,-90.000000,-90.000000,-90.000000,-90.000000,-90.000000,-90.000000,-90.000000,-87.191030,-89.062851,-90.010390,-89.815594,-77.636205,-63.779075,-39.421703,-39.500907,-57.882407,-90.365453,-89.708165,-89.965175,-90.000000,-90.000000,-90.000000,-90.000000,-90.000000,-90.000000,-90.000000,-89.954548,-90.194887,-90.590622,-89.951378,-88.926052,-83.321593,-44.967813
24.978448,75.995153,-35.809206,-50.709283,-85.265148,-84.738200,-90.396853,-90.000000,-90.000000,-90.000000,-90.000000,-90.000000,-90.000000,-90.000000,-87.235857,-89.147978,-89.980516,-90.349560,-78.198392,-65.234897,-39.046613,-39.596367,-56.511595,-90.405348,-88.726305,-89.968211,-90.000000,-90.000000,-90.000000,-90.000000,-90.000000,-90.000000,-90.000000,-89.981390,-90.232739,-91.144838,-89.946301,-89.267756,-83.812011,-45.828599
24.178586,76.010031,-35.854071,-48.849505,-84.300944,-82.470305,-89.751421,-90.000000,-90.000000,-90.000000,-90.000000,-90.000000,-90.000000,-90.000000,-87.204004,-89.300525,-89.980069,-90.559358,-79.109677,-66.767291,-39.397469,-40.092362,-55.262858,-90.039113,-87.301906,-89.970036,-90.000000,-90.000000,-90.000000,-90.000000,-90.000000,-90.000000,-90.000000,-90.000748,-90.250019,-91.763054,-89.964744,-89.650375,-84.249994,-46.861245
23.378724,76.024909,-35.724590,-47.015221,-83.246231,-80.467068,-88.744343,-90.000000,-90.000000,-90.000000,-90.000000,-90.000000,-90.000000,-90.000000,-87.024804,-89.497063,-89.998006,-90.531234,-80.380382,-68.285908,-40.416474,-40.968165,-54.309227,-89.203008,-85.670463,-89.969192,-90.000000,-90.000000,-90.000000,-90.000000,-90.000000,-90.000000,-90.000000,-90.013558,-90.244650,-92.339636,-89.995242,-90.084567,-84.638651,-48.033225
22.578863,76.039786,-35.476116,-45.387137,-82.116311,-78.841231,-87.431238,-90.000000,-90.000000,-90.000000,-90.000000,-90.000000,-90.000000,-90.000000,-87.064786,-89.700217,-90.019431,-90.381960,-81.953106,-69.693077,-41.931790,-42.137845,-53.769384,-88.025175,-84.186851,-89.970441,-90.000000,-90.000000,-90.000000,-90.000000,-90.000000,-90.000000,-90.000000,-90.020290,-90.216481,-92.762539,-90.023951,-90.567026,-84.982297,-49.293298
21.779001,76.054664,-35.189950,-44.112684,-80.985227,-77.639372,-85.976667,-90.000000,-90.000000,-90.000000,-90.000000,-90.000000,-90.000000,-90.000000,-87.324803,-89.866537,-90.029104,-90.216390,-83.708038,-70.896544,-43.673226,-43.461268,-53.678999,-86.786737,-83.187878,-89.978558,-90.000000,-90.000000,-90.000000,-90.000000,-90.000000,-90.000000,-90.000000,-90.019603,-90.167158,-92.944656,-90.037355,-91.079164,-85.285582,-50.575818
20.979139,76.069542,-34.939971,-43.285369,-79.990958,-76.877637,-84.617816,-90.000000,-90.000000,-90.000000,-90.000000,-90.000000,-90.000000,-90.000000,-88.604044,-89.955624,-90.014225,-90.097546,-85.481423,-71.821426,-45.322383,-44.770325,-53.990210,-85.806872,-82.857621,-89.991467,-90.000000,-90.000000,-90.000000,-90.000000,-90.000000,-90.000000,-90.000000,-90.008276,-90.099847,-92.848377,-90.024389,-91.588702,-85.552706,-51.807399
20.179278,76.084420,-34.769338,-42.934319,-79.291592,-76.562485,-83.592480,-90.000000,-90.000000,-90.000000,-90.000000,-90.000000,-90.000000,-90.000000,-89.835368,-89.938423,-89.966192,-90.037069,-87.093866,-72.419247,-46.592065,-45.903971,-54.594421,-85.309988,-83.167652,-89.999870,-90.000000,-90.000000,-90.000000,-90.000000,-90.000000,-90.000000,-90.000000,-89.982209,-90.018845,-92.494553,-89.977773,-92.054212,-85.786754,-52.915007
20.194156,76.884281,-36.151262,-40.853172,-77.086931,-75.639056,-87.393935,-90.000000,-90.000000,-90.000000,-90.000000,-90.000000,-90.000000,-90.000000,-89.805349,-89.881312,-89.889959,-89.960278,-88.082041,-70.906504,-50.229299,-43.831133,-49.929214,-81.601933,-83.083843,-90.113542,-90.000000,-90.000000,-90.000000,-90.000000,-90.000000,-90.000000,-90.000000,-89.959795,-89.930125,-89.885989,-89.892319,-92.703252,-87.708825,-56.601260
20.994017,76.869404,-36.492377,-39.989998,-76.549498,-73.946094,-85.208787,-90.000000,-90.000000,-90.000000,-90.000000,-90.000000,-90.000000,-90.000000,-89.505981,-90.020659,-89.975396,-90.040251,-87.866353,-71.970722,-51.020734,-43.826180,-48.983261,-79.992677,-81.770563,-90.800073,-90.000000,-90.000000,-90.000000,-90.000000,-90.000000,-90.000000,-90.000000,-89.999698,-89.972611,-89.959074,-89.978909,-93.847156,-87.804986,-56.553044
21.793879,76.854526,-36.626454,-39.512738,-76.177026,-72.641332,-82.890388,-90.000000,-90.000000,-90.000000,-90.000000,-90.000000,-90.000000,-90.000000,-89.506254,-90.081047,-90.032010,-90.075063,-87.511633,-72.934483,-51.599229,-43.775334,-48.647464,-79.117427,-80.689388,-91.025315,-90.000000,-90.000000,-90.000000,-90.000000,-90.000000,-90.000000,-90.000000,-90.021734,-90.009292,-90.012724,-90.037127,-94.845748,-87.869676,-56.285208
22.593740,76.839648,-36.486774,-39.524596,-75.968475,-71.860545,-80.770073,-90.000000,-90.000000,-90.000000,-90.000000,-90.000000,-90.000000,-90.000000,-88.375479,-90.076805,-90.062749,-90.084058,-87.089450,-73.726532,-51.946386,-43.651253,-48.929375,-79.122776,-79.989062,-90.510921,-90.000000,-90.000000,-90.000000,-90.000000,-90.000000,-90.000000,-90.000000,-90.029412,-90.041713,-90.043093,-90.069135,-95.617082,-87.895777,-55.808636
23.393602,76.824770,-36.094888,-40.078467,-75.926905,-71.591743,-79.113876,-90.000000,-90.000000,-90.000000,-90.000000,-90.000000,-90.000000,-90.000000,-87.890799,-90.027647,-90.073118,-90.082282,-86.674522,-74.286131,-52.073648,-43.438954,-49.689915,-79.748502,-79.702436,-89.464669,-90.000000,-90.000000,-90.000000,-90.000000,-90.000000,-90.000000,-90.000000,-90.027232,-90.071688,-90.050054,-90.079384,-96.092572,-87.873163,-55.148308
24.193464,76.809892,-35.545381,-41.165748,-76.061715,-71.692725,-78.059004,-90.000000,-90.000000,-90.000000,-90.000000,-90.000000,-90.000000,-90.000000,-88.304605,-89.953672,-90.070535,-90.075480,-86.329614,-74.571648,-52.007533,-43.138761,-50.694605,-80.518500,-79.758256,-88.431098,-90.000000,-90.000000,-90.000000,-90.000000,-90.000000,-90.000000,-90.000000,-90.019565,-90.100875,-90.037505,-90.074136,-96.225802,-87.788944,-54.340454
24.993325,76.795015,-34.955944,-42.714630,-76.371908,-71.965252,-77.600741,-90.000000,-90.000000,-90.000000,-90.000000,-90.000000,-90.000000,-90.000000,-87.716185,-89.871221,-90.063341,-90.058651,-86.092891,-74.567079,-51.776477,-42.764869,-51.700155,-81.090633,-80.041100,-87.871445,-90.000000,-90.000000,-90.000000,-90.000000,-90.000000,-90.000000,-90.000000,-90.009705,-90.130422,-90.012626,-90.060733,-95.999275,-87.628050,-53.428501
25.793187,76.780137,-34.418623,-44.597556,-76.826628,-72.250041,-77.626160,-90.000000,-90.000000,-90.000000,-90.000000,-90.000000,-90.000000,-90.000000,-87.219688,-89.790588,-90.059535,-90.018934,-85.971020,-74.285157,-51.406793,-42.340805,-52.538916,-81.478077,-80.456812,-87.881445,-90.000000,-90.000000,-90.000000,-90.000000,-90.000000,-90.000000,-90.000000,-89.999412,-90.160776,-89.984228,-90.046652,-95.427901,-87.374092,-52.458346
26.593049,76.765259,-33.980977,-46.646233,-77.361530,-72.495341,-77.971601,-90.000000,-90.000000,-90.000000,-90.000000,-90.000000,-90.000000,-90.000000,-87.305618,-89.715732,-90.065349,-89.941911,-85.940162,-73.766560,-50.928500,-41.894029,-53.164941,-81.967052,-80.963011,-88.249294,-90.000000,-90.000000,-90.000000,-90.000000,-90.000000,-90.000000,-90.000000,-89.989073,-90.191709,-89.960656,-90.038404,-94.558434,-87.010586,-51.473801
27.392910,76.750381,-33.658038,-48.672529,-77.895879,-72.766239,-78.476819,-90.000000,-90.000000,-90.000000,-90.000000,-90.000000,-90.000000,-90.000000,-87.163711,-89.645526,-90.083874,-89.818857,-85.954780,-73.074938,-50.383956,-41.451781,-53.644959,-82.825750,-81.554863,-88.696409,-90.000000,-90.000000,-90.000000,-90.000000,-90.000000,-90.000000,-90.000000,-89.978436,-90.222540,-89.947918,-90.040409,-93.464612,-86.522258,-50.512659
28.192772,76.735504,-33.453857,-50.493030,-78.359115,-73.192522,-79.017457,-90.000000,-90.000000,-90.000000,-90.000000,-90.000000,-90.000000,-90.000000,-86.985300,-89.575800,-90.113946,-89.651802,-85.962115,-72.288624,-49.829848,-41.039405,-54.103629,-84.065119,-82.227744,-89.049782,-90.000000,-90.000000,-90.000000,-90.000000,-90.000000,-90.000000,-90.000000,-89.967633,-90.252480,-89.948587,-90.054008,-92.238410,-85.896475,-49.603973
28.992634,76.720626,-33.371575,-51.954513,-78.711332,-73.884651,-79.512678,-90.000000,-90.000000,-90.000000,-90.000000,-90.000000,-90.000000,-90.000000,-87.011470,-89.501583,-90.149557,-89.453960,-85.918180,-71.490013,-49.326711,-40.681135,-54.652345,-85.434276,-82.948821,-89.264071,-90.000000,-90.000000,-90.000000,-90.000000,-90.000000,-90.000000,-90.000000,-89.958040,-90.280987,-89.961781,-90.076790,-90.978490,-85.124524,-48.766640
29.792495,76.705748,-33.407838,-52.956500,-78.949745,-74.861974,-79.916372,-90.000000,-90.000000,-90.000000,-90.000000,-90.000000,-90.000000,-90.000000,-86.982500,-89.419326,-90.180007,-89.244975,-85.800632,-70.754474,-48.918528,-40.402184,-55.334730,-86.612218,-83.655628,-89.366890,-90.000000,-90.000000,-90.000000,-90.000000,-90.000000,-90.000000,-90.000000,-89.952511,-90.307956,-89.984047,-90.102470,-89.777542,-84.202806,-48.009430
30.592357,76.690870,-33.543033,-53.466443,-79.103657,-76.029268,-80.205493,-90.000000,-90.000000,-90.000000,-90.000000,-90.000000,-90.000000,-90.000000,-86.908611,-89.328974,-90.190940,-89.042706,-85.613980,-70.139894,-48.611701,-40.230435,-56.110792,-87.411343,-84.278142,-89.408023,-90.000000,-90.000000,-90.000000,-90.000000,-90.000000,-90.000000,-90.000000,-89.954628,-90.333668,-90.010735,-90.121503,-88.710381,-83.133556,-47.332009
31.392219,76.675992,-33.740292,-53.523577,-79.223838,-77.210208,-80.375698,-90.000000,-90.000000,-90.000000,-90.000000,-90.000000,-90.000000,-90.000000,-86.898956,-89.235700,-90.166220,-88.855173,-85.385150,-69.678572,-48.364951,-40.195836,-56.881743,-87.844381,-84.766895,-89.432210,-90.000000,-90.000000,-90.000000,-90.000000,-90.000000,-90.000000,-90.000000,-89.966990,-90.358415,-90.037266,-90.122514,-87.824873,-81.925184,-46.726792
32.192080,76.661115,-33.955855,-53.229724,-79.369285,-78.217026,-80.447318,-90.000000,-90.000000,-90.000000,-90.000000,-90.000000,-90.000000,-90.000000,-86.894520,-89.150595,-90.090441,-88.676536,-85.150127,-69.372441,-48.097287,-40.326343,-57.539780,-88.049564,-85.110396,-89.464091,-90.000000,-90.000000,-90.000000,-90.000000,-90.000000,-90.000000,-90.000000,-89.988947,-90.381871,-90.059888,-90.094484,-87.137237,-80.592095,-46.181192
32.991942,76.646237,-34.152949,-52.728544,-79.590880,-78.919720,-80.476101,-90.000000,-90.000000,-90.000000,-90.000000,-90.000000,-90.000000,-90.000000,-86.879794,-89.089235,-89.951646,-88.489480,-84.935361,-69.192047,-47.713375,-40.640670,-58.018331,-88.170304,-85.334652,-89.501977,-90.000000,-90.000000,-90.000000,-90.000000,-90.000000,-90.000000,-90.000000,-90.014600,-90.402361,-90.075792,-90.029415,-86.632593,-79.153917,-45.679926
33.791804,76.631359,-34.309912,-52.177904,-79.912934,-79.283457,-80.557119,-90.000000,-90.000000,-90.000000,-90.000000,-90.000000,-90.000000,-90.000000,-86.876825,-89.067289,-89.743728,-88.273833,-84.740345,-69.079920,-47.137862,-41.139693,-58.320731,-88.280246,-85.487932,-89.527307,-90.000000,-90.000000,-90.000000,-90.000000,-90.000000,-90.000000,-90.000000,-90.032100,-90.416274,-90.082818,-89.925012,-86.270858,-77.634385,-45.207337
34.591665,76.616481,-34.420319,-51.721731,-80.319722,-79.364778,-80.811397,-90.000000,-90.000000,-90.000000,-90.000000,-90.000000,-90.000000,-90.000000,-86.876203,-89.093192,-89.467955,-88.018119,-84.527163,-68.957373,-46.345274,-41.799978,-58.516921,-88.377946,-85.620381,-89.527969,-90.000000,-90.000000,-90.000000,-90.000000,-90.000000,-90.000000,-90.000000,-90.025060,-90.417932,-90.079213,-89.786722,-85.996652,-76.059680,-44.749384
35.391527,76.601604,-34.489761,-51.467461,-80.756798,-79.278355,-81.352147,-90.000000,-90.000000,-90.000000,-90.000000,-90.000000,-90.000000,-90.000000,-86.874117,-89.159818,-89.133201,-87.729414,-84.222030,-68.734398,-45.373278,-42.572595,-58.711720,-88.423457,-85.768137,-89.517368,-90.000000,-90.000000,-90.000000,-90.000000,-90.000000,-90.000000,-90.000000,-89.976323,-90.400108,-90.063916,-89.628499,-85.751434,-74.456592,-44.295438
36.191388,76.586726,-34.534377,-51.473098,-81.151545,-79.155870,-82.240545,-90.000000,-90.000000,-90.000000,-90.000000,-90.000000,-90.000000,-90.000000,-86.874711,-89.238705,-88.754708,-87.437008,-83.729498,-68.321061,-44.313375,-43.389074,-58.999785,-88.380787,-85.947355,-89.529996,-90.000000,-90.000000,-90.000000,-90.000000,-90.000000,-90.000000,-90.000000,-89.873404,-90.355275,-90.037606,-89.471704,-85.485169,-72.850552,-43.839702
36.991250,76.571848,-34.580531,-51.744958,-81.444988,-79.112432,-83.450474,-90.000000,-90.000000,-90.000000,-90.000000,-90.000000,-90.000000,-90.000000,-86.874569,-89.281093,-88.351590,-87.187947,-82.956703,-67.639398,-43.282651,-44.173371,-59.426331,-88.245826,-86.157095,-89.593843,-90.000000,-90.000000,-90.000000,-90.000000,-90.000000,-90.000000,-90.000000,-89.713968,-90.277385,-90.004228,-89.341947,-85.165241,-71.263847,-43.382338
37.791112,76.556970,-34.660125,-52.244677,-81.617750,-79.224817,-84.862637,-90.000000,-90.000000,-90.000000,-90.000000,-90.000000,-90.000000,-90.000000,-86.872956,-89.228367,-87.943507,-87.035274,-81.840287,-66.633534,-42.387696,-44.856566,-59.969305,-88.052856,-86.385861,-89.703705,-90.000000,-90.000000,-90.000000,-90.000000,-90.000000,-90.000000,-90.000000,-89.509210,-90.163792,-89.972241,-89.264014,-84.780349,-69.714052,-42.929990
38.590973,76.542092,-34.797964,-52.902409,-81.695070,-79.518058,-86.295632,-90.000000,-90.000000,-90.000000,-90.000000,-90.000000,-90.000000,-90.000000,-86.872498,-89.030976,-87.547261,-87.022904,-80.368347,-65.277077,-41.693838,-45.389509,-60.548859,-87.859877,-86.616283,-89.821608,-90.000000,-90.000000,-90.000000,-90.000000,-90.000000,-90.000000,-90.000000,-89.283155,-90.016712,-89.954406,-89.255600,-84.338753,-68.212950,-42.495707
39.390835,76.527215,-34.996059,-53.632654,-81.729215,-79.959062,-87.563439,-90.000000,-90.000000,-90.000000,-90.000000,-90.000000,-90.000000,-90.000000,-86.872454,-88.670127,-87.174066,-87.171904,-78.590268,-63.576602,-41.208628,-45.749713,-61.059167,-87.720657,-86.826282,-89.905100,-90.000000,-90.000000,-90.000000,-90.000000,-90.000000,-90.000000,-90.000000,-89.067021,-89.843661,-89.965100,-89.321004,-83.861329,-66.766024,-42.098095
40.190697,76.512337,-35.226738,-54.349457,-81.771453,-80.461564,-88.534349,-90.000000,-90.000000,-90.000000,-90.000000,-90.000000,-90.000000,-90.000000,-86.872224,-88.173244,-86.828055,-87.472065,-76.610952,-61.570774,-40.882054,-45.941124,-61.409366,-87.659023,-86.989266,-89.936904,-90.000000,-90.000000,-90.000000,-90.000000,-90.000000,-90.000000,-90.000000,-88.889475,-89.656491,-90.014864,-89.446186,-83.371223,-65.372563,-41.759630
40.990558,76.497459,-35.443590,-54.978255,-81.849926,-80.907717,-89.165455,-90.000000,-90.000000,-90.000000,-90.000000,-90.000000,-90.000000,-90.000000,-86.872137,-87.614604,-86.506485,-87.880864,-74.571372,-59.325942,-40.621451,-45.987937,-61.557758,-87.659526,-87.077266,-89.930658,-90.000000,-90.000000,-90.000000,-90.000000,-90.000000,-90.000000,-90.000000,-88.765529,-89.469078,-90.103193,-89.596654,-82.883149,-64.026481,-41.504326
41.790420,76.482581,-35.606467,-55.462937,-81.962815,-81.185630,-89.499964,-90.000000,-90.000000,-90.000000,-90.000000,-90.000000,-90.000000,-90.000000,-86.872129,-87.097233,-86.201405,-88.328984,-72.620594,-56.928676,-40.317905,-45.925686,-61.527014,-87.677101,-87.068842,-89.913483,-90.000000,-90.000000,-90.000000,-90.000000,-90.000000,-90.000000,-90.000000,-88.687813,-89.294113,-90.212000,-89.719170,-82.395123,-62.717617,-41.354844
42.590282,76.467704,-35.704265,-55.767775,-82.085332,-81.231019,-89.633168,-90.000000,-90.000000,-90.000000,-90.000000,-90.000000,-90.000000,-90.000000,-86.872107,-86.720275,-85.902524,-88.730641,-70.887954,-54.477210,-39.880701,-45.792695,-61.395476,-87.657233,-86.959486,-89.905677,-90.000000,-90.000000,-90.000000,-90.000000,-90.000000,-90.000000,-90.000000,-88.624040,-89.139906,-90.303023,-89.747693,-81.885396,-61.433550,-41.329534
43.390143,76.452826,-35.758718,-55.875502,-82.183053,-81.055356,-89.666524,-90.000000,-90.000000,-90.000000,-90.000000,-90.000000,-90.000000,-90.000000,-86.872125,-86.543244,-85.600466,-88.996243,-69.462698,-52.072931,-39.273576,-45.624124,-61.268471,-87.557163,-86.769423,-89.913384,-90.000000,-90.000000,-90.000000,-90.000000,-90.000000,-90.000000,-90.000000,-88.522653,-89.008132,-90.321981,-89.613006,-81.315700,-60.161624,-41.439767
44.190005,76.437948,-35.805923,-55.783693,-82.224851,-80.745861,-89.671087,-90.000000,-90.000000,-90.000000,-90.000000,-90.000000,-90.000000,-90.000000,-86.874360,-86.562033,-85.289943,-89.045815,-68.386214,-49.813438,-38.541236,-45.448887,-61.240218,-87.363891,-86.543561,-89.933230,-90.000000,-90.000000,-90.000000,-90.000000,-90.000000,-90.000000,-90.000000,-88.326246,-88.893419,-90.210314,-89.254693,-80.640583,-58.891132,-41.688029
44.989867,76.423070,-35.868847,-55.501739,-82.192646,-80.435512,-89.672789,-90.000000,-90.000000,-90.000000,-90.000000,-90.000000,-90.000000,-90.000000,-86.933712,-86.707330,-84.971842,-88.821732,-67.656870,-47.787323,-37.811598,-45.288823,-61.360134,-87.105851,-86.341314,-89.958751,-90.000000,-90.000000,-90.000000,-90.000000,-90.000000,-90.000000,-90.000000,-87.989140,-88.784986,-89.922303,-88.633226,-79.820528,-57.615279,-42.067055
45.789728,76.408192,-35.940450,-55.049478,-82.087292,-80.254917,-89.659778,-90.000000,-90.000000,-90.000000,-90.000000,-90.000000,-90.000000,-90.000000,-87.402271,-86.867667,-84.654079,-88.299784,-67.244223,-46.070916,-37.264462,-45.158747,-61.615374,-86.850348,-86.218561,-89.982574,-90.000000,-90.000000,-90.000000,-90.000000,-90.000000,-90.000000,-90.000000,-87.493904,-88.670040,-89.442485,-87.739849,-78.835809,-56.332843,-42.560197
46.589590,76.393315,-35.988358,-54.457005,-81.929666,-80.286683,-89.602751,-90.000000,-90.000000,-90.000000,-90.000000,-90.000000,-90.000000,-90.000000,-88.311147,-86.928565,-84.350991,-87.496843,-67.106604,-44.726352,-37.072284,-45.066578,-61.935578,-86.679687,-86.208617,-89.996664,-90.000000,-90.000000,-90.000000,-90.000000,-90.000000,-90.000000,-90.000000,-86.861345,-88.538009,-88.797001,-86.602053,-77.697451,-55.049332,-43.142949
47.389451,76.378437,-35.976169,-53.764023,-81.755547,-80.541185,-89.476462,-90.000000,-90.000000,-90.000000,-90.000000,-90.000000,-90.000000,-90.000000,-88.101267,-86.812287,-84.081318,-86.472760,-67.205878,-43.800129,-37.335746,-45.013539,-62.217745,-86.652813,-86.310871,-89.994923,-90.000000,-90.000000,-90.000000,-90.000000,-90.000000,-90.000000,-90.000000,-86.150194,-88.384307,-88.053739,-85.283126,-76.452194,-53.777458,-43.785436
47.404329,77.178299,-34.971360,-50.580617,-81.888410,-81.215762,-87.948071,-90.000000,-90.000000,-90.000000,-90.000000,-90.000000,-90.000000,-90.000000,-86.872095,-87.972357,-90.728268,-87.178202,-78.737514,-58.015451,-43.168349,-44.084288,-57.660013,-87.727148,-86.850607,-89.901379,-90.000000,-90.000000,-90.000000,-90.000000,-90.000000,-90.000000,-90.000000,-89.641916,-89.830373,-89.524401,-89.380280,-87.504857,-74.198107,-43.632580
46.604468,77.193176,-35.055623,-50.852842,-81.884766,-81.274007,-88.068402,-90.000000,-90.000000,-90.000000,-90.000000,-90.000000,-90.000000,-90.000000,-86.872118,-87.953004,-90.431047,-86.988347,-78.043296,-58.149122,-43.080175,-44.020792,-57.885144,-87.704129,-86.853930,-89.907822,-90.000000,-90.000000,-90.000000,-90.000000,-90.000000,-90.000000,-90.000000,-89.366448,-89.783363,-89.489313,-89.127304,-87.271799,-74.363647,-43.610885
45.804606,77.208054,-35.176396,-51.104055,-81.862257,-81.392771,-88.213843,-90.000000,-90.000000,-90.000000,-90.000000,-90.000000,-90.000000,-90.000000,-86.872188,-87.937659,-90.112244,-86.875631,-77.515194,-58.654143,-43.005799,-43.985427,-58.220302,-87.685666,-86.887084,-89.910140,-90.000000,-90.000000,-90.000000,-90.000000,-90.000000,-90.000000,-90.000000,-89.110593,-89.729883,-89.454571,-88.863251,-87.069522,-74.547396,-43.708517
45.004744,77.222932,-35.318084,-51.306231,-81.816806,-81.518675,-88.384183,-90.000000,-90.000000,-90.000000,-90.000000,-90.000000,-90.000000,-90.000000,-86.872205,-87.942895,-89.803831,-86.870172,-77.284842,-59.554929,-42.936435,-43.983678,-58.633995,-87.672710,-86.943134,-89.906237,-90.000000,-90.000000,-90.000000,-90.000000,-90.000000,-90.000000,-90.000000,-88.909582,-89.676706,-89.428476,-88.617434,-86.946926,-74.772538,-43.922511
44.204883,77.237810,-35.446416,-51.426806,-81.750346,-81.586875,-88.562319,-90.000000,-90.000000,-90.000000,-90.000000,-90.000000,-90.000000,-90.000000,-86.872138,-87.977342,-89.533857,-86.981772,-77.456854,-60.839827,-42.866966,-44.016628,-59.071809,-87.662805,-87.006232,-89.898332,-90.000000,-90.000000,-90.000000,-90.000000,-90.000000,-90.000000,-90.000000,-88.787815,-89.629663,-89.416921,-88.416120,-86.946681,-75.063976,-44.242126
43.405021,77.252687,-35.518923,-51.436289,-81.672547,-81.542992,-88.707007,-90.000000,-90.000000,-90.000000,-90.000000,-90.000000,-90.000000,-90.000000,-86.872112,-88.039626,-89.322740,-87.197956,-78.082258,-62.458290,-42.800021,-44.078519,-59.464365,-87.652115,-87.055955,-89.892714,-90.000000,-90.000000,-90.000000,-90.000000,-90.000000,-90.000000,-90.000000,-88.754335,-89.592744,-89.421998,-88.278834,-87.096864,-75.446348,-44.649837
42.605159,77.267565,-35.504351,-51.317342,-81.599493,-81.364290,-88.754609,-90.000000,-90.000000,-90.000000,-90.000000,-90.000000,-90.000000,-90.000000,-86.872114,-88.119612,-89.180947,-87.487495,-79.141257,-64.323702,-42.747585,-44.155070,-59.741405,-87.640204,-87.074354,-89.895019,-90.000000,-90.000000,-90.000000,-90.000000,-90.000000,-90.000000,-90.000000,-88.802048,-89.567640,-89.441782,-88.215815,-87.404526,-75.942035,-45.123125
41.805298,77.282443,-35.400015,-51.072279,-81.548515,-81.070273,-88.634040,-90.000000,-90.000000,-90.000000,-90.000000,-90.000000,-90.000000,-90.000000,-86.872103,-88.202328,-89.108478,-87.808256,-80.541052,-66.321863,-42.729785,-44.223700,-59.849194,-87.633870,-87.052341,-89.904314,-90.000000,-90.000000,-90.000000,-90.000000,-90.000000,-90.000000,-90.000000,-88.910769,-89.553794,-89.471259,-88.227123,-87.852731,-76.569041,-45.636719
41.005436,77.297321,-35.235066,-50.725929,-81.530307,-80.717195,-88.292521,-90.000000,-90.000000,-90.000000,-90.000000,-90.000000,-90.000000,-90.000000,-86.872095,-88.272895,-89.096030,-88.116887,-82.130795,-68.324125,-42.771254,-44.256552,-59.766263,-87.645596,-86.992154,-89.911832,-90.000000,-90.000000,-90.000000,-90.000000,-90.000000,-90.000000,-90.000000,-89.052931,-89.548895,-89.503987,-88.303380,-88.401915,-77.339278,-46.165138
40.205574,77.312199,-35.056545,-50.322741,-81.541805,-80.378746,-87.722378,-90.000000,-90.000000,-90.000000,-90.000000,-90.000000,-90.000000,-90.000000,-86.872095,-88.320699,-89.127564,-88.377639,-83.730547,-70.203028,-42.895334,-44.226316,-59.511882,-87.685885,-86.904986,-89.907026,-90.000000,-90.000000,-90.000000,-90.000000,-90.000000,-90.000000,-90.000000,-89.200266,-89.549635,-89.533866,-88.427985,-88.995552,-78.257146,-46.685067
39.405713,77.327076,-34.907079,-49.918871,-81.564542,-80.122049,-86.975397,-90.000000,-90.000000,-90.000000,-90.000000,-90.000000,-90.000000,-90.000000,-86.872094,-88.341492,-89.183661,-88.568169,-85.167026,-71.847924,-43.116764,-44.113650,-59.143114,-87.754423,-86.805821,-89.886533,-90.000000,-90.000000,-90.000000,-90.000000,-90.000000,-90.000000,-90.000000,-89.329607,-89.552544,-89.556495,-88.580246,-89.569213,-79.318608,-47.177325
38.605851,77.341954,-34.808213,-49.571544,-81.571347,-79.989417,-86.155148,-90.000000,-90.000000,-90.000000,-90.000000,-90.000000,-90.000000,-90.000000,-86.872093,-88.337104,-89.244951,-88.681282,-86.306714,-73.177870,-43.434416,-43.913999,-58.739860,-87.837155,-86.708784,-89.857831,-90.000000,-90.000000,-90.000000,-90.000000,-90.000000,-90.000000,-90.000000,-89.426492,-89.554675,-89.569790,-88.738801,-90.061300,-80.510956,-47.628207
37.805990,77.356832,-34.757853,-49.328525,-81.539349,-79.991384,-85.387972,-90.000000,-90.000000,-90.000000,-90.000000,-90.000000,-90.000000,-90.000000,-86.872093,-88.313415,-89.295065,-88.723029,-87.077889,-74.149780,-43.826631,-43.641265,-58.381931,-87.912227,-86.624997,-89.833794,-90.000000,-90.000000,-90.000000,-90.000000,-90.000000,-90.000000,-90.000000,-89.486073,-89.554046,-89.573863,-88.884715,-90.423428,-81.813035,-48.030034
37.006128,77.371710,-34.739582,-49.219713,-81.462440,-80.109858,-84.784390,-90.000000,-90.000000,-90.000000,-90.000000,-90.000000,-90.000000,-90.000000,-86.872093,-88.277609,-89.322597,-88.708298,-87.476488,-74.760576,-44.252301,-43.326606,-58.125654,-87.960789,-86.562511,-89.823138,-90.000000,-90.000000,-90.000000,-90.000000,-90.000000,-90.000000,-90.000000,-89.511637,-89.549762,-89.570396,-89.003740,-90.628411,-83.196245,-48.381015
35.406405,77.401465,-34.731479,-49.408472,-81.247620,-80.528526,-84.262467,-90.000000,-90.000000,-90.000000,-90.000000,-90.000000,-90.000000,-90.000000,-86.872093,-88.192034,-89.293004,-88.582472,-87.404159,-75.058650,-44.996794,-42.742027,-57.947048,-87.960832,-86.517394,-89.833772,-90.000000,-90.000000,-90.000000,-90.000000,-90.000000,-90.000000,-90.000000,-89.496350,-89.531185,-89.550509,-89.133577,-90.583957,-86.063630,-48.947670
34.606543,77.416343,-34.723456,-49.649728,-81.168151,-80.723085,-84.304645,-90.000000,-90.000000,-90.000000,-90.000000,-90.000000,-90.000000,-90.000000,-86.872093,-88.147575,-89.240152,-88.502346,-87.118968,-74.882498,-45.231785,-42.551779,-57.950058,-87.930467,-86.530789,-89.841715,-90.000000,-90.000000,-90.000000,-90.000000,-90.000000,-90.000000,-90.000000,-89.475021,-89.518696,-89.538406,-89.144638,-90.399719,-87.468598,-49.180395
33.006820,77.446099,-34.694188,-50.159799,-81.146784,-80.862796,-84.678536,-90.000000,-90.000000,-90.000000,-90.000000,-90.000000,-90.000000,-90.000000,-86.872093,-88.054584,-89.092579,-88.348254,-86.451056,-74.262499,-45.383393,-42.477453,-57.873956,-87.870495,-86.578120,-89.850414,-90.000000,-90.000000,-90.000000,-90.000000,-90.000000,-90.000000,-90.000000,-89.436997,-89.492581,-89.515852,-89.088980,-89.965156,-90.022442,-49.597854
