-50.163380,-49.866314,-49.575999,-49.292609,-49.016297,-48.747196,-48.485416,-48.231046,-47.984149,-47.744765,-47.512911,-47.288578,-47.071730,-46.862310,-46.660231,-46.465383,-46.277631,-46.096815,-45.922749,-45.755224,-45.594009,-45.438847,-45.289462,-45.145557,-45.006814,-44.872899,-44.743458,-44.618125,-44.496518,-44.378243,-44.262896,-44.150065,-44.039331,-43.930272,-43.822461,-43.715473,-43.608885,-43.502277,-43.395238,-43.287365,-43.178264,-43.067557,-42.954882,-42.839894,-42.722269,-42.601702,-42.477918,-42.350663,-42.219713,-42.084875,-41.945985,-41.802914,-41.655564,-41.503874,-41.347820,-41.187413,-41.022702,-40.853774,-40.680755,-40.503806,-40.323129,-40.138961,-39.951577,-39.761288,-39.568439,-39.373408,-39.176606,-38.978475,-38.779483,-38.580127,-38.380927,-38.182425,-37.985182,-37.789776,-37.596800,-37.406856,-37.220555,-37.038514,-36.861349,-36.689677,-36.524110,-36.365252,-36.213697,-36.070022,-35.934792,-35.808546,-35.691804,-35.585059,-35.488774,-35.403382,-35.329283,-35.266839,-35.216377,-35.178180,-35.152493,-35.139518,-35.139409,-35.152280,-35.178195,-35.217174,-35.269190,-35.334169,-35.411990,-35.502488,-35.605451,-35.720626,-35.847713,-35.986374,-36.136232,-36.296869,-36.467834,-36.648642,-36.838779,-37.037700,-37.244837,-37.459600,-37.681376,-37.909541,-38.143454,-38.382466,-38.625920,-38.873158,-39.123520,-39.376349,-39.630997,-39.886822,-40.143198,-40.399513,-40.655172,-40.909603,-41.162258,-41.412614,-41.660176,-41.904480,-42.145094,-42.381621,-42.613697,-42.840996,-43.063229,-43.280145,-43.491532,-43.697216,-43.897063,-44.090977,-44.278902,-44.460818,-44.636741,-44.806726,-44.970858,-45.129260,-45.282083,-45.429507,-45.571741,-45.709020,-45.841600,-45.969759,-46.093793,-46.214013,-46.330742,-46.444315
-50.088440,-49.799370,-49.517074,-49.241711,-48.973418,-48.712311,-48.458484,-48.212011,-47.972941,-47.741298,-47.517085,-47.300279,-47.090833,-46.888674,-46.693707,-46.505809,-46.324835,-46.150614,-45.982954,-45.821637,-45.666423,-45.517051,-45.373238,-45.234683,-45.101064,-44.972044,-44.847266,-44.726364,-44.608954,-44.494642,-44.383026,-44.273695,-44.166232,-44.060217,-43.955228,-43.850843,-43.746644,-43.642218,-43.537156,-43.431062,-43.323550,-43.214248,-43.102801,-42.988870,-42.872139,-42.752313,-42.629122,-42.502322,-42.371696,-42.237059,-42.098255,-41.955162,-41.807693,-41.655793,-41.499445,-41.338669,-41.173522,-41.004096,-40.830526,-40.652979,-40.471665,-40.286826,-40.098744,-39.907736,-39.714151,-39.518375,-39.320823,-39.121941,-38.922203,-38.722109,-38.522184,-38.322973,-38.125042,-37.928971,-37.735354,-37.544799,-37.357918,-37.175329,-36.997652,-36.825505,-36.659500,-36.500244,-36.348330,-36.204337,-36.068830,-35.942348,-35.825412,-35.718513,-35.622115,-35.536650,-35.462517,-35.400077,-35.349654,-35.311533,-35.285955,-35.273120,-35.273182,-35.286249,-35.312387,-35.351611,-35.403891,-35.469150,-35.547265,-35.638067,-35.741342,-35.856831,-35.984233,-36.123204,-36.273364,-36.434291,-36.605530,-36.786593,-36.976959,-37.176082,-37.383387,-37.598280,-37.820145,-38.048353,-38.282259,-38.521209,-38.764542,-39.011597,-39.261708,-39.514216,-39.768468,-40.023819,-40.279639,-40.535311,-40.790241,-41.043851,-41.295591,-41.544936,-41.791388,-42.034482,-42.273783,-42.508894,-42.739449,-42.965122,-43.185623,-43.400701,-43.610143,-43.813778,-44.011471,-44.203129,-44.388695,-44.568151,-44.741518,-44.908850,-45.070238,-45.225805,-45.375707,-45.520128,-45.659280,-45.793403,-45.922756,-46.047623,-46.168304,-46.285114,-46.398384,-46.508452
-50.014658,-49.733703,-49.459539,-49.192307,-48.932129,-48.679104,-48.433311,-48.194807,-47.963625,-47.739777,-47.523250,-47.314007,-47.111989,-46.917110,-46.729264,-46.548316,-46.374113,-46.206473,-46.045196,-45.890055,-45.740806,-45.597180,-45.458890,-45.325630,-45.197076,-45.072886,-44.952705,-44.836163,-44.722877,-44.612455,-44.504495,-44.398588,-44.294322,-44.191279,-44.089042,-43.987194,-43.885321,-43.783016,-43.679877,-43.575515,-43.469551,-43.361620,-43.251374,-43.138483,-43.022639,-42.903554,-42.780967,-42.654643,-42.524372,-42.389979,-42.251315,-42.108268,-41.960756,-41.808735,-41.652194,-41.491162,-41.325702,-41.155914,-40.981939,-40.803953,-40.622169,-40.436838,-40.248246,-40.056715,-39.862601,-39.666294,-39.468212,-39.268807,-39.068557,-38.867964,-38.667557,-38.467884,-38.269513,-38.073027,-37.879023,-37.688108,-37.500897,-37.318010,-37.140066,-36.967685,-36.801480,-36.642057,-36.490009,-36.345917,-36.210341,-36.083825,-35.966885,-35.860013,-35.763671,-35.678291,-35.604269,-35.541965,-35.491701,-35.453760,-35.428382,-35.415763,-35.416056,-35.429367,-35.455758,-35.495242,-35.547786,-35.613310,-35.691689,-35.782750,-35.886276,-36.002005,-36.129631,-36.268810,-36.419155,-36.580243,-36.751614,-36.932776,-37.123207,-37.322354,-37.529641,-37.744469,-37.966220,-38.194259,-38.427939,-38.666602,-38.909585,-39.156221,-39.405843,-39.657789,-39.911401,-40.166034,-40.421052,-40.675840,-40.929796,-41.182345,-41.432932,-41.681031,-41.926143,-42.167802,-42.405572,-42.639053,-42.867881,-43.091729,-43.310307,-43.523364,-43.730689,-43.932110,-44.127495,-44.316750,-44.499823,-44.676696,-44.847393,-45.011970,-45.170521,-45.323173,-45.470084,-45.611443,-45.747465,-45.878394,-46.004494,-46.126052,-46.243373,-46.356778,-46.466602,-46.573189
-49.941984,-49.669253,-49.403323,-49.144317,-48.892340,-48.647476,-48.409785,-48.179311,-47.956069,-47.740058,-47.531250,-47.329595,-47.135019,-46.947427,-46.766699,-46.592691,-46.425238,-46.264152,-46.109221,-45.960215,-45.816880,-45.678944,-45.546115,-45.418083,-45.294520,-45.175085,-45.059421,-44.947156,-44.837910,-44.731291,-44.626901,-44.524333,-44.423178,-44.323024,-44.223457,-44.124067,-44.024447,-43.924194,-43.822915,-43.720228,-43.615761,-43.509158,-43.400078,-43.288201,-43.173227,-43.054877,-42.932898,-42.807063,-42.677174,-42.543061,-42.404586,-42.261644,-42.114163,-41.962105,-41.805468,-41.644288,-41.478636,-41.308619,-41.134383,-40.956112,-40.774025,-40.588378,-40.399462,-40.207605,-40.013167,-39.816541,-39.618151,-39.418451,-39.217922,-39.017070,-38.816424,-38.616537,-38.417976,-38.221327,-38.027188,-37.836166,-37.648878,-37.465942,-37.287980,-37.115609,-36.949442,-36.790085,-36.638131,-36.494157,-36.358726,-36.232376,-36.115625,-36.008961,-35.912846,-35.827709,-35.753943,-35.691908,-35.641923,-35.604267,-35.579179,-35.566852,-35.567437,-35.581037,-35.607710,-35.647468,-35.700275,-35.766048,-35.844659,-35.935931,-36.039645,-36.155536,-36.283296,-36.422575,-36.572986,-36.734102,-36.905460,-37.086565,-37.276891,-37.475883,-37.682963,-37.897527,-38.118956,-38.346611,-38.579843,-38.817991,-39.060390,-39.306369,-39.555261,-39.806400,-40.059127,-40.312794,-40.566765,-40.820420,-41.073159,-41.324403,-41.573598,-41.820215,-42.063756,-42.303754,-42.539772,-42.771411,-42.998306,-43.220130,-43.436596,-43.647451,-43.852487,-44.051533,-44.244457,-44.431169,-44.611617,-44.785787,-44.953704,-45.115429,-45.271057,-45.420718,-45.564574,-45.702818,-45.835669,-45.963373,-46.086200,-46.204441,-46.318405,-46.428418,-46.534818,-46.637956
-49.870384,-49.605978,-49.348374,-49.097679,-48.853980,-48.617343,-48.387814,-48.165418,-47.950158,-47.742015,-47.540947,-47.346892,-47.159763,-46.979452,-46.805827,-46.638735,-46.478001,-46.323427,-46.174796,-46.031869,-45.894387,-45.762072,-45.634629,-45.511745,-45.393090,-45.278321,-45.167081,-45.058999,-44.953696,-44.850784,-44.749865,-44.650538,-44.552397,-44.455037,-44.358048,-44.261028,-44.163575,-44.065295,-43.965803,-43.864724,-43.761694,-43.656366,-43.548410,-43.437513,-43.323384,-43.205754,-43.084379,-42.959041,-42.829552,-42.695750,-42.557507,-42.414725,-42.267341,-42.115326,-41.958685,-41.797462,-41.631734,-41.461616,-41.287261,-41.108858,-40.926631,-40.740842,-40.551787,-40.359798,-40.165239,-39.968507,-39.770029,-39.570261,-39.369686,-39.168814,-38.968174,-38.768319,-38.569820,-38.373260,-38.179239,-37.988365,-37.801252,-37.618519,-37.440785,-37.268668,-37.102780,-36.943723,-36.792089,-36.648455,-36.513380,-36.387400,-36.271030,-36.164757,-36.069039,-35.984303,-35.910940,-35.849305,-35.799717,-35.762452,-35.737743,-35.725784,-35.726720,-35.740653,-35.767638,-35.807683,-35.860750,-35.926754,-36.005562,-36.096996,-36.200834,-36.316807,-36.444606,-36.583878,-36.734233,-36.895241,-37.066437,-37.247324,-37.437374,-37.636029,-37.842708,-38.056807,-38.277703,-38.504756,-38.737315,-38.974717,-39.216295,-39.461377,-39.709295,-39.959380,-40.210973,-40.463425,-40.716098,-40.968372,-41.219647,-41.469343,-41.716904,-41.961804,-42.203542,-42.441652,-42.675699,-42.905282,-43.130039,-43.349644,-43.563808,-43.772282,-43.974860,-44.171370,-44.361685,-44.545715,-44.723411,-44.894763,-45.059796,-45.218574,-45.371197,-45.517798,-45.658542,-45.793624,-45.923269,-46.047726,-46.167268,-46.282192,-46.392809,-46.499451,-46.602460,-46.702190
-49.799839,-49.543848,-49.294654,-49.052345,-48.816990,-48.588638,-48.367319,-48.153041,-47.945791,-47.745536,-47.552220,-47.365767,-47.186076,-47.013028,-46.846480,-46.686269,-46.532210,-46.384097,-46.241706,-46.104790,-45.973086,-45.846313,-45.724170,-45.606341,-45.492498,-45.382295,-45.275375,-45.171370,-45.069902,-44.970586,-44.873028,-44.776833,-44.681599,-44.586927,-44.492414,-44.397664,-44.302284,-44.205888,-44.108099,-44.008550,-43.906888,-43.802775,-43.695890,-43.585930,-43.472613,-43.355680,-43.234898,-43.110058,-42.980980,-42.847513,-42.709538,-42.566965,-42.419739,-42.267841,-42.111284,-41.950117,-41.784426,-41.614332,-41.439995,-41.261608,-41.079401,-40.893642,-40.704630,-40.512702,-40.318224,-40.121596,-39.923247,-39.723637,-39.523250,-39.322594,-39.122203,-38.922628,-38.724439,-38.528222,-38.334573,-38.144099,-37.957413,-37.775134,-37.597878,-37.426260,-37.260889,-37.102367,-36.951282,-36.808207,-36.673699,-36.548291,-36.432495,-36.326795,-36.231645,-36.147468,-36.074654,-36.013553,-35.964480,-35.927708,-35.903469,-35.891951,-35.893298,-35.907607,-35.934931,-35.975275,-36.028598,-36.094811,-36.173781,-36.265325,-36.369219,-36.485193,-36.612934,-36.752088,-36.902262,-37.063024,-37.233908,-37.414415,-37.604014,-37.802146,-38.008230,-38.221658,-38.441808,-38.668038,-38.899695,-39.136117,-39.376635,-39.620578,-39.867274,-40.116056,-40.366265,-40.617250,-40.868375,-41.119019,-41.368582,-41.616483,-41.862170,-42.105115,-42.344819,-42.580815,-42.812671,-43.039987,-43.262402,-43.479590,-43.691266,-43.897183,-44.097135,-44.290953,-44.478513,-44.659727,-44.834548,-45.002968,-45.165017,-45.320762,-45.470305,-45.613782,-45.751361,-45.883243,-46.009654,-46.130847,-46.247101,-46.358715,-46.466005,-46.569305,-46.668963,-46.765336
-49.730346,-49.482854,-49.242144,-49.008285,-48.781330,-48.561311,-48.348240,-48.142108,-47.942888,-47.750531,-47.564967,-47.386105,-47.213833,-47.048020,-46.888511,-46.735134,-46.587695,-46.445980,-46.309756,-46.178774,-46.052762,-45.931437,-45.814495,-45.701620,-45.592479,-45.486729,-45.384014,-45.283968,-45.186216,-45.090375,-44.996059,-44.902875,-44.810429,-44.718328,-44.626177,-44.533588,-44.440176,-44.345564,-44.249384,-44.151280,-44.050908,-43.947939,-43.842064,-43.732988,-43.620442,-43.504177,-43.383969,-43.259618,-43.130957,-42.997842,-42.860163,-42.717842,-42.570831,-42.419118,-42.262725,-42.101709,-41.936163,-41.766214,-41.592026,-41.413800,-41.231771,-41.046209,-40.857419,-40.665740,-40.471542,-40.275226,-40.077224,-39.877995,-39.678025,-39.477823,-39.277922,-39.078872,-38.881243,-38.685618,-38.492593,-38.302772,-38.116767,-37.935191,-37.758660,-37.587784,-37.423171,-37.265418,-37.115108,-36.972813,-36.839083,-36.714450,-36.599421,-36.494474,-36.400062,-36.316603,-36.244481,-36.184045,-36.135604,-36.099430,-36.075748,-36.064744,-36.066558,-36.081285,-36.108974,-36.149627,-36.203199,-36.269600,-36.348693,-36.440295,-36.544177,-36.660067,-36.787651,-36.926574,-37.076439,-37.236815,-37.407234,-37.587194,-37.776164,-37.973587,-38.178876,-38.391427,-38.610615,-38.835798,-39.066324,-39.301530,-39.540747,-39.783304,-40.028531,-40.275760,-40.524332,-40.773598,-41.022922,-41.271685,-41.519287,-41.765149,-42.008720,-42.249472,-42.486909,-42.720567,-42.950013,-43.174851,-43.394721,-43.609300,-43.818303,-44.021488,-44.218649,-44.409623,-44.594285,-44.772551,-44.944378,-45.109761,-45.268731,-45.421360,-45.567751,-45.708046,-45.842417,-45.971064,-46.094221,-46.212143,-46.325112,-46.433431,-46.537420,-46.637418,-46.733774,-46.826852
-49.661919,-49.422999,-49.190838,-48.965487,-48.746979,-48.535330,-48.330535,-48.132568,-47.941387,-47.756927,-47.579103,-47.407813,-47.242930,-47.084312,-46.931794,-46.785193,-46.644307,-46.508914,-46.378776,-46.253636,-46.133220,-46.017239,-45.905389,-45.797351,-45.692794,-45.591374,-45.492737,-45.396521,-45.302353,-45.209856,-45.118649,-45.028345,-44.938558,-44.848900,-44.758987,-44.668439,-44.576880,-44.483942,-44.389269,-44.292514,-44.193343,-44.091440,-43.986504,-43.878254,-43.766429,-43.650793,-43.531130,-43.407255,-43.279006,-43.146253,-43.008894,-42.866860,-42.720113,-42.568648,-42.412495,-42.251720,-42.086420,-41.916730,-41.742820,-41.564895,-41.383196,-41.197996,-41.009603,-40.818358,-40.624635,-40.428835,-40.231392,-40.032766,-39.833441,-39.633927,-39.434755,-39.236474,-39.039652,-38.844869,-38.652718,-38.463801,-38.278726,-38.098103,-37.922543,-37.752653,-37.589035,-37.432282,-37.282974,-37.141677,-37.008936,-36.885279,-36.771207,-36.667194,-36.573688,-36.491103,-36.419817,-36.360176,-36.312485,-36.277008,-36.253970,-36.243552,-36.245889,-36.261074,-36.289151,-36.330121,-36.383935,-36.450500,-36.529677,-36.621279,-36.725078,-36.840798,-36.968125,-37.106700,-37.256128,-37.415975,-37.585772,-37.765018,-37.953181,-38.149703,-38.353998,-38.565462,-38.783470,-39.007382,-39.236544,-39.470296,-39.707970,-39.948894,-40.192401,-40.437825,-40.684507,-40.931801,-41.179071,-41.425701,-41.671093,-41.914670,-42.155883,-42.394206,-42.629146,-42.860241,-43.087060,-43.309211,-43.526334,-43.738112,-43.944261,-44.144542,-44.338752,-44.526730,-44.708356,-44.883548,-45.052266,-45.214508,-45.370310,-45.519745,-45.662922,-45.799984,-45.931105,-46.056493,-46.176382,-46.291032,-46.400728,-46.505775,-46.606499,-46.703241,-46.796354,-46.886204
-49.594591,-49.364307,-49.140750,-48.923953,-48.713931,-48.510681,-48.314180,-48.124388,-47.941244,-47.764670,-47.594566,-47.430816,-47.273282,-47.121809,-46.976222,-46.836329,-46.701918,-46.572762,-46.448616,-46.329216,-46.214287,-46.103536,-45.996657,-45.893331,-45.793226,-45.696002,-45.601306,-45.508778,-45.418053,-45.328759,-45.240518,-45.152952,-45.065683,-44.978332,-44.890523,-44.801886,-44.712054,-44.620673,-44.527393,-44.431881,-44.333815,-44.232889,-44.128813,-44.021320,-43.910158,-43.795103,-43.675952,-43.552528,-43.424682,-43.292293,-43.155270,-43.013552,-42.867110,-42.715949,-42.560107,-42.399654,-42.234697,-42.065376,-41.891867,-41.714379,-41.533156,-41.348477,-41.160651,-40.970022,-40.776965,-40.581883,-40.385209,-40.187402,-39.988947,-39.790351,-39.592144,-39.394873,-39.199101,-39.005406,-38.814378,-38.626614,-38.442717,-38.263293,-38.088948,-37.920284,-37.757898,-37.602377,-37.454295,-37.314212,-37.182669,-37.060186,-36.947261,-36.844361,-36.751928,-36.670371,-36.600064,-36.541346,-36.494517,-36.459838,-36.437529,-36.427766,-36.430680,-36.446361,-36.474849,-36.516141,-36.570187,-36.636890,-36.716109,-36.807655,-36.911296,-37.026759,-37.153724,-37.291835,-37.440694,-37.599866,-37.768884,-37.947246,-38.134421,-38.329850,-38.532949,-38.743115,-38.959724,-39.182136,-39.409702,-39.641760,-39.877646,-40.116690,-40.358227,-40.601592,-40.846130,-41.091197,-41.336161,-41.580406,-41.823339,-42.064387,-42.303000,-42.538659,-42.770872,-42.999180,-43.223158,-43.442413,-43.656592,-43.865378,-44.068494,-44.265702,-44.456803,-44.641640,-44.820095,-44.992091,-45.157591,-45.316595,-45.469144,-45.615314,-45.755217,-45.889000,-46.016841,-46.138950,-46.255564,-46.366948,-46.473389,-46.575197,-46.672699,-46.766240,-46.856177,-46.942878
-49.528408,-49.306817,-49.091913,-48.883708,-48.682200,-48.487368,-48.299171,-48.117552,-47.942435,-47.773726,-47.611311,-47.455061,-47.304825,-47.160436,-47.021711,-46.888446,-46.760424,-46.637408,-46.519149,-46.405379,-46.295817,-46.190171,-46.088131,-45.989380,-45.893587,-45.800412,-45.709509,-45.620521,-45.533086,-45.446840,-45.361413,-45.276434,-45.191533,-45.106341,-45.020492,-44.933626,-44.845387,-44.755432,-44.663425,-44.569042,-44.471974,-44.371927,-44.268625,-44.161810,-44.051245,-43.936716,-43.818033,-43.695030,-43.567569,-43.435539,-43.298859,-43.157479,-43.011378,-42.860570,-42.705100,-42.545047,-42.380523,-42.211675,-42.038683,-41.861761,-41.681157,-41.497152,-41.310059,-41.120223,-40.928019,-40.733850,-40.538150,-40.341375,-40.144011,-39.946560,-39.749550,-39.553525,-39.359044,-39.166681,-38.977021,-38.790655,-38.608181,-38.430201,-38.257312,-38.090112,-37.929191,-37.775129,-37.628494,-37.489840,-37.359700,-37.238590,-37.126997,-37.025387,-36.934192,-36.853815,-36.784626,-36.726957,-36.681103,-36.647320,-36.625822,-36.616780,-36.620324,-36.636537,-36.665456,-36.707075,-36.761340,-36.828153,-36.907369,-36.998798,-37.102208,-37.217322,-37.343821,-37.481348,-37.629504,-37.787856,-37.955935,-38.133241,-38.319244,-38.513387,-38.715087,-38.923742,-39.138730,-39.359416,-39.585149,-39.815274,-40.049126,-40.286042,-40.525357,-40.766410,-41.008551,-41.251137,-41.493541,-41.735151,-41.975377,-42.213650,-42.449424,-42.682184,-42.911442,-43.136743,-43.357664,-43.573819,-43.784858,-43.990467,-44.190374,-44.384344,-44.572182,-44.753735,-44.928889,-45.097571,-45.259747,-45.415422,-45.564638,-45.707477,-45.844054,-45.974519,-46.099054,-46.217871,-46.331212,-46.439343,-46.542556,-46.641163,-46.735495,-46.825899,-46.912735,-46.996373
-49.463436,-49.250587,-49.044374,-48.844792,-48.651818,-48.465414,-48.285521,-48.112066,-47.944956,-47.784081,-47.629316,-47.480514,-47.337516,-47.200142,-47.068199,-46.941474,-46.819742,-46.702760,-46.590273,-46.482010,-46.377688,-46.277010,-46.179668,-46.085345,-45.993712,-45.904433,-45.817164,-45.731554,-45.647248,-45.563888,-45.481111,-45.398558,-45.315865,-45.232675,-45.148632,-45.063387,-44.976598,-44.887932,-44.797065,-44.703687,-44.607502,-44.508228,-44.405603,-44.299381,-44.189338,-44.075272,-43.957005,-43.834384,-43.707281,-43.575597,-43.439262,-43.298233,-43.152502,-43.002089,-42.847048,-42.687464,-42.523457,-42.355179,-42.182814,-42.006582,-41.826733,-41.643551,-41.457350,-41.268477,-41.077307,-40.884243,-40.689716,-40.494183,-40.298123,-40.102041,-39.906456,-39.711909,-39.518956,-39.328164,-39.140111,-38.955385,-38.774576,-38.598278,-38.427084,-38.261582,-38.102356,-37.949978,-37.805009,-37.667995,-37.539462,-37.419917,-37.309842,-37.209694,-37.119898,-37.040852,-36.972917,-36.916421,-36.871651,-36.838858,-36.818252,-36.809997,-36.814220,-36.830997,-36.860365,-36.902312,-36.956783,-37.023675,-37.102842,-37.194094,-37.297195,-37.411868,-37.537794,-37.674614,-37.821932,-37.979315,-38.146295,-38.322373,-38.507020,-38.699681,-38.899777,-39.106707,-39.319853,-39.538582,-39.762249,-39.990199,-40.221773,-40.456311,-40.693152,-40.931641,-41.171130,-41.410982,-41.650574,-41.889299,-42.126571,-42.361825,-42.594523,-42.824151,-43.050227,-43.272302,-43.489956,-43.702809,-43.910514,-44.112763,-44.309288,-44.499858,-44.684283,-44.862415,-45.034143,-45.199398,-45.358150,-45.510408,-45.656219,-45.795667,-45.928872,-46.055986,-46.177195,-46.292715,-46.402790,-46.507690,-46.607709,-46.703162,-46.794383,-46.881721,-46.965539,-47.046210
-49.399757,-49.195690,-48.998200,-48.807262,-48.622835,-48.444860,-48.273264,-48.107954,-47.948822,-47.795744,-47.648577,-47.507166,-47.371335,-47.240897,-47.115646,-46.995363,-46.879814,-46.768750,-46.661912,-46.559025,-46.459802,-46.363947,-46.271152,-46.181101,-46.093467,-46.007919,-45.924116,-45.841714,-45.760365,-45.679718,-45.599421,-45.519120,-45.438467,-45.357112,-45.274712,-45.190931,-45.105438,-45.017913,-44.928047,-44.835542,-44.740115,-44.641500,-44.539446,-44.433722,-44.324118,-44.210443,-44.092533,-43.970247,-43.843468,-43.712110,-43.576111,-43.435442,-43.290101,-43.140118,-42.985554,-42.826502,-42.663089,-42.495470,-42.323837,-42.148411,-41.969446,-41.787229,-41.602074,-41.414329,-41.224368,-41.032593,-40.839434,-40.645345,-40.450801,-40.256303,-40.062366,-39.869525,-39.678330,-39.489343,-39.303135,-39.120286,-38.941378,-38.766999,-38.597732,-38.434159,-38.276853,-38.126380,-37.983291,-37.848124,-37.721397,-37.603608,-37.495232,-37.396715,-37.308478,-37.230909,-37.164362,-37.109158,-37.065579,-37.033869,-37.014231,-37.006826,-37.011773,-37.029147,-37.058979,-37.101254,-37.155913,-37.222852,-37.301922,-37.392932,-37.495644,-37.609782,-37.735026,-37.871018,-38.017361,-38.173625,-38.339343,-38.514017,-38.697123,-38.888107,-39.086393,-39.291384,-39.502466,-39.719009,-39.940373,-40.165907,-40.394958,-40.626870,-40.860986,-41.096658,-41.333243,-41.570108,-41.806637,-42.042228,-42.276300,-42.508295,-42.737679,-42.963945,-43.186617,-43.405248,-43.619428,-43.828779,-44.032961,-44.231671,-44.424645,-44.611658,-44.792525,-44.967102,-45.135282,-45.297002,-45.452236,-45.600996,-45.743334,-45.879338,-46.009130,-46.132867,-46.250737,-46.362961,-46.469785,-46.571482,-46.668348,-46.760702,-46.848879,-46.933231,-47.014123,-47.091929
-49.337470,-49.142219,-48.953475,-48.771195,-48.595318,-48.425768,-48.262451,-48.105260,-47.954069,-47.808739,-47.669114,-47.535024,-47.406283,-47.282692,-47.164036,-47.050087,-46.940604,-46.835335,-46.734012,-46.636359,-46.542088,-46.450903,-46.362494,-46.276549,-46.192745,-46.110752,-46.030239,-45.950866,-45.872293,-45.794178,-45.716178,-45.637952,-45.559159,-45.479464,-45.398536,-45.316050,-45.231691,-45.145152,-45.056138,-44.964364,-44.869564,-44.771484,-44.669889,-44.564560,-44.455302,-44.341939,-44.224318,-44.102311,-43.975815,-43.844753,-43.709077,-43.568765,-43.423827,-43.274301,-43.120255,-42.961791,-42.799040,-42.632165,-42.461359,-42.286849,-42.108892,-41.927774,-41.743812,-41.557352,-41.368769,-41.178463,-40.986859,-40.794410,-40.601587,-40.408883,-40.216810,-40.025897,-39.836687,-39.649733,-39.465600,-39.284859,-39.108084,-38.935854,-38.768743,-38.607323,-38.452160,-38.303807,-38.162809,-38.029692,-37.904966,-37.789119,-37.682617,-37.585898,-37.499374,-37.423424,-37.358396,-37.304601,-37.262316,-37.231777,-37.213182,-37.206685,-37.212401,-37.230400,-37.260708,-37.303307,-37.358135,-37.425086,-37.504010,-37.594711,-37.696955,-37.810461,-37.934913,-38.069951,-38.215182,-38.370176,-38.534468,-38.707564,-38.888942,-39.078052,-39.274322,-39.477160,-39.685955,-39.900083,-40.118908,-40.341786,-40.568069,-40.797106,-41.028249,-41.260852,-41.494280,-41.727908,-41.961124,-42.193335,-42.423964,-42.652461,-42.878297,-43.100973,-43.320019,-43.534994,-43.745495,-43.951148,-44.151621,-44.346617,-44.535876,-44.719179,-44.896347,-45.067240,-45.231757,-45.389840,-45.541466,-45.686653,-45.825456,-45.957967,-46.084312,-46.204652,-46.319178,-46.428113,-46.531708,-46.630237,-46.723999,-46.813315,-46.898523,-46.979976,-47.058041,-47.133095
-49.276693,-49.090282,-48.910302,-48.736686,-48.569356,-48.408216,-48.253155,-48.104047,-47.960752,-47.823115,-47.690965,-47.564121,-47.442383,-47.325542,-47.213374,-47.105644,-47.002103,-46.902493,-46.806545,-46.713977,-46.624502,-46.537822,-46.453632,-46.371619,-46.291465,-46.212846,-46.135436,-46.058904,-45.982918,-45.907146,-45.831254,-45.754913,-45.677794,-45.599575,-45.519938,-45.438573,-45.355177,-45.269460,-45.181140,-45.089949,-44.995635,-44.897958,-44.796699,-44.691655,-44.582643,-44.469503,-44.352095,-44.230305,-44.104041,-43.973240,-43.837863,-43.697900,-43.553369,-43.404319,-43.250826,-43.092997,-42.930970,-42.764913,-42.595024,-42.421532,-42.244697,-42.064806,-41.882176,-41.697153,-41.510109,-41.321442,-41.131576,-40.940956,-40.750050,-40.559345,-40.369347,-40.180576,-39.993569,-39.808871,-39.627037,-39.448630,-39.274214,-39.104357,-38.939625,-38.780579,-38.627773,-38.481752,-38.343049,-38.212180,-38.089644,-37.975921,-37.871464,-37.776705,-37.692044,-37.617852,-37.554468,-37.502196,-37.461304,-37.432022,-37.414540,-37.409007,-37.415533,-37.434181,-37.464975,-37.507893,-37.562869,-37.629795,-37.708519,-37.798844,-37.900535,-38.013313,-38.136860,-38.270820,-38.414799,-38.568370,-38.731072,-38.902414,-39.081878,-39.268917,-39.462966,-39.663435,-39.869721,-40.081205,-40.297257,-40.517239,-40.740511,-40.966427,-41.194346,-41.423631,-41.653653,-41.883794,-42.113451,-42.342035,-42.568981,-42.793743,-43.015801,-43.234663,-43.449865,-43.660975,-43.867595,-44.069360,-44.265942,-44.457051,-44.642435,-44.821881,-44.995213,-45.162299,-45.323044,-45.477391,-45.625326,-45.766870,-45.902082,-46.031058,-46.153929,-46.270858,-46.382041,-46.487702,-46.588096,-46.683499,-46.774213,-46.860560,-46.942881,-47.021530,-47.096875,-47.169294
-49.217557,-49.040007,-48.868798,-48.703847,-48.545053,-48.392302,-48.245464,-48.104398,-47.968947,-47.838939,-47.714191,-47.594507,-47.479678,-47.369483,-47.263690,-47.162054,-47.064323,-46.970232,-46.879507,-46.791868,-46.707025,-46.624680,-46.544530,-46.466267,-46.389577,-46.314142,-46.239642,-46.165755,-46.092159,-46.018531,-45.944549,-45.869896,-45.794257,-45.717322,-45.638788,-45.558360,-45.475750,-45.390682,-45.302891,-45.212125,-45.118147,-45.020735,-44.919682,-44.814803,-44.705931,-44.592917,-44.475639,-44.353994,-44.227904,-44.097318,-43.962210,-43.822578,-43.678453,-43.529890,-43.376974,-43.219820,-43.058570,-42.893399,-42.724508,-42.552129,-42.376523,-42.197978,-42.016812,-41.833369,-41.648018,-41.461155,-41.273198,-41.084590,-40.895790,-40.707281,-40.519560,-40.333141,-40.148549,-39.966321,-39.787004,-39.611149,-39.439311,-39.272046,-39.109909,-38.953449,-38.803210,-38.659726,-38.523516,-38.395087,-38.274927,-38.163503,-38.061260,-37.968616,-37.885963,-37.813663,-37.752045,-37.701404,-37.662001,-37.634056,-37.617754,-37.613238,-37.620610,-37.639931,-37.671217,-37.714445,-37.769545,-37.836406,-37.914875,-38.004755,-38.105809,-38.217759,-38.340288,-38.473042,-38.615629,-38.767625,-38.928573,-39.097985,-39.275347,-39.460119,-39.651740,-39.849627,-40.053182,-40.261794,-40.474839,-40.691687,-40.911704,-41.134254,-41.358704,-41.584423,-41.810791,-42.037199,-42.263051,-42.487769,-42.710793,-42.931588,-43.149640,-43.364467,-43.575611,-43.782650,-43.985192,-44.182881,-44.375396,-44.562453,-44.743807,-44.919251,-45.088617,-45.251778,-45.408644,-45.559165,-45.703331,-45.841167,-45.972739,-46.098145,-46.217520,-46.331031,-46.438877,-46.541286,-46.638513,-46.730840,-46.818569,-46.902023,-46.981545,-47.057492,-47.130231,-47.200142
-49.160212,-48.991535,-48.829101,-48.672806,-48.522531,-48.378141,-48.239489,-48.106415,-47.978747,-47.856298,-47.738871,-47.626257,-47.518235,-47.414575,-47.315034,-47.219363,-47.127300,-47.038579,-46.952923,-46.870047,-46.789663,-46.711475,-46.635182,-46.560479,-46.487059,-46.414609,-46.342819,-46.271374,-46.199963,-46.128274,-46.055998,-45.982829,-45.908467,-45.832617,-45.754991,-45.675308,-45.593297,-45.508699,-45.421265,-45.330759,-45.236961,-45.139665,-45.038682,-44.933841,-44.824992,-44.712001,-44.594760,-44.473181,-44.347200,-44.216777,-44.081897,-43.942572,-43.798841,-43.650768,-43.498447,-43.341998,-43.181572,-43.017346,-42.849525,-42.678344,-42.504066,-42.326979,-42.147400,-41.965671,-41.782160,-41.597256,-41.411375,-41.224951,-41.038440,-40.852315,-40.667066,-40.483197,-40.301225,-40.121676,-39.945086,-39.771994,-39.602945,-39.438483,-39.279149,-39.125483,-38.978014,-38.837264,-38.703741,-38.577938,-38.460331,-38.351376,-38.251506,-38.161129,-38.080625,-38.010346,-37.950610,-37.901704,-37.863880,-37.837350,-37.822291,-37.818840,-37.827093,-37.847104,-37.878887,-37.922412,-37.977610,-38.044364,-38.122522,-38.211884,-38.312215,-38.423237,-38.544633,-38.676053,-38.817107,-38.967375,-39.126403,-39.293708,-39.468783,-39.651091,-39.840079,-40.035170,-40.235775,-40.441287,-40.651093,-40.864571,-41.081094,-41.300035,-41.520770,-41.742678,-41.965148,-42.187579,-42.409386,-42.629998,-42.848866,-43.065464,-43.279287,-43.489862,-43.696740,-43.899506,-44.097779,-44.291208,-44.479483,-44.662326,-44.839500,-45.010805,-45.176080,-45.335202,-45.488090,-45.634700,-45.775024,-45.909095,-46.036982,-46.158788,-46.274653,-46.384745,-46.489268,-46.588452,-46.682556,-46.771861,-46.856674,-46.937319,-47.014139,-47.087491,-47.157745,-47.225281
-49.104823,-48.945024,-48.791362,-48.643711,-48.501930,-48.365866,-48.235355,-48.110218,-47.990267,-47.875300,-47.765106,-47.659464,-47.558141,-47.460896,-47.367480,-47.277635,-47.191096,-47.107589,-47.026837,-46.948554,-46.872451,-46.798235,-46.725608,-46.654269,-46.583917,-46.514249,-46.444960,-46.375747,-46.306310,-46.236347,-46.165565,-46.093670,-46.020377,-45.945405,-45.868483,-45.789347,-45.707743,-45.623428,-45.536170,-45.445753,-45.351971,-45.254637,-45.153578,-45.048642,-44.939692,-44.826613,-44.709309,-44.587709,-44.461762,-44.331441,-44.196743,-44.057692,-43.914335,-43.766747,-43.615029,-43.459310,-43.299743,-43.136512,-42.969826,-42.799921,-42.627061,-42.451535,-42.273658,-42.093769,-41.912233,-41.729436,-41.545786,-41.361712,-41.177663,-40.994102,-40.811511,-40.630384,-40.451228,-40.274557,-40.100895,-39.930770,-39.764713,-39.603257,-39.446929,-39.296254,-39.151751,-39.013925,-38.883274,-38.760276,-38.645395,-38.539073,-38.441731,-38.353765,-38.275544,-38.207408,-38.149666,-38.102594,-38.066434,-38.041392,-38.027635,-38.025293,-38.034456,-38.055173,-38.087453,-38.131262,-38.186527,-38.253131,-38.330918,-38.419689,-38.519209,-38.629200,-38.749349,-38.879306,-39.018686,-39.167071,-39.324014,-39.489038,-39.661638,-39.841288,-40.027439,-40.219523,-40.416957,-40.619146,-40.825482,-41.035355,-41.248146,-41.463239,-41.680017,-41.897872,-42.116202,-42.334416,-42.551939,-42.768212,-42.982694,-43.194869,-43.404245,-43.610354,-43.812761,-44.011058,-44.204874,-44.393867,-44.577734,-44.756207,-44.929057,-45.096090,-45.257153,-45.412131,-45.560948,-45.703565,-45.839982,-45.970236,-46.094401,-46.212584,-46.324929,-46.431608,-46.532828,-46.628822,-46.719849,-46.806196,-46.888168,-46.966093,-47.040313,-47.111186,-47.179083,-47.244383
-49.051568,-48.900650,-48.755750,-48.616722,-48.483406,-48.355628,-48.233207,-48.115945,-48.003638,-47.896071,-47.793016,-47.694241,-47.599503,-47.508550,-47.421124,-47.336962,-47.255793,-47.177339,-47.101321,-47.027453,-46.955447,-46.885012,-46.815853,-46.747677,-46.680187,-46.613089,-46.546088,-46.478891,-46.411210,-46.342756,-46.273249,-46.202410,-46.129970,-46.055665,-45.979239,-45.900445,-45.819048,-45.734822,-45.647555,-45.557046,-45.463109,-45.365575,-45.264290,-45.159115,-45.049934,-44.936647,-44.819175,-44.697459,-44.571464,-44.441176,-44.306605,-44.167786,-44.024776,-43.877659,-43.726545,-43.571568,-43.412890,-43.250696,-43.085200,-42.916639,-42.745279,-42.571406,-42.395336,-42.217405,-42.037972,-41.857418,-41.676147,-41.494580,-41.313155,-41.132330,-40.952575,-40.774372,-40.598218,-40.424615,-40.254074,-40.087110,-39.924241,-39.765985,-39.612855,-39.465363,-39.324012,-39.189295,-39.061693,-38.941672,-38.829680,-38.726148,-38.631482,-38.546065,-38.470255,-38.404380,-38.348737,-38.303593,-38.269178,-38.245691,-38.233290,-38.232097,-38.242196,-38.263631,-38.296405,-38.340480,-38.395780,-38.462187,-38.539542,-38.627647,-38.726266,-38.835123,-38.953908,-39.082273,-39.219837,-39.366187,-39.520881,-39.683447,-39.853388,-40.030185,-40.213296,-40.402162,-40.596209,-40.794851,-40.997491,-41.203527,-41.412351,-41.623358,-41.835942,-42.049506,-42.263457,-42.477219,-42.690224,-42.901927,-43.111798,-43.319330,-43.524043,-43.725480,-43.923215,-44.116853,-44.306029,-44.490413,-44.669711,-44.843664,-45.012050,-45.174685,-45.331423,-45.482155,-45.626813,-45.765364,-45.897814,-46.024205,-46.144616,-46.259160,-46.367982,-46.471260,-46.569203,-46.662046,-46.750053,-46.833509,-46.912723,-46.988023,-47.059751,-47.128268,-47.193941,-47.257151
-49.000644,-48.858600,-48.722448,-48.592019,-48.467131,-48.347594,-48.233205,-48.123752,-48.019012,-47.918754,-47.822740,-47.730723,-47.642449,-47.557657,-47.476083,-47.397454,-47.321496,-47.247929,-47.176470,-47.106835,-47.038736,-46.971885,-46.905992,-46.840770,-46.775930,-46.711187,-46.646254,-46.580853,-46.514704,-46.447535,-46.379080,-46.309075,-46.237267,-46.163409,-46.087264,-46.008603,-45.927207,-45.842871,-45.755401,-45.664615,-45.570347,-45.472444,-45.370773,-45.265212,-45.155663,-45.042041,-44.924285,-44.802351,-44.676219,-44.545888,-44.411381,-44.272743,-44.130044,-43.983377,-43.832858,-43.678630,-43.520858,-43.359734,-43.195474,-43.028317,-42.858527,-42.686394,-42.512226,-42.336359,-42.159147,-41.980966,-41.802211,-41.623296,-41.444651,-41.266722,-41.089968,-40.914863,-40.741889,-40.571535,-40.404298,-40.240681,-40.081185,-39.926313,-39.776567,-39.632439,-39.494420,-39.362985,-39.238602,-39.121720,-39.012775,-38.912181,-38.820332,-38.737596,-38.664319,-38.600815,-38.547371,-38.504241,-38.471647,-38.449777,-38.438781,-38.438773,-38.449831,-38.471991,-38.505252,-38.549573,-38.604874,-38.671033,-38.747893,-38.835255,-38.932882,-39.040502,-39.157806,-39.284449,-39.420055,-39.564217,-39.716498,-39.876432,-40.043530,-40.217280,-40.397151,-40.582591,-40.773037,-40.967912,-41.166631,-41.368600,-41.573227,-41.779914,-41.988070,-42.197107,-42.406448,-42.615524,-42.823784,-43.030691,-43.235729,-43.438403,-43.638244,-43.834807,-44.027676,-44.216468,-44.400828,-44.580438,-44.755011,-44.924299,-45.088088,-45.246204,-45.398508,-45.544900,-45.685318,-45.819735,-45.948164,-46.070653,-46.187285,-46.298178,-46.403481,-46.503376,-46.598074,-46.687814,-46.772860,-46.853501,-46.930045,-47.002821,-47.072173,-47.138459,-47.202049,-47.263319
-48.952257,-48.819079,-48.691654,-48.569793,-48.453294,-48.341946,-48.235529,-48.133811,-48.036554,-47.943513,-47.854435,-47.769061,-47.687126,-47.608361,-47.532493,-47.459244,-47.388335,-47.319482,-47.252403,-47.186813,-47.122426,-47.058958,-46.996125,-46.933645,-46.871238,-46.808628,-46.745540,-46.681707,-46.616864,-46.550752,-46.483119,-46.413720,-46.342319,-46.268685,-46.192601,-46.113855,-46.032250,-45.947599,-45.859727,-45.768473,-45.673690,-45.575245,-45.473022,-45.366920,-45.256857,-45.142768,-45.024606,-44.902345,-44.775979,-44.645520,-44.511006,-44.372493,-44.230061,-44.083812,-43.933872,-43.780388,-43.623534,-43.463504,-43.300516,-43.134812,-42.966656,-42.796334,-42.624156,-42.450451,-42.275568,-42.099877,-41.923765,-41.747638,-41.571915,-41.397033,-41.223440,-41.051595,-40.881967,-40.715032,-40.551274,-40.391177,-40.235230,-40.083920,-39.937731,-39.797141,-39.662622,-39.534635,-39.413631,-39.300045,-39.194295,-39.096781,-39.007881,-38.927950,-38.857319,-38.796290,-38.745138,-38.704104,-38.673401,-38.653205,-38.643658,-38.644866,-38.656899,-38.679788,-38.713527,-38.758070,-38.813333,-38.879195,-38.955495,-39.042034,-39.138578,-39.244855,-39.360560,-39.485351,-39.618859,-39.760680,-39.910383,-40.067512,-40.231585,-40.402099,-40.578530,-40.760339,-40.946972,-41.137863,-41.332438,-41.530118,-41.730318,-41.932457,-42.135954,-42.340236,-42.544736,-42.748900,-42.952190,-43.154081,-43.354071,-43.551678,-43.746443,-43.937935,-44.125750,-44.309516,-44.488891,-44.663564,-44.833263,-44.997748,-45.156814,-45.310297,-45.458066,-45.600028,-45.736130,-45.866353,-45.990713,-46.109267,-46.222101,-46.329338,-46.431132,-46.527667,-46.619159,-46.705848,-46.788000,-46.865905,-46.939873,-47.010233,-47.077329,-47.141518,-47.203168,-47.262657
-48.906629,-48.782301,-48.663579,-48.550252,-48.442097,-48.338882,-48.240369,-48.146309,-48.056449,-47.970526,-47.888275,-47.809425,-47.733701,-47.660824,-47.590513,-47.522485,-47.456457,-47.392144,-47.329260,-47.267523,-47.206650,-47.146360,-47.086375,-47.026421,-46.966227,-46.905525,-46.844055,-46.781560,-46.717790,-46.652502,-46.585459,-46.516435,-46.445209,-46.371572,-46.295323,-46.216273,-46.134243,-46.049066,-45.960589,-45.868670,-45.773183,-45.674016,-45.571070,-45.464266,-45.353539,-45.238842,-45.120146,-44.997441,-44.870736,-44.740059,-44.605458,-44.467004,-44.324786,-44.178916,-44.029529,-43.876779,-43.720843,-43.561920,-43.400232,-43.236021,-43.069550,-42.901106,-42.730993,-42.559536,-42.387080,-42.213986,-42.040634,-41.867420,-41.694754,-41.523059,-41.352772,-41.184338,-41.018213,-40.854858,-40.694740,-40.538329,-40.386097,-40.238513,-40.096046,-39.959155,-39.828297,-39.703915,-39.586442,-39.476297,-39.373882,-39.279580,-39.193754,-39.116744,-39.048866,-38.990410,-38.941635,-38.902773,-38.874023,-38.855553,-38.847494,-38.849944,-38.862966,-38.886584,-38.920786,-38.965524,-39.020710,-39.086219,-39.161892,-39.247528,-39.342896,-39.447724,-39.561712,-39.684523,-39.815790,-39.955118,-40.102083,-40.256236,-40.417103,-40.584191,-40.756987,-40.934962,-41.117573,-41.304267,-41.494482,-41.687650,-41.883201,-42.080567,-42.279180,-42.478480,-42.677916,-42.876948,-43.075049,-43.271711,-43.466443,-43.658777,-43.848269,-44.034500,-44.217079,-44.395646,-44.569870,-44.739455,-44.904136,-45.063684,-45.217908,-45.366649,-45.509788,-45.647239,-45.778957,-45.904929,-46.025180,-46.139771,-46.248794,-46.352376,-46.450677,-46.543883,-46.632212,-46.715908,-46.795239,-46.870495,-46.941986,-47.010042,-47.075007,-47.137237,-47.197098,-47.254967
-48.863992,-48.748496,-48.638448,-48.533615,-48.433754,-48.338613,-48.247934,-48.161452,-48.078895,-47.999989,-47.924453,-47.852004,-47.782356,-47.715224,-47.650318,-47.587350,-47.526033,-47.466079,-47.407204,-47.349126,-47.291564,-47.234244,-47.176894,-47.119246,-47.061040,-47.002019,-46.941935,-46.880544,-46.817612,-46.752911,-46.686223,-46.617338,-46.546054,-46.472181,-46.395540,-46.315960,-46.233285,-46.147368,-46.058077,-45.965292,-45.868907,-45.768831,-45.664987,-45.557313,-45.445765,-45.330314,-45.210950,-45.087678,-44.960522,-44.829527,-44.694754,-44.556284,-44.414220,-44.268683,-44.119814,-43.967775,-43.812749,-43.654939,-43.494568,-43.331880,-43.167138,-43.000625,-42.832642,-42.663510,-42.493567,-42.323167,-42.152681,-41.982494,-41.813006,-41.644627,-41.477781,-41.312900,-41.150423,-40.990796,-40.834470,-40.681899,-40.533536,-40.389834,-40.251242,-40.118204,-39.991156,-39.870525,-39.756725,-39.650158,-39.551207,-39.460241,-39.377605,-39.303625,-39.238599,-39.182804,-39.136486,-39.099864,-39.073125,-39.056426,-39.049888,-39.053602,-39.067621,-39.091963,-39.126612,-39.171514,-39.226579,-39.291680,-39.366656,-39.451308,-39.545405,-39.648679,-39.760832,-39.881532,-40.010419,-40.147104,-40.291169,-40.442176,-40.599659,-40.763136,-40.932104,-41.106045,-41.284430,-41.466717,-41.652357,-41.840797,-42.031481,-42.223854,-42.417363,-42.611463,-42.805617,-42.999300,-43.192000,-43.383224,-43.572494,-43.759359,-43.943387,-44.124173,-44.301341,-44.474541,-44.643458,-44.807806,-44.967332,-45.121821,-45.271088,-45.414986,-45.553405,-45.686270,-45.813541,-45.935214,-46.051321,-46.161928,-46.267134,-46.367069,-46.461898,-46.551811,-46.637028,-46.717795,-46.794381,-46.867078,-46.936198,-47.002068,-47.065032,-47.125445,-47.183672,-47.240086
-48.824590,-48.717903,-48.616497,-48.520115,-48.428495,-48.341363,-48.258444,-48.179455,-48.104107,-48.032111,-47.963173,-47.896999,-47.833293,-47.771759,-47.712103,-47.654030,-47.597249,-47.541474,-47.486417,-47.431800,-47.377346,-47.322785,-47.267852,-47.212289,-47.155844,-47.098274,-47.039342,-46.978820,-46.916488,-46.852136,-46.785564,-46.716578,-46.644999,-46.570656,-46.493390,-46.413053,-46.329509,-46.242633,-46.152316,-46.058459,-45.960978,-45.859803,-45.754878,-45.646163,-45.533632,-45.417275,-45.297101,-45.173131,-45.045408,-44.913988,-44.778948,-44.640383,-44.498404,-44.353143,-44.204749,-44.053392,-43.899259,-43.742557,-43.583512,-43.422367,-43.259385,-43.094846,-42.929048,-42.762307,-42.594953,-42.427332,-42.259806,-42.092749,-41.926549,-41.761604,-41.598323,-41.437123,-41.278427,-41.122666,-40.970273,-40.821684,-40.677333,-40.537656,-40.403083,-40.274038,-40.150940,-40.034195,-39.924200,-39.821337,-39.725973,-39.638457,-39.559119,-39.488267,-39.426184,-39.373132,-39.329343,-39.295022,-39.270344,-39.255455,-39.250467,-39.255460,-39.270480,-39.295538,-39.330613,-39.375646,-39.430544,-39.495178,-39.569386,-39.652971,-39.745702,-39.847314,-39.957514,-40.075975,-40.202343,-40.336234,-40.477243,-40.624935,-40.778860,-40.938542,-41.103492,-41.273205,-41.447162,-41.624837,-41.805694,-41.989195,-42.174798,-42.361964,-42.550155,-42.738841,-42.927501,-43.115626,-43.302719,-43.488302,-43.671915,-43.853119,-44.031499,-44.206663,-44.378250,-44.545925,-44.709384,-44.868355,-45.022598,-45.171907,-45.316110,-45.455072,-45.588690,-45.716899,-45.839668,-45.957000,-46.068934,-46.175543,-46.276930,-46.373232,-46.464616,-46.551277,-46.633437,-46.711344,-46.785269,-46.855504,-46.922361,-46.986167,-47.047265,-47.106008,-47.162759,-47.217889
-48.788677,-48.690773,-48.597971,-48.509995,-48.426558,-48.347369,-48.272133,-48.200547,-48.132311,-48.067116,-48.004659,-47.944631,-47.886727,-47.830643,-47.776078,-47.722733,-47.670314,-47.618532,-47.567102,-47.515747,-47.464194,-47.412179,-47.359445,-47.305743,-47.250832,-47.194480,-47.136465,-47.076574,-47.014603,-46.950359,-46.883660,-46.814335,-46.742221,-46.667171,-46.589046,-46.507720,-46.423080,-46.335024,-46.243465,-46.148327,-46.049547,-45.947079,-45.840887,-45.730953,-45.617271,-45.499852,-45.378720,-45.253917,-45.125501,-44.993544,-44.858137,-44.719387,-44.577416,-44.432368,-44.284398,-44.133684,-43.980417,-43.824809,-43.667087,-43.507495,-43.346295,-43.183764,-43.020196,-42.855899,-42.691198,-42.526430,-42.361947,-42.198112,-42.035299,-41.873893,-41.714288,-41.556886,-41.402094,-41.250324,-41.101991,-40.957514,-40.817308,-40.681788,-40.551365,-40.426444,-40.307422,-40.194689,-40.088620,-39.989578,-39.897912,-39.813951,-39.738009,-39.670375,-39.611318,-39.561082,-39.519885,-39.487920,-39.465348,-39.452302,-39.448885,-39.455168,-39.471187,-39.496949,-39.532425,-39.577552,-39.632234,-39.696340,-39.769708,-39.852142,-39.943411,-40.043255,-40.151384,-40.267478,-40.391187,-40.522139,-40.659933,-40.804147,-40.954340,-41.110048,-41.270794,-41.436087,-41.605420,-41.778283,-41.954154,-42.132509,-42.312824,-42.494574,-42.677239,-42.860304,-43.043265,-43.225629,-43.406916,-43.586664,-43.764430,-43.939790,-44.112344,-44.281717,-44.447562,-44.609559,-44.767417,-44.920878,-45.069715,-45.213733,-45.352774,-45.486712,-45.615454,-45.738945,-45.857162,-45.970117,-46.077857,-46.180458,-46.278033,-46.370721,-46.458693,-46.542149,-46.621312,-46.696434,-46.767785,-46.835659,-46.900367,-46.962235,-47.021606,-47.078829,-47.134268,-47.188287
-48.756516,-48.667364,-48.583128,-48.503506,-48.428193,-48.356877,-48.289243,-48.224972,-48.163745,-48.105241,-48.049142,-47.995129,-47.942887,-47.892103,-47.842470,-47.793685,-47.745450,-47.697477,-47.649480,-47.601186,-47.552327,-47.502645,-47.451890,-47.399824,-47.346217,-47.290850,-47.233516,-47.174016,-47.112165,-47.047788,-46.980721,-46.910813,-46.837925,-46.761928,-46.682707,-46.600160,-46.514195,-46.424735,-46.331715,-46.235083,-46.134799,-46.030840,-45.923192,-45.811857,-45.696852,-45.578207,-45.455966,-45.330189,-45.200949,-45.068335,-44.932453,-44.793422,-44.651376,-44.506467,-44.358862,-44.208743,-44.056307,-43.901770,-43.745359,-43.587320,-43.427913,-43.267412,-43.106106,-42.944297,-42.782303,-42.620450,-42.459081,-42.298546,-42.139206,-41.981433,-41.825604,-41.672104,-41.521324,-41.373658,-41.229503,-41.089255,-40.953313,-40.822070,-40.695917,-40.575238,-40.460411,-40.351802,-40.249769,-40.154654,-40.066786,-39.986476,-39.914018,-39.849684,-39.793726,-39.746372,-39.707824,-39.678261,-39.657831,-39.646656,-39.644826,-39.652404,-39.669417,-39.695865,-39.731713,-39.776894,-39.831309,-39.894825,-39.967278,-40.048474,-40.138185,-40.236155,-40.342096,-40.455695,-40.576610,-40.704476,-40.838902,-40.979476,-41.125767,-41.277326,-41.433687,-41.594371,-41.758890,-41.926745,-42.097432,-42.270442,-42.445267,-42.621399,-42.798336,-42.975579,-43.152643,-43.329050,-43.504340,-43.678066,-43.849802,-44.019141,-44.185701,-44.349121,-44.509071,-44.665244,-44.817366,-44.965191,-45.108507,-45.247132,-45.380918,-45.509750,-45.633549,-45.752266,-45.865890,-45.974439,-46.077968,-46.176560,-46.270333,-46.359432,-46.444031,-46.524334,-46.600567,-46.672981,-46.741851,-46.807469,-46.870146,-46.930207,-46.987993,-47.043852,-47.098142,-47.151226
-48.728376,-48.647944,-48.572230,-48.500911,-48.433660,-48.370144,-48.310029,-48.252979,-48.198659,-48.146734,-48.096871,-48.048740,-48.002017,-47.956382,-47.911520,-47.867124,-47.822896,-47.778545,-47.733788,-47.688355,-47.641981,-47.594417,-47.545422,-47.494768,-47.442235,-47.387621,-47.330730,-47.271383,-47.209411,-47.144658,-47.076980,-47.006247,-46.932342,-46.855159,-46.774605,-46.690602,-46.603082,-46.511991,-46.417290,-46.318948,-46.216953,-46.111300,-46.002002,-45.889082,-45.772578,-45.652540,-45.529033,-45.402133,-45.271934,-45.138538,-45.002066,-44.862651,-44.720438,-44.575590,-44.428281,-44.278700,-44.127051,-43.973551,-43.818430,-43.661934,-43.504321,-43.345861,-43.186839,-43.027551,-42.868304,-42.709418,-42.551221,-42.394053,-42.238261,-42.084200,-41.932234,-41.782729,-41.636058,-41.492597,-41.352721,-41.216809,-41.085238,-40.958379,-40.836603,-40.720273,-40.609745,-40.505364,-40.407466,-40.316373,-40.232393,-40.155819,-40.086923,-40.025961,-39.973166,-39.928750,-39.892900,-39.865778,-39.847520,-39.838235,-39.838004,-39.846876,-39.864873,-39.891985,-39.928173,-39.973365,-40.027457,-40.090318,-40.161782,-40.241654,-40.329710,-40.425698,-40.529335,-40.640313,-40.758299,-40.882935,-41.013842,-41.150617,-41.292842,-41.440079,-41.591877,-41.747772,-41.907290,-42.069948,-42.235257,-42.402728,-42.571869,-42.742188,-42.913202,-43.084431,-43.255406,-43.425670,-43.594777,-43.762301,-43.927833,-44.090984,-44.251388,-44.408701,-44.562609,-44.712822,-44.859080,-45.001153,-45.138840,-45.271975,-45.400421,-45.524075,-45.642869,-45.756765,-45.865759,-45.969880,-46.069189,-46.163776,-46.253764,-46.339304,-46.420575,-46.497781,-46.571154,-46.640946,-46.707431,-46.770902,-46.831669,-46.890057,-46.946403,-47.001054,-47.054364,-47.106693
-48.704533,-48.632785,-48.565549,-48.502478,-48.443224,-48.387433,-48.334753,-48.284830,-48.237313,-48.191851,-48.148100,-48.105718,-48.064372,-48.023732,-47.983480,-47.943305,-47.902905,-47.861990,-47.820280,-47.777505,-47.733410,-47.687751,-47.640297,-47.590829,-47.539142,-47.485047,-47.428364,-47.368931,-47.306597,-47.241226,-47.172694,-47.100895,-47.025731,-46.947121,-46.864996,-46.779302,-46.689995,-46.597047,-46.500441,-46.400175,-46.296256,-46.188707,-46.077563,-45.962869,-45.844686,-45.723084,-45.598148,-45.469975,-45.338674,-45.204365,-45.067183,-44.927273,-44.784796,-44.639920,-44.492831,-44.343725,-44.192808,-44.040303,-43.886442,-43.731468,-43.575639,-43.419222,-43.262495,-43.105747,-42.949277,-42.793395,-42.638418,-42.484671,-42.332488,-42.182209,-42.034179,-41.888748,-41.746270,-41.607100,-41.471595,-41.340112,-41.213005,-41.090626,-40.973322,-40.861436,-40.755298,-40.655235,-40.561560,-40.474573,-40.394561,-40.321796,-40.256531,-40.199003,-40.149427,-40.107997,-40.074884,-40.050235,-40.034172,-40.026792,-40.028161,-40.038322,-40.057287,-40.085038,-40.121530,-40.166685,-40.220400,-40.282538,-40.352934,-40.431396,-40.517701,-40.611600,-40.712817,-40.821050,-40.935974,-41.057240,-41.184479,-41.317300,-41.455296,-41.598045,-41.745108,-41.896037,-42.050373,-42.207650,-42.367397,-42.529142,-42.692409,-42.856729,-43.021633,-43.186662,-43.351365,-43.515304,-43.678053,-43.839204,-43.998366,-44.155168,-44.309263,-44.460324,-44.608053,-44.752177,-44.892451,-45.028661,-45.160621,-45.288177,-45.411205,-45.529617,-45.643352,-45.752385,-45.856721,-45.956398,-46.051483,-46.142074,-46.228301,-46.310318,-46.388309,-46.462482,-46.533070,-46.600327,-46.664527,-46.725964,-46.784947,-46.841799,-46.896854,-46.950456,-47.002956,-47.054709
-48.685269,-48.622168,-48.563361,-48.508481,-48.457157,-48.409016,-48.363685,-48.320793,-48.279973,-48.240860,-48.203096,-48.166329,-48.130215,-48.094419,-48.058617,-48.022492,-47.985743,-47.948078,-47.909221,-47.868906,-47.826883,-47.782916,-47.736783,-47.688279,-47.637211,-47.583403,-47.526694,-47.466937,-47.404001,-47.337771,-47.268145,-47.195037,-47.118373,-47.038097,-46.954164,-46.866543,-46.775218,-46.680185,-46.581452,-46.479042,-46.372989,-46.263338,-46.150148,-46.033490,-45.913444,-45.790104,-45.663575,-45.533972,-45.401422,-45.266063,-45.128044,-44.987525,-44.844676,-44.699679,-44.552727,-44.404021,-44.253775,-44.102214,-43.949571,-43.796090,-43.642025,-43.487639,-43.333207,-43.179008,-43.025334,-42.872483,-42.720759,-42.570476,-42.421951,-42.275508,-42.131475,-41.990184,-41.851969,-41.717165,-41.586108,-41.459132,-41.336572,-41.218755,-41.106006,-40.998644,-40.896978,-40.801312,-40.711934,-40.629125,-40.553149,-40.484257,-40.422682,-40.368641,-40.322330,-40.283924,-40.253580,-40.231428,-40.217575,-40.212105,-40.215074,-40.226513,-40.246425,-40.274784,-40.311540,-40.356610,-40.409887,-40.471233,-40.540484,-40.617447,-40.701904,-40.793608,-40.892291,-40.997656,-41.109388,-41.227146,-41.350572,-41.479287,-41.612899,-41.750996,-41.893157,-42.038948,-42.187928,-42.339647,-42.493653,-42.649491,-42.806705,-42.964843,-43.123458,-43.282110,-43.440366,-43.597809,-43.754033,-43.908648,-44.061282,-44.211585,-44.359225,-44.503897,-44.645318,-44.783232,-44.917412,-45.047657,-45.173798,-45.295695,-45.413237,-45.526347,-45.634977,-45.739113,-45.838769,-45.933991,-46.024855,-46.111468,-46.193961,-46.272497,-46.347262,-46.418469,-46.486351,-46.551164,-46.613184,-46.672704,-46.730030,-46.785485,-46.839399,-46.892114,-46.943977,-46.995336
-48.670868,-48.616373,-48.565947,-48.519200,-48.475738,-48.435168,-48.397099,-48.361142,-48.326913,-48.294033,-48.262131,-48.230845,-48.199821,-48.168717,-48.137203,-48.104960,-48.071685,-48.037087,-48.000891,-47.962837,-47.922681,-47.880195,-47.835169,-47.787407,-47.736732,-47.682982,-47.626013,-47.565697,-47.501923,-47.434595,-47.363634,-47.288977,-47.210574,-47.128393,-47.042415,-46.952634,-46.859060,-46.761714,-46.660631,-46.555859,-46.447458,-46.335499,-46.220064,-46.101247,-45.979154,-45.853898,-45.725606,-45.594413,-45.460463,-45.323912,-45.184925,-45.043674,-44.900342,-44.755122,-44.608214,-44.459828,-44.310183,-44.159505,-44.008030,-43.856001,-43.703670,-43.551296,-43.399147,-43.247495,-43.096623,-42.946816,-42.798368,-42.651577,-42.506747,-42.364182,-42.224195,-42.087097,-41.953201,-41.822824,-41.696279,-41.573877,-41.455931,-41.342744,-41.234620,-41.131851,-41.034725,-40.943521,-40.858506,-40.779935,-40.708052,-40.643086,-40.585249,-40.534736,-40.491726,-40.456376,-40.428823,-40.409183,-40.397549,-40.393989,-40.398550,-40.411249,-40.432082,-40.461015,-40.497991,-40.542924,-40.595702,-40.656186,-40.724211,-40.799588,-40.882099,-40.971504,-41.067539,-41.169916,-41.278327,-41.392442,-41.511914,-41.636376,-41.765450,-41.898738,-42.035835,-42.176324,-42.319780,-42.465771,-42.613864,-42.763622,-42.914610,-43.066395,-43.218550,-43.370654,-43.522298,-43.673081,-43.822620,-43.970545,-44.116503,-44.260163,-44.401214,-44.539368,-44.674361,-44.805954,-44.933937,-45.058125,-45.178364,-45.294528,-45.406522,-45.514280,-45.617766,-45.716977,-45.811938,-45.902702,-45.989356,-46.072009,-46.150804,-46.225905,-46.297503,-46.365814,-46.431074,-46.493540,-46.553487,-46.611208,-46.667009,-46.721208,-46.774135,-46.826126,-46.877523,-46.928672
-48.661617,-48.615687,-48.573591,-48.534916,-48.499247,-48.466170,-48.435275,-48.406155,-48.378411,-48.351648,-48.325484,-48.299545,-48.273469,-48.246906,-48.219521,-48.190993,-48.161017,-48.129303,-48.095579,-48.059590,-48.021099,-47.979886,-47.935752,-47.888515,-47.838009,-47.784090,-47.726632,-47.665524,-47.600676,-47.532014,-47.459482,-47.383038,-47.302659,-47.218338,-47.130079,-47.037905,-46.941852,-46.841966,-46.738311,-46.630960,-46.519998,-46.405522,-46.287641,-46.166472,-46.042143,-45.914792,-45.784565,-45.651618,-45.516113,-45.378225,-45.238131,-45.096021,-44.952088,-44.806537,-44.659575,-44.511421,-44.362296,-44.212433,-44.062066,-43.911440,-43.760802,-43.610409,-43.460520,-43.311402,-43.163325,-43.016566,-42.871404,-42.728122,-42.587008,-42.448352,-42.312444,-42.179578,-42.050047,-41.924143,-41.802160,-41.684386,-41.571108,-41.462608,-41.359163,-41.261044,-41.168514,-41.081825,-41.001223,-40.926940,-40.859196,-40.798197,-40.744134,-40.697183,-40.657500,-40.625226,-40.600479,-40.583360,-40.573944,-40.572289,-40.578426,-40.592364,-40.614087,-40.643556,-40.680705,-40.725444,-40.777658,-40.837208,-40.903928,-40.977629,-41.058098,-41.145100,-41.238376,-41.337646,-41.442610,-41.552951,-41.668331,-41.788399,-41.912787,-42.041115,-42.172992,-42.308020,-42.445790,-42.585890,-42.727905,-42.871419,-43.016015,-43.161283,-43.306815,-43.452212,-43.597085,-43.741056,-43.883760,-44.024849,-44.163992,-44.300877,-44.435212,-44.566728,-44.695181,-44.820351,-44.942042,-45.060088,-45.174351,-45.284718,-45.391110,-45.493473,-45.591784,-45.686050,-45.776306,-45.862617,-45.945074,-46.023797,-46.098931,-46.170649,-46.239144,-46.304635,-46.367360,-46.427577,-46.485562,-46.541606,-46.596014,-46.649101,-46.701194,-46.752625,-46.803731,-46.854852
-48.657803,-48.620394,-48.586576,-48.555913,-48.527966,-48.502303,-48.478494,-48.456115,-48.434748,-48.413988,-48.393438,-48.372714,-48.351444,-48.329273,-48.305861,-48.280883,-48.254032,-48.225022,-48.193584,-48.159466,-48.122440,-48.082296,-48.038845,-47.991916,-47.941361,-47.887050,-47.828876,-47.766747,-47.700594,-47.630365,-47.556026,-47.477562,-47.394973,-47.308276,-47.217506,-47.122709,-47.023948,-46.921298,-46.814849,-46.704701,-46.590966,-46.473767,-46.353238,-46.229521,-46.102769,-45.973140,-45.840804,-45.705935,-45.568718,-45.429341,-45.288000,-45.144898,-45.000241,-44.854243,-44.707123,-44.559103,-44.410414,-44.261287,-44.111961,-43.962677,-43.813683,-43.665228,-43.517566,-43.370956,-43.225658,-43.081936,-42.940057,-42.800289,-42.662903,-42.528170,-42.396363,-42.267755,-42.142618,-42.021223,-41.903838,-41.790730,-41.682162,-41.578391,-41.479669,-41.386243,-41.298349,-41.216218,-41.140069,-41.070111,-41.006539,-40.949538,-40.899276,-40.855908,-40.819570,-40.790383,-40.768449,-40.753849,-40.746645,-40.746880,-40.754573,-40.769721,-40.792300,-40.822261,-40.859532,-40.904020,-40.955605,-41.014146,-41.079479,-41.151416,-41.229748,-41.314243,-41.404650,-41.500697,-41.602093,-41.708531,-41.819687,-41.935221,-42.054781,-42.178002,-42.304511,-42.433925,-42.565856,-42.699909,-42.835690,-42.972802,-43.110851,-43.249446,-43.388201,-43.526740,-43.664694,-43.801707,-43.937436,-44.071554,-44.203752,-44.333737,-44.461239,-44.586009,-44.707820,-44.826471,-44.941786,-45.053615,-45.161834,-45.266349,-45.367093,-45.464025,-45.557136,-45.646444,-45.731995,-45.813860,-45.892143,-45.966967,-46.038487,-46.106877,-46.172337,-46.235087,-46.295368,-46.353439,-46.409574,-46.464066,-46.517215,-46.569335,-46.620749,-46.671784,-46.722773,-46.774049
-48.659715,-48.630782,-48.605188,-48.582474,-48.562179,-48.543851,-48.527039,-48.511303,-48.496209,-48.481338,-48.466279,-48.450638,-48.434036,-48.416110,-48.396515,-48.374923,-48.351030,-48.324547,-48.295210,-48.262775,-48.227019,-48.187742,-48.144766,-48.097935,-48.047115,-47.992194,-47.933081,-47.869706,-47.802021,-47.729996,-47.653622,-47.572906,-47.487876,-47.398575,-47.305063,-47.207415,-47.105722,-47.000086,-46.890623,-46.777463,-46.660744,-46.540616,-46.417237,-46.290777,-46.161411,-46.029321,-45.894700,-45.757742,-45.618650,-45.477631,-45.334898,-45.190666,-45.045155,-44.898591,-44.751200,-44.603213,-44.454863,-44.306387,-44.158024,-44.010015,-43.862604,-43.716035,-43.570558,-43.426419,-43.283871,-43.143165,-43.004554,-42.868291,-42.734629,-42.603823,-42.476125,-42.351788,-42.231062,-42.114195,-42.001432,-41.893017,-41.789186,-41.690172,-41.596203,-41.507499,-41.424272,-41.346727,-41.275058,-41.209448,-41.150072,-41.097088,-41.050643,-41.010870,-40.977884,-40.951787,-40.932662,-40.920573,-40.915568,-40.917672,-40.926894,-40.943219,-40.966613,-40.997018,-41.034358,-41.078533,-41.129421,-41.186879,-41.250743,-41.320827,-41.396926,-41.478813,-41.566243,-41.658953,-41.756663,-41.859074,-41.965877,-42.076745,-42.191340,-42.309315,-42.430312,-42.553968,-42.679912,-42.807770,-42.937168,-43.067731,-43.199084,-43.330860,-43.462694,-43.594232,-43.725128,-43.855048,-43.983672,-44.110694,-44.235826,-44.358798,-44.479359,-44.597281,-44.712358,-44.824407,-44.933270,-45.038814,-45.140932,-45.239547,-45.334604,-45.426079,-45.513973,-45.598316,-45.679165,-45.756602,-45.830736,-45.901701,-45.969655,-46.034779,-46.097275,-46.157367,-46.215298,-46.271327,-46.325729,-46.378793,-46.430820,-46.482119,-46.533009,-46.583813,-46.634858,-46.686470
-48.667635,-48.647133,-48.629709,-48.614881,-48.602168,-48.591094,-48.581192,-48.572003,-48.563078,-48.553981,-48.544293,-48.533607,-48.521535,-48.507709,-48.491779,-48.473415,-48.452311,-48.428183,-48.400769,-48.369829,-48.335152,-48.296545,-48.253843,-48.206904,-48.155609,-48.099863,-48.039594,-47.974754,-47.905315,-47.831270,-47.752635,-47.669442,-47.581744,-47.489613,-47.393135,-47.292413,-47.187565,-47.078723,-46.966031,-46.849645,-46.729733,-46.606470,-46.480042,-46.350643,-46.218474,-46.083740,-45.946656,-45.807438,-45.666308,-45.523491,-45.379215,-45.233712,-45.087214,-44.939958,-44.792178,-44.644113,-44.496002,-44.348084,-44.200599,-44.053787,-43.907889,-43.763145,-43.619796,-43.478083,-43.338244,-43.200521,-43.065150,-42.932371,-42.802419,-42.675530,-42.551936,-42.431869,-42.315557,-42.203224,-42.095093,-41.991382,-41.892302,-41.798062,-41.708862,-41.624897,-41.546353,-41.473409,-41.406234,-41.344987,-41.289817,-41.240858,-41.198235,-41.162058,-41.132422,-41.109408,-41.093081,-41.083487,-41.080658,-41.084605,-41.095323,-41.112786,-41.136949,-41.167749,-41.205100,-41.248898,-41.299018,-41.355317,-41.417629,-41.485772,-41.559544,-41.638723,-41.723071,-41.812334,-41.906241,-42.004507,-42.106832,-42.212906,-42.322406,-42.435001,-42.550351,-42.668110,-42.787928,-42.909452,-43.032328,-43.156201,-43.280720,-43.405540,-43.530318,-43.654723,-43.778433,-43.901135,-44.022532,-44.142342,-44.260298,-44.376151,-44.489675,-44.600659,-44.708918,-44.814289,-44.916633,-45.015834,-45.111803,-45.204478,-45.293819,-45.379816,-45.462483,-45.541863,-45.618022,-45.691052,-45.761071,-45.828219,-45.892661,-45.954583,-46.014192,-46.071713,-46.127391,-46.181485,-46.234271,-46.286035,-46.337076,-46.387700,-46.438222,-46.488959,-46.540232,-46.592361
-48.681846,-48.669727,-48.660418,-48.653413,-48.648210,-48.644312,-48.641233,-48.638495,-48.635635,-48.632202,-48.627765,-48.621907,-48.614232,-48.604364,-48.591950,-48.576658,-48.558182,-48.536239,-48.510572,-48.480948,-48.447162,-48.409034,-48.366410,-48.319162,-48.267187,-48.210408,-48.148772,-48.082252,-48.010842,-47.934559,-47.853442,-47.767552,-47.676966,-47.581784,-47.482119,-47.378104,-47.269884,-47.157621,-47.041486,-46.921665,-46.798352,-46.671751,-46.542075,-46.409544,-46.274382,-46.136822,-45.997097,-45.855447,-45.712113,-45.567338,-45.421368,-45.274449,-45.126826,-44.978746,-44.830455,-44.682196,-44.534215,-44.386754,-44.240053,-44.094352,-43.949888,-43.806897,-43.665613,-43.526267,-43.389087,-43.254301,-43.122133,-42.992804,-42.866534,-42.743539,-42.624031,-42.508219,-42.396311,-42.288506,-42.185004,-42.085995,-41.991667,-41.902202,-41.817774,-41.738551,-41.664694,-41.596355,-41.533676,-41.476793,-41.425827,-41.380890,-41.342083,-41.309494,-41.283196,-41.263249,-41.249699,-41.242576,-41.241894,-41.247651,-41.259826,-41.278382,-41.303266,-41.334404,-41.371705,-41.415060,-41.464342,-41.519404,-41.580082,-41.646196,-41.717547,-41.793920,-41.875084,-41.960793,-42.050786,-42.144790,-42.242519,-42.343677,-42.447957,-42.555044,-42.664618,-42.776351,-42.889913,-43.004971,-43.121192,-43.238246,-43.355802,-43.473538,-43.591135,-43.708285,-43.824688,-43.940057,-44.054118,-44.166610,-44.277290,-44.385932,-44.492329,-44.596295,-44.697663,-44.796291,-44.892057,-44.984867,-45.074646,-45.161349,-45.244952,-45.325459,-45.402898,-45.477322,-45.548808,-45.617459,-45.683401,-45.746782,-45.807771,-45.866561,-45.923361,-45.978400,-46.031924,-46.084193,-46.135481,-46.186074,-46.236267,-46.286362,-46.336671,-46.387503,-46.439175,-46.492000
-48.702622,-48.698839,-48.697590,-48.698345,-48.700581,-48.703780,-48.707437,-48.711056,-48.714159,-48.716282,-48.716979,-48.715825,-48.712415,-48.706367,-48.697324,-48.684953,-48.668947,-48.649025,-48.624935,-48.596451,-48.563376,-48.525541,-48.482804,-48.435052,-48.382198,-48.324184,-48.260976,-48.192568,-48.118976,-48.040243,-47.956432,-47.867629,-47.773941,-47.675492,-47.572426,-47.464903,-47.353099,-47.237203,-47.117416,-46.993953,-46.867037,-46.736898,-46.603778,-46.467922,-46.329581,-46.189010,-46.046466,-45.902212,-45.756507,-45.609614,-45.461796,-45.313312,-45.164422,-45.015383,-44.866452,-44.717878,-44.569912,-44.422799,-44.276782,-44.132097,-43.988981,-43.847662,-43.708368,-43.571320,-43.436737,-43.304832,-43.175815,-43.049892,-42.927264,-42.808127,-42.692673,-42.581091,-42.473563,-42.370266,-42.271374,-42.177053,-42.087464,-42.002762,-41.923096,-41.848606,-41.779426,-41.715682,-41.657491,-41.604959,-41.558186,-41.517257,-41.482250,-41.453229,-41.430247,-41.413343,-41.402542,-41.397858,-41.399287,-41.406811,-41.420398,-41.440000,-41.465550,-41.496968,-41.534156,-41.576999,-41.625368,-41.679115,-41.738077,-41.802075,-41.870913,-41.944384,-42.022263,-42.104313,-42.190285,-42.279917,-42.372937,-42.469063,-42.568004,-42.669465,-42.773141,-42.878725,-42.985908,-43.094377,-43.203823,-43.313935,-43.424409,-43.534943,-43.645244,-43.755027,-43.864016,-43.971947,-44.078571,-44.183650,-44.286964,-44.388310,-44.487504,-44.584380,-44.678794,-44.770622,-44.859764,-44.946142,-45.029700,-45.110409,-45.188260,-45.263273,-45.335487,-45.404969,-45.471808,-45.536114,-45.598022,-45.657688,-45.715288,-45.771018,-45.825092,-45.877742,-45.929214,-45.979769,-46.029679,-46.079230,-46.128712,-46.178425,-46.228673,-46.279764,-46.332004,-46.385700
-48.730235,-48.734738,-48.741493,-48.749945,-48.759549,-48.769767,-48.780075,-48.789959,-48.798925,-48.806496,-48.812214,-48.815642,-48.816370,-48.814008,-48.808195,-48.798597,-48.784907,-48.766848,-48.744171,-48.716657,-48.684118,-48.646396,-48.603362,-48.554918,-48.500994,-48.441549,-48.376570,-48.306073,-48.230097,-48.148708,-48.061997,-47.970074,-47.873073,-47.771149,-47.664473,-47.553235,-47.437639,-47.317905,-47.194263,-47.066956,-46.936236,-46.802364,-46.665606,-46.526235,-46.384528,-46.240765,-46.095226,-45.948195,-45.799952,-45.650779,-45.500955,-45.350756,-45.200454,-45.050318,-44.900613,-44.751597,-44.603526,-44.456647,-44.311204,-44.167435,-44.025569,-43.885832,-43.748444,-43.613616,-43.481557,-43.352466,-43.226539,-43.103964,-42.984925,-42.869599,-42.758156,-42.650763,-42.547578,-42.448756,-42.354444,-42.264782,-42.179906,-42.099943,-42.025015,-41.955236,-41.890712,-41.831541,-41.777814,-41.729612,-41.687007,-41.650061,-41.618827,-41.593346,-41.573648,-41.559752,-41.551664,-41.549378,-41.552874,-41.562120,-41.577069,-41.597660,-41.623818,-41.655454,-41.692462,-41.734724,-41.782106,-41.834459,-41.891621,-41.953416,-42.019652,-42.090127,-42.164624,-42.242916,-42.324764,-42.409918,-42.498120,-42.589104,-42.682596,-42.778316,-42.875981,-42.975302,-43.075992,-43.177759,-43.280316,-43.383376,-43.486657,-43.589882,-43.692782,-43.795096,-43.896572,-43.996972,-44.096069,-44.193651,-44.289520,-44.383498,-44.475421,-44.565147,-44.652553,-44.737535,-44.820013,-44.899928,-44.977242,-45.051942,-45.124037,-45.193558,-45.260560,-45.325122,-45.387342,-45.447342,-45.505266,-45.561276,-45.615554,-45.668301,-45.719736,-45.770091,-45.819614,-45.868567,-45.917221,-45.965858,-46.014767,-46.064242,-46.114584,-46.166091,-46.219066,-46.273807
-48.764943,-48.777685,-48.792387,-48.808473,-48.825375,-48.842536,-48.859410,-48.875468,-48.890200,-48.903114,-48.913741,-48.921636,-48.926376,-48.927570,-48.924852,-48.917885,-48.906364,-48.890013,-48.868590,-48.841882,-48.809711,-48.771930,-48.728422,-48.679105,-48.623926,-48.562863,-48.495923,-48.423143,-48.344587,-48.260345,-48.170533,-48.075290,-47.974776,-47.869176,-47.758688,-47.643533,-47.523945,-47.400172,-47.272476,-47.141128,-47.006410,-46.868612,-46.728027,-46.584955,-46.439699,-46.292563,-46.143854,-45.993873,-45.842926,-45.691310,-45.539323,-45.387255,-45.235393,-45.084017,-44.933401,-44.783812,-44.635509,-44.488744,-44.343761,-44.200797,-44.060078,-43.921825,-43.786249,-43.653554,-43.523936,-43.397581,-43.274670,-43.155375,-43.039861,-42.928285,-42.820797,-42.717540,-42.618650,-42.524256,-42.434479,-42.349436,-42.269233,-42.193971,-42.123746,-42.058642,-41.998738,-41.944107,-41.894810,-41.850903,-41.812431,-41.779432,-41.751933,-41.729953,-41.713498,-41.702568,-41.697147,-41.697212,-41.702726,-41.713640,-41.729894,-41.751416,-41.778120,-41.809907,-41.846666,-41.888274,-41.934593,-41.985474,-42.040754,-42.100260,-42.163806,-42.231194,-42.302215,-42.376652,-42.454277,-42.534852,-42.618135,-42.703873,-42.791811,-42.881686,-42.973234,-43.066187,-43.160278,-43.255239,-43.350803,-43.446709,-43.542698,-43.638517,-43.733921,-43.828675,-43.922552,-44.015337,-44.106829,-44.196839,-44.285195,-44.371741,-44.456337,-44.538863,-44.619216,-44.697316,-44.773102,-44.846532,-44.917588,-44.986274,-45.052613,-45.116654,-45.178463,-45.238132,-45.295770,-45.351510,-45.405503,-45.457919,-45.508947,-45.558791,-45.607674,-45.655832,-45.703512,-45.750976,-45.798495,-45.846348,-45.894820,-45.944202,-45.994787,-46.046870,-46.100743,-46.156698
-48.807000,-48.827930,-48.850523,-48.874181,-48.898312,-48.922338,-48.945696,-48.967840,-48.988242,-49.006398,-49.021827,-49.034073,-49.042707,-49.047331,-49.047576,-49.043103,-49.033609,-49.018820,-48.998499,-48.972441,-48.940476,-48.902470,-48.858319,-48.807956,-48.751345,-48.688483,-48.619400,-48.544152,-48.462829,-48.375544,-48.282441,-48.183685,-48.079466,-47.969994,-47.855501,-47.736234,-47.612459,-47.484455,-47.352512,-47.216933,-47.078028,-46.936115,-46.791517,-46.644562,-46.495577,-46.344892,-46.192837,-46.039739,-45.885919,-45.731698,-45.577389,-45.423298,-45.269727,-45.116966,-44.965298,-44.815000,-44.666334,-44.519556,-44.374912,-44.232636,-44.092953,-43.956077,-43.822212,-43.691552,-43.564282,-43.440575,-43.320597,-43.204502,-43.092438,-42.984540,-42.880938,-42.781752,-42.687095,-42.597069,-42.511772,-42.431293,-42.355711,-42.285101,-42.219528,-42.159051,-42.103722,-42.053583,-42.008670,-41.969012,-41.934627,-41.905528,-41.881717,-41.863188,-41.849928,-41.841911,-41.839105,-41.841465,-41.848939,-41.861463,-41.878961,-41.901350,-41.928532,-41.960402,-41.996841,-42.037720,-42.082899,-42.132228,-42.185545,-42.242679,-42.303447,-42.367659,-42.435115,-42.505604,-42.578912,-42.654815,-42.733081,-42.813477,-42.895763,-42.979695,-43.065028,-43.151516,-43.238912,-43.326971,-43.415451,-43.504111,-43.592718,-43.681044,-43.768869,-43.855983,-43.942183,-44.027281,-44.111100,-44.193476,-44.274262,-44.353324,-44.430546,-44.505832,-44.579100,-44.650291,-44.719363,-44.786296,-44.851089,-44.913763,-44.974358,-45.032935,-45.089578,-45.144388,-45.197487,-45.249017,-45.299138,-45.348028,-45.395880,-45.442905,-45.489327,-45.535386,-45.581330,-45.627420,-45.673925,-45.721122,-45.769293,-45.818723,-45.869701,-45.922513,-45.977445,-46.034781
-48.856646,-48.885714,-48.916142,-48.947308,-48.978599,-49.009417,-49.039178,-49.067320,-49.093300,-49.116600,-49.136726,-49.153214,-49.165626,-49.173560,-49.176641,-49.174532,-49.166928,-49.153560,-49.134196,-49.108638,-49.076727,-49.038337,-48.993382,-48.941807,-48.883597,-48.818766,-48.747364,-48.669473,-48.585203,-48.494696,-48.398119,-48.295667,-48.187556,-48.074028,-47.955343,-47.831779,-47.703631,-47.571209,-47.434835,-47.294839,-47.151564,-47.005355,-46.856564,-46.705546,-46.552656,-46.398249,-46.242677,-46.086291,-45.929435,-45.772446,-45.615657,-45.459388,-45.303956,-45.149662,-44.996800,-44.845652,-44.696488,-44.549567,-44.405134,-44.263424,-44.124658,-43.989044,-43.856780,-43.728049,-43.603025,-43.481869,-43.364729,-43.251744,-43.143042,-43.038739,-42.938943,-42.843752,-42.753252,-42.667524,-42.586638,-42.510655,-42.439630,-42.373608,-42.312627,-42.256717,-42.205903,-42.160198,-42.119612,-42.084145,-42.053790,-42.028533,-42.008352,-41.993217,-41.983092,-41.977929,-41.977676,-41.982270,-41.991641,-42.005708,-42.024384,-42.047571,-42.075162,-42.107042,-42.143087,-42.183162,-42.227124,-42.274822,-42.326094,-42.380772,-42.438679,-42.499630,-42.563433,-42.629887,-42.698790,-42.769929,-42.843090,-42.918054,-42.994597,-43.072497,-43.151527,-43.231461,-43.312076,-43.393147,-43.474457,-43.555790,-43.636937,-43.717694,-43.797868,-43.877272,-43.955731,-44.033081,-44.109170,-44.183860,-44.257028,-44.328564,-44.398378,-44.466393,-44.532553,-44.596817,-44.659166,-44.719599,-44.778132,-44.834805,-44.889673,-44.942813,-44.994322,-45.044314,-45.092922,-45.140298,-45.186611,-45.232044,-45.276799,-45.321091,-45.365146,-45.409207,-45.453522,-45.498352,-45.543965,-45.590635,-45.638638,-45.688257,-45.739772,-45.793464,-45.849613,-45.908490
-48.914109,-48.951264,-48.989471,-49.028084,-49.066467,-49.104002,-49.140088,-49.174144,-49.205612,-49.233960,-49.258683,-49.279306,-49.295387,-49.306514,-49.312312,-49.312441,-49.306598,-49.294518,-49.275972,-49.250773,-49.218768,-49.179846,-49.133933,-49.080992,-49.021022,-48.954060,-48.880176,-48.799473,-48.712088,-48.618187,-48.517963,-48.411640,-48.299463,-48.181703,-48.058648,-47.930608,-47.797910,-47.660892,-47.519907,-47.375318,-47.227495,-47.076814,-46.923656,-46.768402,-46.611435,-46.453136,-46.293880,-46.134041,-45.973985,-45.814068,-45.654639,-45.496038,-45.338592,-45.182617,-45.028414,-44.876274,-44.726473,-44.579273,-44.434919,-44.293646,-44.155672,-44.021199,-43.890418,-43.763502,-43.640614,-43.521900,-43.407494,-43.297518,-43.192080,-43.091278,-42.995197,-42.903911,-42.817484,-42.735970,-42.659413,-42.587848,-42.521302,-42.459793,-42.403330,-42.351916,-42.305545,-42.264205,-42.227876,-42.196532,-42.170139,-42.148657,-42.132039,-42.120230,-42.113172,-42.110795,-42.113027,-42.119785,-42.130982,-42.146523,-42.166304,-42.190216,-42.218143,-42.249959,-42.285533,-42.324727,-42.367394,-42.413381,-42.462529,-42.514671,-42.569635,-42.627242,-42.687309,-42.749645,-42.814059,-42.880352,-42.948324,-43.017772,-43.088491,-43.160276,-43.232922,-43.306224,-43.379979,-43.453988,-43.528055,-43.601990,-43.675608,-43.748731,-43.821191,-43.892827,-43.963491,-44.033042,-44.101356,-44.168320,-44.233834,-44.297815,-44.360194,-44.420920,-44.479958,-44.537289,-44.592914,-44.646851,-44.699137,-44.749827,-44.798994,-44.846730,-44.893145,-44.938365,-44.982537,-45.025820,-45.068391,-45.110444,-45.152184,-45.193830,-45.235614,-45.277778,-45.320573,-45.364258,-45.409100,-45.455368,-45.503336,-45.553280,-45.605476,-45.660197,-45.717713,-45.778288
-48.979604,-49.024795,-49.070725,-49.116722,-49.162131,-49.206312,-49.248645,-49.288533,-49.325402,-49.358706,-49.387929,-49.412587,-49.432229,-49.446440,-49.454840,-49.457089,-49.452885,-49.441965,-49.424108,-49.399132,-49.366897,-49.327302,-49.280287,-49.225832,-49.163953,-49.094707,-49.018185,-48.934514,-48.843854,-48.746397,-48.642365,-48.532006,-48.415597,-48.293436,-48.165844,-48.033161,-47.895742,-47.753959,-47.608195,-47.458842,-47.306302,-47.150980,-46.993286,-46.833629,-46.672419,-46.510061,-46.346958,-46.183503,-46.020086,-45.857081,-45.694858,-45.533769,-45.374157,-45.216350,-45.060659,-44.907382,-44.756802,-44.609182,-44.464771,-44.323801,-44.186488,-44.053028,-43.923604,-43.798381,-43.677509,-43.561121,-43.449336,-43.342259,-43.239978,-43.142572,-43.050102,-42.962622,-42.880169,-42.802774,-42.730453,-42.663216,-42.601060,-42.543977,-42.491947,-42.444944,-42.402935,-42.365878,-42.333727,-42.306427,-42.283918,-42.266133,-42.253000,-42.244441,-42.240373,-42.240707,-42.245347,-42.254194,-42.267142,-42.284079,-42.304890,-42.329451,-42.357635,-42.389310,-42.424336,-42.462570,-42.503863,-42.548062,-42.595006,-42.644533,-42.696475,-42.750660,-42.806911,-42.865051,-42.924898,-42.986266,-43.048973,-43.112829,-43.177650,-43.243247,-43.309437,-43.376036,-43.442864,-43.509745,-43.576507,-43.642983,-43.709015,-43.774450,-43.839145,-43.902967,-43.965791,-44.027506,-44.088010,-44.147217,-44.205053,-44.261459,-44.316390,-44.369818,-44.421730,-44.472130,-44.521039,-44.568496,-44.614556,-44.659290,-44.702790,-44.745161,-44.786528,-44.827030,-44.866823,-44.906079,-44.944982,-44.983732,-45.022542,-45.061634,-45.101244,-45.141614,-45.182997,-45.225652,-45.269841,-45.315832,-45.363896,-45.414301,-45.467316,-45.523209,-45.582240,-45.644664
-49.053330,-49.106506,-49.160102,-49.213423,-49.265791,-49.316548,-49.365053,-49.410693,-49.452878,-49.491050,-49.524681,-49.553278,-49.576381,-49.593570,-49.604464,-49.608720,-49.606039,-49.596160,-49.578869,-49.553991,-49.521397,-49.480997,-49.432746,-49.376639,-49.312711,-49.241039,-49.161735,-49.074949,-48.980865,-48.879702,-48.771707,-48.657159,-48.536362,-48.409644,-48.277357,-48.139870,-47.997571,-47.850862,-47.700157,-47.545880,-47.388462,-47.228338,-47.065946,-46.901725,-46.736110,-46.569534,-46.402424,-46.235196,-46.068259,-45.902012,-45.736837,-45.573107,-45.411178,-45.251387,-45.094060,-44.939500,-44.787994,-44.639813,-44.495204,-44.354399,-44.217609,-44.085029,-43.956830,-43.833171,-43.714188,-43.600001,-43.490715,-43.386416,-43.287175,-43.193049,-43.104078,-43.020292,-42.941706,-42.868323,-42.800135,-42.737122,-42.679257,-42.626501,-42.578806,-42.536120,-42.498379,-42.465514,-42.437449,-42.414104,-42.395390,-42.381215,-42.371482,-42.366088,-42.364926,-42.367886,-42.374852,-42.385705,-42.400321,-42.418574,-42.440333,-42.465462,-42.493824,-42.525278,-42.559677,-42.596873,-42.636714,-42.679046,-42.723709,-42.770544,-42.819388,-42.870075,-42.922437,-42.976306,-43.031513,-43.087887,-43.145257,-43.203454,-43.262309,-43.321654,-43.381325,-43.441161,-43.501004,-43.560701,-43.620103,-43.679071,-43.737471,-43.795175,-43.852066,-43.908037,-43.962991,-44.016841,-44.069513,-44.120945,-44.171089,-44.219911,-44.267389,-44.313520,-44.358314,-44.401795,-44.444007,-44.485007,-44.524870,-44.563684,-44.601557,-44.638611,-44.674982,-44.710824,-44.746304,-44.781602,-44.816913,-44.852443,-44.888410,-44.925041,-44.962574,-45.001255,-45.041335,-45.083072,-45.126727,-45.172565,-45.220851,-45.271848,-45.325819,-45.383022,-45.443710,-45.508129
-49.135470,-49.196580,-49.257785,-49.318369,-49.377633,-49.434895,-49.489500,-49.540815,-49.588236,-49.631191,-49.669141,-49.701584,-49.728052,-49.748122,-49.761407,-49.767565,-49.766298,-49.757349,-49.740510,-49.715613,-49.682539,-49.641212,-49.591599,-49.533713,-49.467607,-49.393376,-49.311155,-49.221118,-49.123472,-49.018462,-48.906364,-48.787483,-48.662153,-48.530732,-48.393602,-48.251163,-48.103835,-47.952049,-47.796252,-47.636898,-47.474448,-47.309368,-47.142125,-46.973185,-46.803012,-46.632064,-46.460792,-46.289636,-46.119027,-45.949383,-45.781106,-45.614583,-45.450184,-45.288261,-45.129147,-44.973155,-44.820579,-44.671689,-44.526738,-44.385955,-44.249549,-44.117707,-43.990597,-43.868365,-43.751136,-43.639019,-43.532101,-43.430451,-43.334123,-43.243152,-43.157558,-43.077346,-43.002507,-42.933019,-42.868848,-42.809947,-42.756260,-42.707722,-42.664256,-42.625780,-42.592202,-42.563426,-42.539347,-42.519857,-42.504841,-42.494180,-42.487751,-42.485428,-42.487080,-42.492576,-42.501778,-42.514548,-42.530746,-42.550228,-42.572850,-42.598463,-42.626921,-42.658071,-42.691762,-42.727841,-42.766152,-42.806539,-42.848846,-42.892915,-42.938587,-42.985704,-43.034107,-43.083638,-43.134138,-43.185452,-43.237424,-43.289900,-43.342731,-43.395767,-43.448867,-43.501888,-43.554697,-43.607164,-43.659166,-43.710587,-43.761318,-43.811259,-43.860318,-43.908415,-43.955477,-44.001447,-44.046274,-44.089924,-44.132373,-44.173613,-44.213646,-44.252492,-44.290184,-44.326769,-44.362310,-44.396886,-44.430588,-44.463525,-44.495820,-44.527609,-44.559045,-44.590292,-44.621527,-44.652943,-44.684742,-44.717136,-44.750349,-44.784614,-44.820171,-44.857266,-44.896151,-44.937084,-44.980323,-45.026128,-45.074760,-45.126476,-45.181534,-45.240181,-45.302664,-45.369217
-49.226192,-49.295183,-49.363941,-49.431728,-49.497822,-49.561523,-49.622156,-49.679071,-49.731650,-49.779307,-49.821493,-49.857694,-49.887438,-49.910295,-49.925875,-49.933837,-49.933883,-49.925761,-49.909267,-49.884242,-49.850578,-49.808210,-49.757121,-49.697339,-49.628935,-49.552024,-49.466764,-49.373349,-49.272015,-49.163030,-49.046698,-48.923352,-48.793356,-48.657097,-48.514987,-48.367458,-48.214960,-48.057957,-47.896926,-47.732352,-47.564727,-47.394546,-47.222306,-47.048501,-46.873623,-46.698155,-46.522572,-46.347340,-46.172910,-45.999720,-45.828190,-45.658724,-45.491707,-45.327502,-45.166453,-45.008881,-44.855085,-44.705340,-44.559900,-44.418992,-44.282824,-44.151578,-44.025412,-43.904465,-43.788850,-43.678662,-43.573974,-43.474837,-43.381286,-43.293336,-43.210986,-43.134217,-43.062997,-42.997277,-42.936997,-42.882084,-42.832454,-42.788013,-42.748658,-42.714275,-42.684747,-42.659947,-42.639744,-42.624000,-42.612574,-42.605321,-42.602094,-42.602740,-42.607107,-42.615040,-42.626381,-42.640975,-42.658662,-42.679282,-42.702678,-42.728689,-42.757156,-42.787920,-42.820822,-42.855703,-42.892406,-42.930774,-42.970651,-43.011881,-43.054312,-43.097792,-43.142170,-43.187299,-43.233033,-43.279228,-43.325745,-43.372448,-43.419204,-43.465885,-43.512367,-43.558533,-43.604270,-43.649472,-43.694042,-43.737887,-43.780925,-43.823082,-43.864292,-43.904501,-43.943664,-43.981748,-44.018730,-44.054602,-44.089365,-44.123034,-44.155640,-44.187223,-44.217839,-44.247559,-44.276466,-44.304658,-44.332247,-44.359358,-44.386130,-44.412715,-44.439280,-44.466001,-44.493067,-44.520680,-44.549049,-44.578396,-44.608948,-44.640943,-44.674623,-44.710236,-44.748035,-44.788275,-44.831211,-44.877102,-44.926201,-44.978761,-45.035031,-45.095252,-45.159660,-45.228479
-49.325642,-49.402460,-49.478715,-49.553645,-49.626507,-49.696581,-49.763172,-49.825616,-49.883278,-49.935560,-49.981901,-50.021778,-50.054713,-50.080270,-50.098057,-50.107731,-50.108997,-50.101605,-50.085359,-50.060108,-50.025753,-49.982241,-49.929570,-49.867785,-49.796974,-49.717274,-49.628862,-49.531957,-49.426818,-49.313741,-49.193056,-49.065126,-48.930341,-48.789120,-48.641905,-48.489160,-48.331364,-48.169015,-48.002618,-47.832692,-47.659757,-47.484340,-47.306966,-47.128158,-46.948434,-46.768305,-46.588270,-46.408819,-46.230424,-46.053542,-45.878614,-45.706059,-45.536276,-45.369642,-45.206510,-45.047209,-44.892044,-44.741295,-44.595217,-44.454036,-44.317957,-44.187157,-44.061788,-43.941978,-43.827830,-43.719426,-43.616821,-43.520053,-43.429135,-43.344065,-43.264817,-43.191352,-43.123611,-43.061523,-43.004999,-42.953941,-42.908236,-42.867763,-42.832389,-42.801974,-42.776371,-42.755425,-42.738976,-42.726861,-42.718909,-42.714952,-42.714814,-42.718320,-42.725295,-42.735560,-42.748940,-42.765257,-42.784335,-42.806000,-42.830077,-42.856396,-42.884785,-42.915078,-42.947108,-42.980712,-43.015730,-43.052003,-43.089377,-43.127701,-43.166825,-43.206604,-43.246897,-43.287566,-43.328478,-43.369504,-43.410518,-43.451402,-43.492042,-43.532327,-43.572158,-43.611436,-43.650072,-43.687986,-43.725102,-43.761354,-43.796686,-43.831049,-43.864404,-43.896724,-43.927989,-43.958194,-43.987342,-44.015450,-44.042546,-44.068670,-44.093875,-44.118227,-44.141805,-44.164701,-44.187019,-44.208877,-44.230406,-44.251748,-44.273060,-44.294509,-44.316273,-44.338543,-44.361519,-44.385412,-44.410439,-44.436828,-44.464814,-44.494636,-44.526540,-44.560776,-44.597596,-44.637252,-44.679999,-44.726090,-44.775774,-44.829297,-44.886901,-44.948818,-45.015275,-45.086488
-49.433948,-49.518540,-49.602235,-49.684248,-49.763816,-49.840197,-49.912681,-49.980583,-50.043257,-50.100090,-50.150511,-50.193987,-50.230034,-50.258209,-50.278120,-50.289423,-50.291822,-50.285074,-50.268987,-50.243419,-50.208280,-50.163532,-50.109186,-50.045301,-49.971986,-49.889397,-49.797733,-49.697236,-49.588190,-49.470916,-49.345772,-49.213148,-49.073464,-48.927170,-48.774738,-48.616661,-48.453451,-48.285636,-48.113754,-47.938352,-47.759984,-47.579204,-47.396569,-47.212628,-47.027928,-46.843005,-46.658383,-46.474576,-46.292077,-46.111365,-45.932898,-45.757111,-45.584418,-45.415208,-45.249846,-45.088668,-44.931986,-44.780084,-44.633216,-44.491612,-44.355470,-44.224965,-44.100240,-43.981415,-43.868582,-43.761808,-43.661135,-43.566584,-43.478150,-43.395808,-43.319514,-43.249204,-43.184796,-43.126193,-43.073281,-43.025934,-42.984013,-42.947368,-42.915838,-42.889256,-42.867444,-42.850221,-42.837398,-42.828784,-42.824183,-42.823398,-42.826231,-42.832482,-42.841950,-42.854438,-42.869748,-42.887683,-42.908051,-42.930660,-42.955324,-42.981857,-43.010080,-43.039815,-43.070890,-43.103138,-43.136394,-43.170501,-43.205303,-43.240654,-43.276408,-43.312427,-43.348580,-43.384738,-43.420780,-43.456591,-43.492062,-43.527090,-43.561579,-43.595440,-43.628592,-43.660961,-43.692479,-43.723089,-43.752741,-43.781394,-43.809017,-43.835588,-43.861094,-43.885533,-43.908915,-43.931259,-43.952595,-43.972965,-43.992424,-44.011036,-44.028879,-44.046042,-44.062628,-44.078750,-44.094533,-44.110115,-44.125646,-44.141286,-44.157207,-44.173592,-44.190633,-44.208532,-44.227501,-44.247760,-44.269535,-44.293060,-44.318574,-44.346322,-44.376552,-44.409514,-44.445460,-44.484641,-44.527309,-44.573711,-44.624093,-44.678695,-44.737748,-44.801479,-44.870104,-44.943827
-49.551218,-49.643529,-49.734607,-49.823644,-49.909855,-49.992481,-50.070791,-50.144086,-50.211703,-50.273018,-50.327446,-50.374449,-50.413534,-50.444253,-50.466212,-50.479066,-50.482521,-50.476338,-50.460330,-50.434364,-50.398360,-50.352292,-50.296186,-50.230117,-50.154213,-50.068647,-49.973643,-49.869464,-49.756419,-49.634855,-49.505158,-49.367745,-49.223066,-49.071599,-48.913848,-48.750336,-48.581608,-48.408220,-48.230743,-48.049756,-47.865840,-47.679583,-47.491568,-47.302374,-47.112575,-46.922733,-46.733397,-46.545104,-46.358370,-46.173694,-45.991550,-45.812393,-45.636649,-45.464722,-45.296985,-45.133784,-44.975437,-44.822231,-44.674424,-44.532242,-44.395885,-44.265519,-44.141283,-44.023286,-43.911610,-43.806310,-43.707412,-43.614919,-43.528811,-43.449041,-43.375543,-43.308232,-43.247002,-43.191730,-43.142276,-43.098490,-43.060202,-43.027237,-42.999405,-42.976510,-42.958347,-42.944707,-42.935372,-42.930125,-42.928743,-42.931002,-42.936680,-42.945551,-42.957394,-42.971988,-42.989114,-43.008559,-43.030110,-43.053562,-43.078713,-43.105367,-43.133331,-43.162422,-43.192460,-43.223272,-43.254692,-43.286560,-43.318725,-43.351039,-43.383365,-43.415571,-43.447532,-43.479133,-43.510263,-43.540822,-43.570716,-43.599859,-43.628173,-43.655589,-43.682047,-43.707493,-43.731884,-43.755187,-43.777375,-43.798434,-43.818357,-43.837148,-43.854821,-43.871402,-43.886925,-43.901437,-43.914993,-43.927663,-43.939525,-43.950669,-43.961199,-43.971226,-43.980875,-43.990282,-43.999593,-44.008966,-44.018568,-44.028579,-44.039185,-44.050585,-44.062984,-44.076598,-44.091648,-44.108363,-44.126978,-44.147733,-44.170874,-44.196648,-44.225304,-44.257095,-44.292271,-44.331083,-44.373778,-44.420601,-44.471791,-44.527580,-44.588193,-44.653849,-44.724752,-44.801098
