49.026400,-0.299136,6.112326,3.757403,4.532035,5.416091,3.922862,7.914315,3.009683,3.511870,2.964399,3.688266,4.971632,3.155113,4.196945,3.709386,3.136339,5.315976,3.769017,3.225302,2.913264,3.019340
50.026400,-0.299136,5.881592,3.612002,4.416466,5.269085,3.758314,7.578974,2.930783,3.412903,2.883489,3.582147,4.513757,3.035800,4.263565,3.851745,3.213685,2.592642,2.305841,2.896533,2.970063,2.600202
20.026400,0.700864,6.425036,4.035283,5.098967,5.798772,4.252105,8.293214,3.289446,3.707661,3.147841,3.881629,5.309969,3.435310,4.582859,4.042937,3.331063,5.377476,3.878181,3.483882,3.013762,3.123247
22.026400,0.700864,6.411052,4.024441,5.071421,5.784384,4.236382,8.282421,3.273322,3.698401,3.140173,3.869493,5.298771,3.418554,4.569329,4.029735,3.325665,5.368907,3.863472,3.469585,3.010203,3.115666
25.026400,0.700864,6.441534,4.060306,5.180409,5.835733,4.286099,8.322098,3.316491,3.718642,3.158499,3.886585,5.341403,3.461319,4.620337,4.059941,3.351844,5.373884,3.889884,3.509468,3.005886,3.128983
27.026400,0.700864,6.432308,4.049622,5.138605,5.818360,4.271068,8.312879,3.301896,3.711865,3.151276,3.880707,5.333113,3.447611,4.592919,4.036282,3.339264,5.369092,3.881282,3.499331,3.004376,3.124064
30.026400,0.700864,6.426126,4.041851,5.129282,5.809691,4.261879,8.306027,3.294848,3.706711,3.146851,3.874918,5.324992,3.439942,4.591821,4.032962,3.328225,5.359065,3.865215,3.487934,2.999779,3.109886
33.026400,0.700864,6.380258,3.997514,5.036678,5.750787,4.207592,8.248597,3.252005,3.677256,3.120546,3.846718,5.266069,3.395512,4.544709,4.007006,3.310373,5.348327,3.848793,3.444582,2.993375,3.099054
35.026400,0.700864,6.374618,3.986937,5.004414,5.732735,4.193322,8.243276,3.236004,3.670903,3.113404,3.843037,5.263286,3.381768,4.517876,3.984151,3.293219,5.337569,3.832165,3.434582,2.986170,3.089487
38.026400,0.700864,6.345492,3.956213,4.922629,5.686971,4.156273,8.209981,3.202839,3.652705,3.093543,3.825974,5.238822,3.350264,4.447150,3.910592,3.257537,5.335820,3.819800,3.409928,2.971989,3.075313
40.026400,0.700864,6.331165,3.948259,4.902718,5.679205,4.146260,8.192386,3.196467,3.648194,3.089566,3.818785,5.217419,3.341439,4.430668,3.900693,3.271969,5.350889,3.834850,3.402218,2.976771,3.083622
41.026400,0.700864,6.364009,3.984253,4.992393,5.732453,4.189389,8.232995,3.233736,3.671409,3.112535,3.838924,5.248663,3.377621,4.507551,3.961482,3.300627,5.361225,3.847794,3.431042,2.986453,3.095045
43.026400,0.700864,6.391489,4.022474,5.055789,5.785968,4.232976,8.269041,3.267172,3.689796,3.133841,3.854421,5.284210,3.412637,4.564718,4.026648,3.332669,5.376347,3.875107,3.467454,3.007609,3.118033
48.026400,0.700864,6.283874,3.883467,4.729502,5.585059,4.065762,8.142363,3.116662,3.607036,3.048403,3.784617,5.171863,3.269113,4.327653,3.792639,3.190481,5.307222,3.776439,3.338767,2.935181,3.033591
49.026400,0.700864,6.205968,3.803815,4.561866,5.474187,3.968666,8.045892,3.034083,3.556131,2.999098,3.737675,5.082848,3.187026,4.217796,3.716866,3.127777,5.290283,3.726302,3.263436,2.905508,2.996795
18.026400,1.700864,6.245720,3.860611,4.659506,5.557053,4.034241,8.070322,3.094784,3.598359,3.041434,3.775629,5.105355,3.246180,4.315190,3.829431,3.219494,5.420384,3.867806,3.328142,2.987366,3.092791
19.026400,1.700864,6.237209,3.830341,4.607679,5.514414,3.997587,8.078287,3.060354,3.579196,3.019725,3.760470,5.099762,3.211457,4.268967,3.770981,3.168693,5.314209,3.751952,3.281751,2.937222,3.026247
21.026400,1.700864,6.288456,3.866932,4.641088,5.559467,4.038456,8.150338,3.084191,3.604582,3.042156,3.785906,5.179162,3.241589,4.280206,3.769124,3.173895,5.290422,3.744625,3.319662,2.938919,3.026216
22.026400,1.700864,6.291236,3.867950,4.640696,5.559242,4.039219,8.154657,3.084263,3.605576,3.042758,3.787067,5.184101,3.241638,4.278045,3.765353,3.171266,5.288520,3.740532,3.320414,2.936471,3.023020
23.026400,1.700864,6.275079,3.856493,4.624757,5.545648,4.026334,8.133384,3.075123,3.596992,3.035439,3.777977,5.161307,3.231721,4.273329,3.765024,3.171878,5.288422,3.740963,3.309394,2.935237,3.022924
24.026400,1.700864,6.268691,3.854155,4.630898,5.544917,4.024523,8.123733,3.076160,3.594801,3.033861,3.775446,5.147584,3.231010,4.281568,3.771118,3.176930,5.290020,3.745009,3.305607,2.934643,3.024853
26.026400,1.700864,6.230695,3.829918,4.607818,5.516821,3.998435,8.072076,3.060591,3.575929,3.017814,3.755418,5.088534,3.211461,4.273667,3.769984,3.179560,5.284298,3.746208,3.278061,2.932989,3.027146
27.026400,1.700864,6.281760,3.864109,4.644031,5.557175,4.036119,8.141697,3.082353,3.601501,3.039420,3.781877,5.168488,3.239613,4.280721,3.765176,3.174796,5.287509,3.745223,3.316771,2.932184,3.024187
29.026400,1.700864,6.290567,3.867163,4.636013,5.557929,4.038670,8.155447,3.082738,3.604321,3.041440,3.785831,5.188436,3.240656,4.271223,3.757181,3.166529,5.283262,3.736549,3.320770,2.930201,3.018009
30.026400,1.700864,6.281750,3.862859,4.640665,5.554649,4.034560,8.142442,3.081402,3.600680,3.038648,3.781216,5.170812,3.238125,4.277785,3.761200,3.168736,5.281954,3.737194,3.315084,2.929369,3.017224
31.026400,1.700864,6.247475,3.838602,4.609919,5.524278,4.007454,8.096931,3.063430,3.582386,3.022874,3.762348,5.124686,3.217304,4.266033,3.759227,3.167207,5.280603,3.737006,3.292426,2.928642,3.016266
32.026400,1.700864,6.176444,3.788958,4.547475,5.462772,3.951645,8.001533,3.027394,3.545612,2.991280,3.724523,5.018780,3.174685,4.243441,3.751777,3.162348,5.258263,3.720654,3.235547,2.927684,3.014487
34.026400,1.700864,6.215796,3.813554,4.568533,5.490998,3.978397,8.056046,3.041086,3.564402,3.006881,3.744526,5.084081,3.194250,4.243575,3.745253,3.157118,5.273808,3.726176,3.268226,2.924944,3.010775
35.026400,1.700864,6.225745,3.819396,4.572611,5.497040,3.984760,8.070021,3.045009,3.569040,3.010614,3.749939,5.099947,3.198811,4.240556,3.740092,3.153926,5.271474,3.723688,3.274302,2.923407,3.008972
36.026400,1.700864,6.237845,3.826825,4.579366,5.505332,3.992850,8.086981,3.049081,3.574823,3.015344,3.756195,5.119877,3.204670,4.239467,3.736491,3.151290,5.270114,3.720889,3.282424,2.921483,3.006692
37.026400,1.700864,6.227008,3.819220,4.569532,5.494980,3.984333,8.072932,3.043498,3.569038,3.010259,3.750073,5.106994,3.197951,4.232135,3.729454,3.145519,5.270288,3.718793,3.275625,2.919036,3.004205
38.026400,1.700864,6.160982,3.774584,4.514015,5.438379,3.935005,7.984851,3.010513,3.534452,2.980726,3.713638,5.017726,3.160063,4.207554,3.720116,3.139987,5.268917,3.717670,3.229324,2.916821,3.002747
39.026400,1.700864,6.278145,3.854360,4.613646,5.536840,4.023781,8.142661,3.068169,3.595083,3.032558,3.776703,5.180887,3.227508,4.233484,3.714060,3.140414,5.275970,3.724765,3.310934,2.916381,3.004019
40.026400,1.700864,6.202619,3.803213,4.550902,5.474077,3.966900,8.041290,3.031038,3.556026,2.999206,3.736561,5.078185,3.184422,4.216980,3.720828,3.147204,5.280896,3.730961,3.263370,2.918911,3.008599
42.026400,1.700864,6.256787,3.842890,4.620555,5.528692,4.011439,8.110628,3.067975,3.587387,3.026898,3.767800,5.128272,3.220672,4.277907,3.772055,3.175781,5.289955,3.740752,3.293197,2.930524,3.019964
44.026400,1.700864,6.212822,3.815118,4.593810,5.499985,3.980757,8.049656,3.050187,3.566032,3.009019,3.745295,5.052730,3.198026,4.275912,3.779148,3.179502,5.240640,3.715432,3.254428,2.937555,3.025823
45.026400,1.700864,6.270172,3.853715,4.632984,5.545277,4.024199,8.128237,3.076580,3.594762,3.033254,3.775203,5.148038,3.230744,4.282187,3.774263,3.178084,5.293902,3.748719,3.305191,2.936373,3.025400
47.026400,1.700864,6.263563,3.847651,4.617612,5.534818,4.015943,8.121617,3.067597,3.590710,3.030006,3.771416,5.147140,3.223314,4.265719,3.757476,3.163620,5.295214,3.741793,3.301393,2.932391,3.019044
48.026400,1.700864,6.205925,3.806344,4.555384,5.478901,3.970803,8.046813,3.035532,3.557814,3.001359,3.738084,5.082070,3.188520,4.229374,3.737123,3.150514,5.281807,3.737819,3.266061,2.925198,3.014412
50.026400,1.700864,6.284170,3.897293,4.800077,5.618880,4.083284,8.123329,3.153345,3.619641,3.062817,3.794957,5.117884,3.292474,4.434975,3.930361,3.279330,5.325176,3.811289,3.333624,2.982193,3.087529
18.026400,2.700864,6.232385,3.838815,4.626232,5.524211,4.009602,8.066604,3.071626,3.581332,3.024369,3.760324,5.103018,3.223929,4.277748,3.785949,3.181191,5.356883,3.801286,3.302888,2.955737,3.051782
19.026400,2.700864,6.212445,3.807902,4.567827,5.479362,3.972485,8.055056,3.037080,3.560395,3.002779,3.741760,5.087398,3.190031,4.227721,3.732596,3.138224,5.273356,3.714692,3.263361,2.917002,3.001386
20.026400,2.700864,6.243299,3.829258,4.577127,5.507356,3.995707,8.097505,3.051011,3.576312,3.016581,3.758367,5.133602,3.207078,4.230259,3.727219,3.140182,5.262297,3.713979,3.285512,2.918577,3.002957
21.026400,2.700864,6.260070,3.839318,4.594147,5.517080,4.006369,8.120404,3.055825,3.584616,3.023302,3.766753,5.159136,3.214536,4.230317,3.722277,3.135699,5.261127,3.708984,3.295391,2.916515,2.999201
23.026400,2.700864,6.248760,3.831021,4.583148,5.506827,3.997358,8.105130,3.050545,3.578302,3.017692,3.760901,5.142341,3.207609,4.226421,3.719499,3.134452,5.256538,3.706776,3.287245,2.913409,2.996809
24.026400,2.700864,6.225838,3.815876,4.565740,5.489988,3.980422,8.073698,3.039920,3.566917,3.008054,3.748213,5.106620,3.194806,4.223707,3.720857,3.135932,5.257219,3.707043,3.271440,2.913566,2.997065
25.026400,2.700864,6.206731,3.803292,4.553531,5.474832,3.966521,8.047435,3.031542,3.557572,3.000219,3.738965,5.075654,3.184401,4.221279,3.721089,3.136747,5.257924,3.708163,3.257505,2.912978,2.997355
26.026400,2.700864,6.151801,3.766850,4.515032,5.432016,3.926102,7.972154,3.006994,3.530330,2.977141,3.710383,4.985516,3.154030,4.211712,3.720181,3.136508,5.152858,3.649525,3.208629,2.912295,2.997429
28.026400,2.700864,6.227884,3.816995,4.565669,5.491045,3.981693,8.077025,3.041010,3.567616,3.008614,3.749378,5.111986,3.195596,4.221434,3.718126,3.134066,5.254507,3.704640,3.273122,2.911725,2.995138
29.026400,2.700864,6.236033,3.822383,4.570954,5.495975,3.987705,8.088213,3.043266,3.571631,3.012100,3.753574,5.124552,3.200109,4.222147,3.717197,3.133563,5.253993,3.704258,3.278711,2.911439,2.994626
31.026400,2.700864,6.211604,3.806292,4.552838,5.476481,3.969913,8.054932,3.033032,3.559331,3.001650,3.740565,5.088622,3.186669,4.217961,3.717808,3.134265,5.253542,3.705250,3.262658,2.911311,2.994843
32.026400,2.700864,6.148715,3.764599,4.508953,5.428099,3.923723,7.969116,3.004422,3.527833,2.975011,3.707950,4.990967,3.151911,4.206059,3.716672,3.133239,5.232895,3.692402,3.213182,2.911213,2.994547
33.026400,2.700864,6.142369,3.760485,4.505773,5.423722,3.919217,7.960332,3.002568,3.524887,2.972446,3.704322,4.978402,3.148667,4.206410,3.717442,3.133473,5.196435,3.671693,3.205616,2.910948,2.994277
34.026400,2.700864,6.228865,3.817944,4.568369,5.491972,3.983093,8.078817,3.041849,3.568041,3.009125,3.749975,5.114709,3.196852,4.222086,3.718187,3.133871,5.251911,3.703618,3.274286,2.910777,2.994156
36.026400,2.700864,6.260897,3.839720,4.595546,5.517627,4.007278,8.122543,3.056758,3.584298,3.023118,3.766252,5.161659,3.215230,4.230340,3.719636,3.133697,5.251036,3.703390,3.295636,2.910333,2.993656
38.026400,2.700864,6.177927,3.784374,4.526421,5.447637,3.946370,8.010769,3.017066,3.541075,2.986305,3.721753,5.049948,3.168814,4.201100,3.709115,3.126890,5.254556,3.707631,3.242849,2.907097,2.993030
40.026400,2.700864,6.196153,3.799019,4.547623,5.464953,3.963794,8.035438,3.028548,3.550213,2.994327,3.730357,5.083623,3.182174,4.202874,3.709247,3.137296,5.269556,3.727581,3.264590,2.910136,3.002655
41.026400,2.700864,6.280216,3.858585,4.632777,5.547895,4.029644,8.144650,3.077419,3.597810,3.035703,3.779023,5.169503,3.234302,4.265729,3.739428,3.157465,5.279828,3.737993,3.311554,2.917639,3.011981
42.026400,2.700864,6.264414,3.849160,4.625883,5.539435,4.018721,8.121799,3.072384,3.591004,3.030437,3.771622,5.141568,3.226398,4.280085,3.770536,3.176061,5.288660,3.744496,3.300574,2.927399,3.020335
43.026400,2.700864,6.225151,3.823360,4.598428,5.508710,3.989382,8.067410,3.054814,3.571990,3.014525,3.751756,5.077466,3.204326,4.275786,3.777894,3.181475,5.291510,3.745950,3.269280,2.935955,3.026086
44.026400,2.700864,6.142439,3.767836,4.538423,5.445297,3.927472,7.954110,3.016926,3.531085,2.979572,3.709023,4.942317,3.157576,4.262518,3.780234,3.182588,4.774088,3.452215,3.190624,2.940227,3.029444
45.026400,2.700864,6.238164,3.833410,4.609184,5.520759,4.001406,8.084877,3.061861,3.579529,3.020608,3.758999,5.099925,3.213812,4.281613,3.782702,3.184637,5.298883,3.752675,3.283368,2.940021,3.029972
46.026400,2.700864,6.196916,3.806175,4.582127,5.489895,3.971355,8.028856,3.045269,3.559658,3.003816,3.738268,5.032562,3.191446,4.275786,3.781671,3.183813,5.252106,3.721380,3.246370,2.938710,3.028349
47.026400,2.700864,6.254332,3.846921,4.625356,5.537454,4.016710,8.108237,3.072606,3.588807,3.029243,3.767764,5.125431,3.225578,4.277865,3.766125,3.172476,5.302227,3.754977,3.296232,2.938587,3.028309
48.026400,2.700864,6.211937,3.815809,4.580528,5.493542,3.983213,8.055045,3.046658,3.562470,3.006386,3.741924,5.094548,3.199206,4.249791,3.762232,3.169040,5.290365,3.756183,3.279723,2.935135,3.027320
18.026400,3.700864,6.197951,3.812528,4.593869,5.489218,3.981418,8.026366,3.052771,3.559682,3.005584,3.738659,5.066560,3.202175,4.267887,3.790053,3.182881,5.332765,3.788084,3.277658,2.949796,3.045283
20.026400,3.700864,6.188649,3.793399,4.535762,5.461636,3.956193,8.024744,3.025107,3.548126,2.993009,3.728940,5.059464,3.176945,4.213177,3.719887,3.136588,5.256367,3.713213,3.250371,2.918401,3.002635
22.026400,3.700864,6.129786,3.752771,4.496147,5.414343,3.911059,7.943624,2.997431,3.518704,2.967465,3.698159,4.961521,3.142852,4.204048,3.717845,3.134421,5.230315,3.691268,3.197913,2.911212,2.994625
24.026400,3.700864,6.232020,3.820618,4.567890,5.493804,3.986339,8.083759,3.043883,3.569349,3.010407,3.751012,5.122698,3.199443,4.220982,3.716648,3.133472,5.249662,3.704419,3.278349,2.911493,2.994839
26.026400,3.700864,6.222531,3.814291,4.561736,5.487260,3.979370,8.070809,3.039156,3.564695,3.006494,3.745840,5.107864,3.194220,4.220427,3.717586,3.134092,5.249372,3.703955,3.271665,2.910615,2.994504
27.026400,3.700864,6.194497,3.795697,4.541945,5.463340,3.958705,8.032472,3.026198,3.550681,2.994575,3.731316,5.064575,3.178677,4.216266,3.718597,3.134903,5.248399,3.703868,3.251653,2.910677,2.994635
29.026400,3.700864,6.190600,3.793516,4.543223,5.463356,3.956410,8.026767,3.026505,3.549236,2.993546,3.729813,5.053018,3.177289,4.219376,3.720949,3.136447,5.245906,3.703056,3.244916,2.911185,2.995098
30.026400,3.700864,6.237127,3.824758,4.577371,5.499832,3.991263,8.090491,3.047313,3.572489,3.013291,3.754426,5.125965,3.203644,4.229201,3.722864,3.137835,5.248627,3.705797,3.280861,2.911529,2.995878
31.026400,3.700864,6.253791,3.836238,4.591769,5.513649,4.004155,8.113177,3.056286,3.581073,3.020758,3.763415,5.150315,3.213538,4.234582,3.724911,3.139220,5.248980,3.706679,3.292320,2.912027,2.996594
33.026400,3.700864,6.251037,3.834898,4.592223,5.512936,4.002890,8.109230,3.056783,3.580139,3.020029,3.761774,5.144330,3.212941,4.238265,3.729057,3.142060,5.250073,3.708513,3.290577,2.912946,2.997735
34.026400,3.700864,6.227489,3.819243,4.575481,5.495184,3.985411,8.076931,3.046249,3.568385,3.010213,3.749259,5.107239,3.199799,4.235244,3.730735,3.143281,5.250638,3.709412,3.273475,2.913587,2.998344
35.026400,3.700864,6.194174,3.797223,4.553344,5.470093,3.960739,8.031109,3.030682,3.552004,2.996340,3.732521,5.052290,3.181243,4.230973,3.732283,3.143400,5.246608,3.707243,3.245977,2.914216,2.998966
37.026400,3.700864,6.220467,3.814779,4.569945,5.490812,3.980569,8.067460,3.042496,3.564550,3.007086,3.745872,5.096976,3.196302,4.230467,3.724532,3.139365,5.252457,3.711736,3.269115,2.912262,2.998528
38.026400,3.700864,6.198631,3.799680,4.546360,5.467955,3.963957,8.038751,3.029352,3.552180,2.996261,3.732995,5.078658,3.183036,4.214223,3.718616,3.135857,5.259579,3.718160,3.259840,2.910933,2.999509
40.026400,3.700864,6.282298,3.882751,4.740203,5.582547,4.065998,8.143974,3.110173,3.603723,3.044342,3.780241,5.191560,3.264028,4.305984,3.775617,3.190982,5.298674,3.773643,3.345750,2.926375,3.028286
49.026400,3.700864,6.371838,3.938624,4.812902,5.655430,4.126177,8.266893,3.156873,3.650992,3.085026,3.830871,5.290125,3.313905,4.363153,3.814929,3.198295,5.298590,3.767272,3.385085,2.942887,3.036570
50.026400,3.700864,6.270314,3.893128,4.781246,5.619224,4.077192,8.108929,3.146364,3.615071,3.060403,3.787859,5.095869,3.286558,4.440323,3.944713,3.292737,5.285555,3.794177,3.323876,3.005822,3.109292
18.026400,4.700864,6.219327,3.827589,4.619069,5.510655,3.998231,8.053411,3.065618,3.571602,3.015898,3.750407,5.090449,3.215624,4.277707,3.792374,3.180960,5.334613,3.786639,3.291765,2.945988,3.041812
19.026400,4.700864,6.198726,3.800700,4.564270,5.473289,3.965427,8.036819,3.035016,3.554027,2.998117,3.734793,5.063439,3.185807,4.235473,3.742406,3.145678,5.265880,3.718023,3.254218,2.917922,3.004148
20.026400,4.700864,6.209649,3.808615,4.562997,5.483999,3.973287,8.051790,3.037988,3.560048,3.003414,3.740699,5.081631,3.190693,4.231568,3.734820,3.145941,5.262689,3.719668,3.263261,2.921855,3.007147
21.026400,4.700864,6.238426,3.826338,4.584424,5.505125,3.992343,8.091084,3.048632,3.574479,3.014718,3.755336,5.126066,3.204436,4.233611,3.730317,3.141015,5.263647,3.713373,3.282553,2.919015,3.002096
22.026400,4.700864,6.245247,3.830148,4.585886,5.507133,3.997027,8.100385,3.051690,3.577347,3.017299,3.759679,5.135869,3.208098,4.234214,3.728632,3.141211,5.259891,3.711202,3.286497,2.915239,2.999048
23.026400,4.700864,6.236304,3.824122,4.580067,5.501516,3.990426,8.088280,3.047940,3.572520,3.013134,3.754460,5.122287,3.203056,4.231630,3.726724,3.139832,5.256465,3.711318,3.280198,2.914414,2.998900
25.026400,4.700864,6.143622,3.762136,4.512156,5.426825,3.921375,7.961658,3.004662,3.526116,2.973829,3.706061,4.976222,3.150839,4.214158,3.725146,3.138922,5.149144,3.647899,3.204093,2.913676,2.997232
26.026400,4.700864,6.183133,3.788346,4.539784,5.457600,3.950456,8.015719,3.022543,3.545931,2.990548,3.726607,5.037208,3.172845,4.221925,3.725722,3.139165,5.245411,3.702035,3.237172,2.913143,2.997159
27.026400,4.700864,6.236400,3.823933,4.580075,5.498970,3.990008,8.088684,3.047134,3.572524,3.013294,3.754239,5.120796,3.202694,4.232044,3.726269,3.139645,5.252938,3.707616,3.279020,2.913221,2.997375
28.026400,4.700864,6.252924,3.835166,4.592342,5.514160,4.002588,8.111262,3.055672,3.580865,3.020361,3.762723,5.145814,3.212276,4.236482,3.727719,3.140491,5.252649,3.708090,3.290617,2.913504,2.997564
29.026400,4.700864,6.255470,3.837149,4.597082,5.516227,4.004940,8.114594,3.057401,3.582398,3.021802,3.764631,5.147687,3.214264,4.239861,3.729972,3.141767,5.252922,3.708927,3.291922,2.913716,2.998014
30.026400,4.700864,6.240705,3.827506,4.587582,5.506354,3.994297,8.094316,3.051828,3.575210,3.015672,3.757122,5.123633,3.206425,4.239564,3.732504,3.143237,5.253282,3.709700,3.281376,2.914030,2.998743
31.026400,4.700864,6.202840,3.802519,4.564876,5.477121,3.966547,8.042216,3.034581,3.556611,3.000082,3.737114,5.061189,3.185742,4.236398,3.735893,3.145162,5.250929,3.708624,3.250802,2.914570,2.999552
32.026400,4.700864,6.136775,3.758901,4.522027,5.426794,3.918049,7.950938,3.007327,3.524559,2.972929,3.703598,4.945442,3.149535,4.230175,3.739240,3.147160,4.690959,3.397531,3.182179,2.915267,3.000368
34.026400,4.700864,6.260115,3.841746,4.611292,5.523950,4.010395,8.120196,3.062700,3.585711,3.025118,3.767649,5.149107,3.219168,4.253685,3.743627,3.150659,5.256857,3.714861,3.295177,2.917266,3.002360
35.026400,4.700864,6.265658,3.845628,4.614963,5.529046,4.014616,8.127930,3.065467,3.588293,3.027444,3.770102,5.158898,3.222259,4.252565,3.741780,3.149163,5.256836,3.715984,3.299650,2.917900,3.003297
36.026400,4.700864,6.254750,3.838112,4.602993,5.519530,4.006433,8.113116,3.060290,3.582564,3.022392,3.764413,5.143184,3.216104,4.248002,3.738905,3.148462,5.257022,3.715839,3.292368,2.917002,3.002855
37.026400,4.700864,6.233549,3.823197,4.585877,5.501195,3.989856,8.084056,3.050553,3.571789,3.012968,3.753100,5.111055,3.203650,4.241715,3.735126,3.145403,5.261868,3.715701,3.277037,2.915240,3.001316
38.026400,4.700864,6.235768,3.824965,4.581443,5.500560,3.991500,8.087060,3.049154,3.572688,3.013605,3.753849,5.124314,3.204244,4.232367,3.730652,3.142672,5.278202,3.728604,3.283814,2.917488,3.005710
37.026400,5.700864,6.283561,3.856184,4.630917,5.542848,4.025379,8.147480,3.072506,3.599076,3.035544,3.781562,5.174531,3.230178,4.263283,3.749240,3.155084,5.285298,3.726290,3.308400,2.924200,3.008626
38.026400,5.700864,6.262971,3.846282,4.607345,5.531454,4.013550,8.117397,3.065910,3.591259,3.029699,3.771850,5.145786,3.221326,4.254285,3.750548,3.159695,5.317293,3.757547,3.301397,2.936866,3.024227
49.026400,5.700864,6.415248,4.003854,5.098170,5.756146,4.217533,8.317540,3.254077,3.685492,3.120276,3.860064,5.332120,3.396261,4.560728,3.983096,3.298576,5.332817,3.820570,3.446679,2.964655,3.069598
50.026400,5.700864,6.273999,3.893062,4.787761,5.615270,4.075125,8.115236,3.141919,3.617796,3.061980,3.790180,5.102306,3.283086,4.438288,3.941335,3.285545,5.314507,3.799858,3.324258,3.004099,3.102693
18.026400,6.700864,5.734352,3.503341,4.253307,5.121849,3.637444,7.394997,2.834845,3.326097,2.806551,3.494225,4.344688,2.937261,4.166819,3.767813,3.088083,2.425739,2.181785,2.757991,2.967546,2.287894
19.026400,6.700864,6.316146,3.897895,4.737777,5.604648,4.076954,8.172025,3.125294,3.627668,3.064046,3.808791,5.188903,3.277813,4.348520,3.830684,3.204729,5.347013,3.789993,3.348570,2.947113,3.045835
20.026400,6.700864,6.265440,3.870643,4.716750,5.582035,4.048747,8.104056,3.115260,3.604325,3.046150,3.782426,5.098447,3.258828,4.387307,3.888898,3.253559,5.297334,3.780505,3.305868,2.968599,3.069987
21.026400,6.700864,6.202540,3.825610,4.649214,5.528964,3.995910,8.021257,3.077465,3.571809,3.018285,3.748023,5.001663,3.216380,4.363022,3.878453,3.251506,5.066363,3.639500,3.247381,2.977440,3.075554
23.026400,6.700864,6.132561,3.775713,4.594390,5.470000,3.938926,7.927032,3.040819,3.536303,2.987595,3.710786,4.878522,3.171872,4.345686,3.868855,3.245114,3.790329,2.921509,3.153041,2.972492,3.056379
25.026400,6.700864,6.334248,3.917587,4.759168,5.636802,4.099988,8.200557,3.140932,3.638550,3.075207,3.816047,5.213143,3.294509,4.383603,3.861941,3.239759,5.327541,3.794545,3.362957,2.966498,3.061642
27.026400,6.700864,6.160477,3.793405,4.609277,5.485991,3.959316,7.968169,3.050967,3.548477,2.996995,3.724058,4.938103,3.186585,4.337561,3.853794,3.234113,4.367611,3.235342,3.195690,2.963397,3.057370
28.026400,6.700864,6.224837,3.836909,4.654857,5.536714,4.008216,8.056697,3.080465,3.579902,3.023807,3.756714,5.052516,3.223478,4.345418,3.850522,3.231421,5.311173,3.780012,3.273258,2.961552,3.055332
29.026400,6.700864,6.021482,3.696470,4.502094,5.373816,3.850301,7.779468,2.984368,3.478121,2.936679,3.651561,4.697929,3.103246,4.306235,3.843877,3.221468,2.894683,2.460784,3.007536,2.959182,2.798096
30.026400,6.700864,6.231254,3.839686,4.652311,5.538694,4.010956,8.066194,3.079417,3.582185,3.025384,3.759559,5.064129,3.224866,4.335079,3.836796,3.222016,5.259301,3.740961,3.274822,2.956906,3.049961
32.026400,6.700864,6.270821,3.864935,4.669374,5.565904,4.038698,8.120670,3.094608,3.601141,3.041260,3.779106,5.133490,3.245011,4.327518,3.821118,3.212442,5.313406,3.773804,3.312439,2.954921,3.046650
34.026400,6.700864,6.335430,3.913274,4.740335,5.627919,4.093509,8.204234,3.132510,3.635664,3.071690,3.814184,5.219320,3.287532,4.359952,3.833610,3.220597,5.315887,3.778171,3.358942,2.956841,3.049873
36.026400,6.700864,6.084373,3.736247,4.535476,5.416522,3.894695,7.865004,3.008694,3.508142,2.961563,3.683367,4.816538,3.136630,4.305989,3.840843,3.223310,3.552731,2.793250,3.107802,2.957102,3.026403
38.026400,6.700864,6.135605,3.784006,4.572569,5.474688,3.947286,7.929112,3.043856,3.541665,2.993512,3.713076,4.904515,3.179925,4.321686,3.856617,3.242174,4.316016,3.220654,3.190508,2.998377,3.093851
49.026400,7.700864,6.435195,4.068674,5.416870,5.864015,4.319091,8.335713,3.375149,3.707955,3.148658,3.875819,5.345392,3.495224,4.800835,4.219279,3.440073,5.365074,3.905540,3.516010,3.001381,3.127811
50.026400,8.700864,6.320286,3.926013,4.853514,5.658203,4.116763,8.177405,3.175990,3.640839,3.080761,3.814659,5.174151,3.317578,4.472190,3.964495,3.297568,5.370578,3.842244,3.368036,2.996954,3.098520
49.026400,9.700864,6.445802,4.131224,5.604065,5.961409,4.408323,8.342466,3.474964,3.726429,3.177217,3.885202,5.350053,3.584149,4.956023,4.401771,3.540917,5.401869,3.995427,3.584871,3.051409,3.196375
49.026400,12.700864,6.454938,4.197079,5.665251,6.048504,4.484585,8.345917,3.556862,3.753690,3.219291,3.896237,5.352382,3.664761,5.021893,4.502375,3.598094,5.461594,4.083099,3.655850,3.117376,3.272223
50.026400,12.700864,6.347606,3.954926,4.890103,5.694086,4.153104,8.214559,3.205994,3.655067,3.096129,3.828108,5.217260,3.349657,4.496666,3.984950,3.314301,5.368670,3.857853,3.402693,3.003196,3.109009
49.026400,14.700864,6.460296,4.221234,5.673187,6.074700,4.506778,8.348186,3.575580,3.772282,3.243173,3.904672,5.354648,3.689469,5.025968,4.509214,3.602182,5.493313,4.111057,3.681501,3.145344,3.300748
50.026400,15.700864,6.344840,3.958594,4.884745,5.699419,4.155925,8.211949,3.205217,3.656095,3.099268,3.826725,5.215855,3.352264,4.491416,3.980406,3.312206,5.373958,3.866716,3.407669,3.009759,3.117748
49.026400,17.700864,6.461621,4.228665,5.650138,6.076784,4.505641,8.343847,3.569488,3.791853,3.263549,3.915450,5.350246,3.689920,5.011253,4.498439,3.595518,5.522302,4.123953,3.689355,3.170222,3.321037
50.026400,18.700864,6.344557,3.961438,4.885885,5.700586,4.156621,8.212098,3.205228,3.659276,3.103346,3.827737,5.216304,3.352387,4.491892,3.980986,3.311937,5.378985,3.868027,3.409851,3.016532,3.121891
49.026400,19.700864,6.465321,4.230722,5.646426,6.081585,4.504455,8.344455,3.567724,3.803294,3.273417,3.924376,5.350880,3.688493,5.005122,4.491471,3.591794,5.533706,4.123599,3.690572,3.179906,3.325109
50.026400,20.700864,6.340738,3.958319,4.880340,5.697022,4.152807,8.207038,3.203007,3.658932,3.103252,3.827165,5.210558,3.349428,4.490714,3.981689,3.312642,5.381921,3.867947,3.406182,3.018408,3.121702
49.026400,22.700864,6.471965,4.233075,5.645921,6.078860,4.505836,8.346620,3.567969,3.817095,3.283835,3.939807,5.352419,3.689649,5.008290,4.494223,3.593755,5.545831,4.125400,3.692046,3.188331,3.328331
50.026400,23.700864,6.343002,3.959022,4.882837,5.698093,4.153882,8.209564,3.204133,3.662077,3.105281,3.830150,5.212222,3.350182,4.492161,3.981590,3.312633,5.383514,3.866602,3.406316,3.016736,3.119842
50.026400,25.700864,6.332209,3.948741,4.866085,5.684512,4.141571,8.195130,3.194602,3.656398,3.099188,3.824563,5.196129,3.339908,4.481931,3.973500,3.307564,5.381920,3.862418,3.395000,3.014241,3.116964
49.026400,27.700864,6.482753,4.244209,5.681879,6.095668,4.521464,8.350171,3.585477,3.833612,3.295250,3.963588,5.355914,3.704969,5.035608,4.520347,3.609993,5.556516,4.138113,3.703758,3.196333,3.337669
50.026400,28.700864,6.325570,3.938378,4.836570,5.670203,4.128418,8.187102,3.181303,3.651009,3.092471,3.821382,5.190401,3.327883,4.459949,3.954283,3.295977,5.377380,3.854206,3.386070,3.009982,3.110935
49.026400,29.700864,6.485773,4.246577,5.687714,6.098586,4.524814,8.350805,3.589110,3.837267,3.297102,3.970956,5.356615,3.708118,5.042256,4.527096,3.614228,5.558330,4.140787,3.706158,3.197694,3.339566
50.026400,31.700864,6.256416,3.885771,4.772759,5.605687,4.068374,8.093755,3.140847,3.613804,3.059173,3.785484,5.079710,3.280733,4.438899,3.947818,3.291509,5.276221,3.781993,3.317606,3.005999,3.106288
49.026400,32.700864,6.488864,4.245968,5.686770,6.098257,4.522802,8.351158,3.585922,3.839863,3.297754,3.979981,5.357267,3.705303,5.037469,4.521466,3.610404,5.560321,4.138298,3.704810,3.198057,3.338458
50.026400,33.700864,6.279330,3.900835,4.786272,5.622718,4.085218,8.124950,3.150439,3.624726,3.068433,3.797574,5.119102,3.293091,4.439018,3.943092,3.288714,5.359353,3.836758,3.340817,3.003882,3.104064
49.026400,34.700864,6.489201,4.243834,5.670651,6.094163,4.518633,8.349812,3.579347,3.839982,3.297260,3.984120,5.356202,3.700487,5.025499,4.508833,3.604130,5.561913,4.135795,3.702097,3.198441,3.337231
50.026400,36.700864,6.307672,3.919140,4.801019,5.645619,4.105381,8.163073,3.161700,3.638441,3.079902,3.813153,5.163083,3.307622,4.438263,3.933547,3.284185,5.367838,3.841496,3.363867,3.001037,3.100555
49.026400,37.700864,6.492527,4.245435,5.655213,6.096775,4.519282,8.351780,3.577518,3.841955,3.298837,3.990769,5.357153,3.699916,5.020373,4.503184,3.604836,5.565099,4.138660,3.702850,3.200666,3.339429
50.026400,39.700864,6.240765,3.866803,4.727649,5.580659,4.044838,8.073390,3.119327,3.601894,3.047234,3.776728,5.056294,3.259510,4.410977,3.922000,3.277648,5.195013,3.725059,3.294793,2.998397,3.096841
50.026400,41.700864,6.309124,3.914677,4.782126,5.636992,4.098691,8.165975,3.152561,3.636664,3.076986,3.812811,5.168229,3.300433,4.421363,3.917001,3.273983,5.365116,3.834257,3.360932,2.997340,3.095232
49.026400,42.700864,6.501129,4.261690,5.735683,6.120871,4.542816,8.359010,3.604442,3.850150,3.307622,4.002411,5.364750,3.723061,5.069908,4.552304,3.627544,5.568374,4.150286,3.719718,3.205018,3.346801
49.026400,44.700864,6.502704,4.263049,5.741199,6.122784,4.544446,8.360748,3.605980,3.850815,3.308409,4.003772,5.366728,3.724667,5.069239,4.549661,3.625049,5.567734,4.148536,3.721075,3.204447,3.345933
50.026400,44.700864,6.263880,3.882410,4.746043,5.599084,4.062531,8.104762,3.130788,3.613165,3.056648,3.788454,5.094744,3.272941,4.414717,3.920900,3.276174,5.322646,3.804367,3.317880,2.996939,3.095189
50.026400,46.700864,6.221743,3.853464,4.717250,5.565865,4.030286,8.047535,3.111223,3.591711,3.038627,3.766949,5.025193,3.248701,4.410025,3.924975,3.278401,5.008015,3.613847,3.274597,2.996970,3.095944
49.026400,47.700864,6.489923,4.244331,5.666741,6.096079,4.519878,8.346422,3.582386,3.839704,3.297049,3.993780,5.352778,3.702704,5.027746,4.517060,3.608917,5.565650,4.142081,3.703429,3.201473,3.342116
49.026400,49.700864,6.493887,4.248950,5.687363,6.102311,4.526208,8.351205,3.588443,3.842479,3.299908,3.995564,5.357970,3.708228,5.036153,4.520949,3.609703,5.564156,4.140314,3.707774,3.199935,3.340272
50.026400,49.700864,6.303279,3.911912,4.783707,5.634272,4.096550,8.158109,3.152634,3.633623,3.074936,3.809542,5.160810,3.299676,4.426300,3.924544,3.277767,5.363988,3.835899,3.358590,2.997389,3.096143
49.026400,52.700864,6.499155,4.256042,5.722891,6.112273,4.536116,8.357162,3.598198,3.845854,3.304051,3.997116,5.363883,3.717018,5.056295,4.537184,3.617570,5.562209,4.140907,3.714158,3.199093,3.339578
50.026400,52.700864,6.217210,3.849195,4.707939,5.559252,4.024970,8.041770,3.106395,3.588890,3.036089,3.763142,5.020289,3.244220,4.404108,3.921568,3.275875,5.009455,3.613623,3.270760,2.998090,3.096213
50.026400,54.700864,6.288141,3.901135,4.770763,5.621621,4.083976,8.136840,3.144933,3.626297,3.068917,3.801448,5.133393,3.289915,4.422314,3.922567,3.276880,5.361156,3.832431,3.342738,2.998262,3.096753
49.026400,55.700864,6.494029,4.245538,5.675430,6.098116,4.521367,8.351265,3.582660,3.837973,3.297676,3.989365,5.356822,3.702426,5.033335,4.518080,3.610049,5.560120,4.138027,3.703267,3.197457,3.337257
49.026400,57.700864,6.495505,4.245147,5.669396,6.096775,4.520120,8.352574,3.578585,3.835551,3.296472,3.987968,5.359005,3.700228,5.022140,4.502127,3.601676,5.556889,4.133007,3.702665,3.195817,3.333701
50.026400,57.700864,6.315492,3.921629,4.797062,5.645896,4.107537,8.173024,3.160555,3.640260,3.081734,3.816082,5.176651,3.308356,4.429984,3.923535,3.277666,5.367438,3.836918,3.368532,2.999621,3.097235
49.026400,60.700864,6.491295,4.234512,5.644789,6.082352,4.507636,8.347109,3.566383,3.825543,3.285000,3.984171,5.353173,3.688906,5.009735,4.494020,3.596327,5.547425,4.126908,3.692933,3.190532,3.330177
50.026400,60.700864,6.198182,3.835644,4.689822,5.544728,4.009439,8.015054,3.095917,3.577927,3.026812,3.753194,4.986205,3.232312,4.401586,3.924137,3.277813,4.727203,3.451527,3.248078,3.001101,3.099779
50.026400,62.700864,6.310391,3.916859,4.792824,5.640623,4.103133,8.166390,3.157122,3.636422,3.076595,3.814117,5.168704,3.305422,4.429544,3.925802,3.278559,5.364443,3.839691,3.363797,2.997600,3.099391
49.026400,63.700864,6.498434,4.233116,5.671558,6.083247,4.512949,8.354747,3.576069,3.827614,3.279971,3.992495,5.361064,3.696973,5.017163,4.494795,3.595724,5.542921,4.120112,3.693152,3.172682,3.320982
50.026400,64.700864,6.319907,3.922699,4.807099,5.648126,4.110750,8.179533,3.164759,3.642571,3.080991,3.820866,5.183459,3.311901,4.433258,3.924527,3.278717,5.367376,3.833471,3.370247,2.991835,3.092639
49.026400,65.700864,6.497422,4.221602,5.663204,6.068400,4.498565,8.353015,3.571295,3.828236,3.275276,3.995943,5.358461,3.685512,5.015249,4.497231,3.594797,5.550160,4.106894,3.679787,3.155162,3.304150
50.026400,67.700864,6.062089,3.731941,4.557888,5.419975,3.889386,7.833461,3.015721,3.506926,2.963416,3.680540,4.754360,3.136492,4.347753,3.894618,3.254233,3.069511,2.550924,3.060225,2.990854,2.928258
49.026400,68.700864,6.504814,4.217631,5.640745,6.056904,4.479730,8.359651,3.541280,3.837859,3.280091,4.009862,5.364363,3.658284,4.980188,4.474975,3.557281,5.563402,4.092033,3.670430,3.125184,3.272530
49.026400,70.700864,6.506742,4.208091,5.556186,6.033593,4.458335,8.356660,3.499076,3.840709,3.280621,4.017814,5.363840,3.630113,4.879302,4.365113,3.484695,5.569293,4.077204,3.663274,3.086928,3.236049
50.026400,70.700864,6.304706,3.890155,4.714740,5.598572,4.068284,8.167385,3.121406,3.620864,3.059338,3.801082,5.175837,3.272098,4.363804,3.866693,3.235533,5.342315,3.803222,3.340019,2.966703,3.064861
50.026400,72.700864,6.269056,3.848479,4.626520,5.529389,4.017340,8.121488,3.070030,3.593103,3.031079,3.775932,5.157600,3.225951,4.250591,3.748810,3.149612,5.367573,3.779926,3.310920,2.929248,3.021216
49.026400,73.700864,6.493377,4.225041,5.435363,6.031131,4.472888,8.292884,3.499405,3.858855,3.306265,4.036135,5.324051,3.653298,4.683471,4.107989,3.376708,5.718003,4.198402,3.724424,3.078065,3.257314
50.026400,73.700864,6.258750,3.860844,4.650314,5.547419,4.034497,8.089464,3.087524,3.597811,3.038938,3.777587,5.138843,3.243991,4.257049,3.754437,3.164031,5.443425,3.857704,3.338037,2.945543,3.048194
49.259300,-1.246414,6.417702,4.076100,5.273690,5.841380,4.313062,8.253297,3.363832,3.724585,3.169194,3.890498,5.296268,3.504007,4.562279,3.932391,3.258187,5.467697,3.957927,3.554798,2.958146,3.103570
50.000000,-1.246414,6.536813,4.217989,5.564342,6.037294,4.478568,8.343898,3.521836,3.830587,3.274153,3.990825,5.364358,3.655396,4.775786,4.156680,3.387808,5.554023,4.059468,3.682496,3.017162,3.175321
