49.026400,-0.299136,-94.619750,-80.244764,-68.825823,-54.826379,-40.007992,-55.956314,-60.415226,-69.201713,-71.769676,-69.032643,-99.798877,-75.511404,-82.586360,-62.562026,-36.006954,-59.878313,-57.143386,-62.971044,-65.901303,-69.683365
50.026400,-0.299136,-98.300057,-79.307868,-82.214865,-54.173618,-36.155730,-53.054838,-60.306907,-64.003774,-68.340972,-62.102870,-99.819176,-76.492555,-89.639025,-62.222254,-32.224178,-53.574854,-54.528213,-60.074082,-59.471580,-61.398947
20.026400,0.700864,-70.415607,-56.484844,-34.790885,-51.186095,-78.020566,-89.788942,-98.321407,-99.763904,-99.756717,-99.824078,-79.284775,-51.895877,-46.740639,-55.044381,-72.809513,-98.642869,-96.342370,-99.838721,-99.898331,-99.848820
22.026400,0.700864,-71.565951,-59.642953,-29.916732,-50.912753,-77.915523,-95.500709,-96.643465,-99.735477,-99.740642,-99.892350,-82.817910,-51.967587,-41.344378,-55.388040,-73.222158,-97.550790,-94.708959,-99.815428,-99.774221,-99.850349
25.026400,0.700864,-73.810034,-61.119079,-28.296116,-49.694408,-77.224543,-99.103487,-98.844193,-99.651015,-99.842689,-99.911355,-85.726751,-52.512352,-39.268445,-53.099148,-72.500559,-94.663294,-98.432951,-99.813213,-99.867382,-99.864998
27.026400,0.700864,-78.259019,-61.040590,-33.537622,-47.749751,-74.805929,-97.107995,-100.151860,-99.667138,-99.927735,-99.868509,-87.279204,-52.883935,-42.971021,-50.158027,-68.860746,-93.469207,-99.757517,-99.808487,-100.224210,-99.811955
30.026400,0.700864,-76.613322,-65.801710,-44.043657,-45.978776,-71.879396,-89.080194,-96.223081,-99.713991,-99.781946,-99.726429,-86.801748,-53.951792,-49.797505,-47.574168,-64.350354,-93.068489,-95.544382,-99.836068,-100.048430,-99.972813
33.026400,0.700864,-80.292850,-65.472272,-44.992322,-41.869704,-71.783307,-78.308866,-88.465543,-99.718855,-99.370214,-99.590924,-89.421922,-54.792847,-55.344249,-42.164058,-66.542780,-90.927025,-87.312244,-99.817071,-99.256197,-99.825317
35.026400,0.700864,-82.669130,-64.240161,-45.857230,-40.456011,-71.219624,-81.886901,-85.220591,-99.702696,-99.507170,-99.520031,-91.025072,-56.196917,-56.072208,-42.114714,-65.446056,-87.536085,-84.043521,-99.792543,-99.662750,-99.736285
38.026400,0.700864,-86.479944,-68.664564,-51.212804,-37.371107,-70.206782,-77.538759,-86.441296,-99.674190,-100.070192,-99.243526,-94.157711,-59.238917,-59.752008,-36.809629,-66.979613,-82.561028,-85.459082,-100.090662,-100.443733,-99.158005
40.026400,0.700864,-87.522614,-71.361479,-56.063453,-36.822364,-72.230444,-75.010156,-86.393656,-99.401981,-99.389352,-96.672627,-94.478076,-63.992851,-62.389128,-39.053425,-64.952864,-81.261509,-85.207993,-99.703541,-98.848506,-96.991815
41.026400,0.700864,-87.005907,-73.035566,-56.889927,-38.465501,-72.567189,-73.198889,-85.316986,-98.866257,-98.200106,-95.469819,-97.012483,-64.267623,-62.746778,-41.354230,-63.839107,-81.084977,-84.397448,-98.868974,-97.250389,-95.692924
43.026400,0.700864,-93.139195,-73.797868,-59.192639,-42.039449,-70.784878,-68.923353,-84.577279,-95.799484,-93.661617,-93.934920,-99.090122,-65.571317,-64.808341,-44.310590,-62.250127,-80.245104,-83.479441,-94.778314,-93.041713,-94.395866
48.026400,0.700864,-97.939722,-74.385673,-57.223055,-49.460813,-51.629943,-59.262940,-69.269529,-76.920694,-77.495027,-76.884169,-99.755426,-67.000506,-67.142487,-53.949982,-43.251319,-64.606812,-65.597132,-72.284232,-74.550191,-81.161357
49.026400,0.700864,-95.239736,-73.719048,-59.090134,-50.338803,-44.598765,-54.248692,-62.477452,-70.573303,-72.559431,-70.182657,-99.893155,-65.926731,-71.944143,-55.219933,-38.487251,-59.841776,-57.923815,-65.312899,-68.190877,-71.260839
18.026400,1.700864,-68.005070,-52.747221,-34.686390,-52.247673,-78.236194,-87.998517,-99.965817,-99.823034,-99.853542,-99.859233,-76.640638,-47.989890,-47.854106,-53.562825,-70.782283,-97.910746,-100.064887,-99.869024,-99.858514,-99.868267
19.026400,1.700864,-68.778731,-54.239786,-34.699272,-52.398122,-77.365517,-87.589054,-99.682541,-99.970665,-99.976785,-99.945222,-76.181197,-49.647964,-47.286487,-52.249643,-72.446100,-98.433336,-98.997752,-99.995436,-100.005777,-99.979567
21.026400,1.700864,-71.272255,-58.058175,-31.778432,-50.066862,-77.273593,-90.857203,-98.180543,-99.984467,-99.959195,-99.996376,-80.304978,-52.253446,-43.786454,-50.851160,-72.937084,-98.325634,-96.579342,-99.971913,-99.978888,-99.946948
22.026400,1.700864,-71.341555,-58.868861,-28.829224,-50.519164,-77.003377,-94.026955,-97.597454,-99.962086,-99.941164,-100.010233,-83.140990,-52.045713,-40.805941,-50.865137,-72.642775,-97.747847,-96.288011,-99.955592,-99.897910,-99.948501
23.026400,1.700864,-70.840496,-59.290532,-27.202156,-50.677947,-76.705331,-95.872979,-97.554968,-99.940236,-99.940359,-100.018249,-83.948644,-51.978003,-38.907764,-50.835226,-72.496103,-96.927701,-96.782006,-99.954841,-99.839745,-99.970534
24.026400,1.700864,-72.720069,-59.821306,-27.469603,-50.501734,-77.041690,-95.912114,-98.548899,-99.916232,-99.951646,-100.020179,-84.729863,-52.748992,-38.868579,-50.402227,-72.409267,-95.995529,-97.727521,-99.957258,-99.845631,-99.983300
26.026400,1.700864,-74.167272,-60.382703,-31.009361,-47.546679,-75.130713,-94.999782,-99.558036,-99.905886,-100.001678,-100.008500,-86.576767,-54.188454,-42.006781,-48.950236,-71.078884,-94.483380,-99.061194,-99.961868,-100.072622,-99.932948
27.026400,1.700864,-76.983181,-60.086278,-33.127147,-47.055420,-75.025486,-93.614883,-99.560522,-99.910751,-100.015951,-99.996120,-86.763779,-54.166194,-43.662949,-48.677027,-69.511694,-93.815335,-98.818549,-99.959113,-100.211009,-99.912734
29.026400,1.700864,-75.624303,-63.518963,-38.478287,-46.713136,-72.854241,-88.066945,-98.661003,-99.940784,-99.972029,-99.957713,-85.845528,-55.437294,-47.174708,-48.629062,-66.426802,-93.339480,-96.784458,-99.966459,-100.179383,-99.993684
30.026400,1.700864,-74.830749,-65.470713,-41.025651,-45.012940,-72.300938,-87.284473,-96.603710,-99.942718,-99.910443,-99.926945,-86.346070,-54.997291,-49.257899,-47.912017,-66.135760,-93.174176,-95.211309,-99.970942,-99.932135,-100.048889
31.026400,1.700864,-76.952752,-65.386179,-42.492454,-43.400447,-71.666713,-83.859058,-94.759576,-99.951528,-99.840695,-99.909762,-87.200926,-54.895696,-51.549195,-46.606350,-66.651599,-92.849475,-93.318688,-99.979689,-99.580679,-100.049624
32.026400,1.700864,-76.926907,-65.275866,-42.526840,-42.436111,-70.386969,-78.421735,-93.147144,-99.958147,-99.701549,-99.901337,-86.780511,-54.669784,-53.078511,-45.309746,-67.019066,-92.741413,-90.943625,-99.980715,-99.237867,-99.979471
34.026400,1.700864,-79.278273,-63.390949,-44.115952,-40.919557,-69.957495,-76.554632,-90.455717,-99.961311,-99.207971,-99.880235,-89.740698,-56.203071,-54.812836,-44.607387,-64.802595,-89.868859,-87.378813,-99.945163,-99.056719,-99.841614
35.026400,1.700864,-80.118517,-62.525623,-44.085333,-39.040334,-69.423180,-80.500502,-88.458357,-99.969700,-99.285098,-99.879549,-92.017069,-56.545064,-54.758219,-44.185001,-63.500825,-88.268113,-86.542819,-99.932993,-99.304919,-99.917219
36.026400,1.700864,-80.366996,-63.477302,-45.106527,-39.987324,-68.647566,-80.434575,-88.229422,-99.983554,-99.640571,-99.877809,-93.052619,-57.601231,-55.305063,-42.450369,-63.405323,-86.607881,-86.628049,-99.949249,-99.667392,-100.071003
37.026400,1.700864,-80.430234,-65.409209,-46.743143,-38.689926,-68.522769,-79.064254,-88.132021,-99.998279,-100.009911,-99.862960,-93.371428,-58.085545,-56.448668,-39.644845,-64.197900,-85.095871,-87.265278,-100.003063,-99.952977,-100.144649
38.026400,1.700864,-85.260550,-65.869956,-47.112145,-36.980806,-68.852650,-76.078661,-89.242179,-100.009742,-100.054460,-99.818091,-96.260869,-57.616691,-57.371908,-37.304757,-64.592179,-83.926197,-87.800878,-100.067845,-99.955527,-99.922892
39.026400,1.700864,-86.922574,-66.321766,-49.505406,-36.188673,-67.735945,-75.226780,-89.815783,-100.022331,-99.817026,-99.400503,-94.841286,-59.490548,-58.803235,-36.887273,-63.761935,-83.109605,-87.669290,-100.183637,-99.529232,-99.266563
40.026400,1.700864,-85.848617,-67.805536,-49.901533,-35.055641,-69.577515,-74.974568,-87.894983,-99.862443,-99.461235,-97.666828,-93.603062,-61.479267,-58.964273,-38.334688,-62.216663,-82.664897,-86.781538,-100.101242,-98.638606,-98.239887
42.026400,1.700864,-87.823520,-69.337415,-51.146464,-41.377072,-67.066953,-70.545013,-85.410908,-98.510890,-96.717578,-95.712070,-98.856289,-61.589922,-59.838711,-41.551182,-60.683291,-81.986594,-84.569193,-99.381604,-95.805407,-96.341744
44.026400,1.700864,-92.421094,-69.613993,-52.829426,-41.937763,-66.332387,-68.468825,-84.914474,-94.390848,-90.426868,-94.536465,-99.701753,-61.930508,-61.480363,-43.326162,-58.716525,-79.558610,-83.793017,-95.869192,-92.096064,-96.175712
45.026400,1.700864,-93.849792,-71.084866,-52.829004,-43.390502,-62.361943,-66.954118,-83.890059,-88.163202,-87.329361,-92.090780,-99.747565,-61.866487,-61.024050,-44.766620,-56.079224,-76.973430,-82.568727,-88.887665,-89.691124,-95.900634
47.026400,1.700864,-96.872950,-71.522811,-50.365155,-48.309841,-56.281323,-62.982718,-76.875129,-83.550162,-82.842831,-84.914417,-99.843053,-63.041265,-59.154977,-47.964478,-49.502464,-69.076138,-73.854595,-84.525401,-82.295139,-89.952797
48.026400,1.700864,-98.747144,-71.475708,-51.065381,-47.225831,-54.071678,-59.179269,-70.805846,-79.263262,-78.992222,-78.613975,-99.912484,-62.958682,-61.480469,-49.876585,-45.630163,-64.206472,-66.409211,-78.907378,-76.787653,-82.637412
50.026400,1.700864,-97.556255,-72.029825,-59.440614,-50.766293,-41.959863,-49.320054,-60.785815,-63.842472,-69.291491,-64.658374,-99.773541,-64.138195,-70.900717,-51.713376,-36.461424,-54.821122,-52.092005,-60.545501,-62.542897,-60.632759
18.026400,2.700864,-66.826030,-54.085974,-34.380334,-52.075762,-77.131835,-89.154629,-100.047019,-99.938010,-99.965948,-99.937338,-75.836288,-48.331959,-47.921581,-50.549420,-71.808911,-97.600972,-100.393139,-99.962515,-99.958258,-99.988556
19.026400,2.700864,-68.640099,-56.169235,-33.951228,-50.242423,-75.784797,-87.567336,-99.898100,-100.079219,-100.082114,-100.021025,-76.532896,-49.382880,-47.083614,-49.706290,-72.809503,-98.219792,-99.697699,-100.070296,-100.098114,-100.074912
20.026400,2.700864,-70.181788,-57.107614,-32.691649,-48.420103,-75.764481,-87.698488,-99.139878,-100.094913,-100.079072,-100.042277,-76.626848,-51.347457,-45.680843,-48.975510,-72.852016,-98.507520,-98.697655,-100.058916,-100.120838,-100.047697
21.026400,2.700864,-70.976198,-57.725539,-31.095447,-48.367985,-76.500349,-90.697029,-98.879746,-100.081824,-100.052307,-100.053213,-78.899674,-52.314441,-43.657228,-48.461906,-72.359795,-98.434542,-97.926260,-100.029144,-100.067272,-100.009645
23.026400,2.700864,-71.175180,-58.829339,-27.353659,-49.928341,-75.530703,-93.467236,-98.678812,-100.040920,-100.017477,-100.062719,-83.171518,-52.691211,-39.578105,-47.982178,-71.572370,-97.369905,-98.006466,-100.007651,-99.915704,-100.026273
24.026400,2.700864,-72.847537,-59.855965,-28.597926,-50.739996,-75.994066,-93.086466,-99.320936,-100.023691,-100.018766,-100.061678,-84.036931,-53.930421,-40.179698,-47.863243,-71.466660,-96.560679,-98.517179,-100.013001,-99.904042,-100.040173
25.026400,2.700864,-73.697933,-60.282058,-30.584456,-49.601328,-76.235604,-92.255536,-99.643535,-100.015203,-100.029636,-100.058865,-84.711216,-55.863596,-41.846288,-47.852874,-71.248816,-95.732197,-98.831631,-100.019341,-99.963741,-100.025473
26.026400,2.700864,-72.281185,-59.703807,-31.884340,-46.106748,-75.242853,-91.955445,-99.479913,-100.015867,-100.041608,-100.051868,-83.970150,-55.201454,-43.409915,-48.024981,-70.637085,-95.896839,-98.899962,-100.021234,-100.075369,-99.991339
28.026400,2.700864,-75.405369,-62.343606,-35.287819,-46.530297,-74.639059,-88.123505,-98.455985,-100.033205,-100.042322,-100.039976,-83.053246,-55.837778,-46.193455,-48.720316,-68.239660,-94.077296,-97.224516,-100.021259,-100.218712,-99.990274
29.026400,2.700864,-74.659870,-62.982704,-36.655317,-45.680869,-73.302861,-85.315842,-98.059295,-100.042740,-100.017278,-100.029644,-84.242915,-56.714690,-47.388257,-48.871029,-67.319678,-93.850967,-96.265102,-100.021085,-100.118474,-100.045426
31.026400,2.700864,-74.772454,-64.195684,-41.034952,-41.316395,-71.868358,-81.798204,-96.296255,-100.051252,-99.913538,-100.008699,-88.295114,-55.962283,-51.349447,-48.017677,-67.649411,-93.354430,-94.057869,-100.028998,-99.521758,-100.083177
32.026400,2.700864,-75.267763,-64.457229,-41.545660,-40.702365,-70.561016,-79.629758,-96.124991,-100.051466,-99.732157,-100.005857,-87.337611,-56.119358,-52.584323,-47.311883,-67.615075,-93.338653,-93.066565,-100.029233,-99.177839,-100.002228
33.026400,2.700864,-75.820492,-64.227651,-42.388889,-41.419999,-69.435100,-75.740388,-95.307120,-100.055196,-97.869503,-100.007787,-88.144517,-56.591495,-53.529182,-46.850092,-66.346963,-93.017173,-92.064072,-100.024272,-98.956704,-99.902624
34.026400,2.700864,-76.286596,-62.666219,-43.276379,-41.025588,-68.881255,-76.302563,-92.903187,-100.067790,-98.350165,-100.016035,-89.219908,-56.836537,-54.199747,-46.557045,-64.240631,-90.859177,-89.908523,-100.010569,-98.938869,-99.881220
36.026400,2.700864,-76.267990,-62.310701,-43.569212,-39.726278,-67.573207,-78.504367,-91.115284,-100.101537,-99.304599,-100.042813,-93.151300,-58.465039,-54.652140,-43.742504,-62.601975,-88.101339,-89.532815,-99.976606,-99.402799,-100.261848
38.026400,2.700864,-80.453333,-63.468510,-44.265909,-41.546683,-67.811190,-76.772874,-92.242098,-100.125575,-100.030109,-100.012373,-96.295981,-55.938118,-55.863886,-38.170892,-63.884067,-85.721751,-90.405659,-100.053971,-99.581965,-100.418957
40.026400,2.700864,-83.516217,-63.240852,-45.060821,-34.869455,-66.015433,-75.273378,-88.808704,-99.975235,-98.732255,-99.096316,-95.697359,-58.003850,-56.441614,-38.510575,-60.799613,-84.425035,-88.519177,-100.281064,-98.438520,-99.054980
41.026400,2.700864,-87.399669,-65.131420,-45.727938,-38.735472,-64.720070,-74.585130,-87.317057,-98.912229,-98.813804,-97.188745,-97.633699,-59.019758,-56.699335,-40.334368,-59.340641,-83.956371,-86.768041,-100.459571,-97.404952,-98.057943
42.026400,2.700864,-89.559722,-66.127838,-46.051039,-42.880639,-63.830086,-72.452112,-85.889730,-97.874311,-97.237477,-95.969172,-98.976349,-59.929418,-57.036043,-41.688708,-58.888966,-83.280639,-85.322216,-100.425102,-96.204258,-97.323190
43.026400,2.700864,-93.013251,-66.038696,-46.284049,-42.338361,-62.858221,-71.270206,-85.294148,-96.745811,-93.634594,-95.422677,-99.561947,-60.120790,-57.581617,-42.460036,-58.679787,-82.059143,-84.521340,-100.005568,-94.882408,-97.084319
44.026400,2.700864,-95.800404,-66.877974,-47.053401,-41.311158,-62.341944,-70.135752,-84.832045,-95.182308,-91.728291,-95.021159,-99.752284,-60.728664,-58.263337,-43.238413,-57.732217,-79.632816,-83.995903,-98.933417,-93.338903,-97.165725
45.026400,2.700864,-95.972301,-68.961113,-46.392230,-43.693383,-60.370890,-68.266478,-83.721875,-91.287369,-89.008957,-92.979673,-99.782631,-60.041913,-57.777745,-44.422331,-55.905599,-77.207657,-82.762046,-95.715447,-91.303046,-96.871007
46.026400,2.700864,-96.504442,-69.576678,-45.252703,-43.909578,-57.375121,-66.284189,-81.950565,-89.734012,-87.228175,-91.702661,-99.841539,-61.007580,-56.779129,-46.061812,-53.696661,-73.112668,-80.093130,-93.146055,-88.388690,-95.130496
47.026400,2.700864,-97.840594,-69.950272,-46.606189,-44.856526,-57.834638,-64.205431,-77.906193,-87.018533,-85.280617,-87.938547,-99.865379,-61.994269,-57.629049,-48.196560,-51.247623,-68.694453,-74.201526,-90.422309,-84.217992,-90.879053
48.026400,2.700864,-98.984779,-70.137692,-48.887913,-45.156410,-55.262571,-60.551702,-71.685190,-81.260397,-80.101489,-80.220851,-99.922512,-61.847061,-60.467236,-50.588247,-47.994289,-63.587821,-66.799232,-85.619846,-78.574704,-83.527212
18.026400,3.700864,-66.855207,-55.851670,-35.056656,-51.293503,-76.940133,-92.951559,-100.064930,-99.985352,-100.011397,-99.973734,-76.008135,-50.255887,-48.611813,-48.636364,-72.199119,-97.267360,-100.503253,-100.001154,-100.008786,-100.049075
20.026400,3.700864,-69.459525,-58.652797,-32.635418,-47.787536,-75.127357,-88.229010,-99.819986,-100.117567,-100.104377,-100.059382,-76.707579,-51.559268,-45.999974,-48.233095,-72.217264,-98.468302,-99.520200,-100.070897,-100.169112,-100.082582
22.026400,3.700864,-70.643240,-58.318742,-29.991711,-47.184322,-75.471563,-92.687480,-99.641975,-100.079328,-100.047966,-100.063785,-79.865113,-53.612460,-42.387635,-47.306076,-70.939410,-98.532199,-98.970124,-100.020181,-100.032023,-100.029090
24.026400,3.700864,-71.905844,-59.492994,-29.525393,-50.486308,-75.414453,-91.508629,-99.803179,-100.061140,-100.038133,-100.073782,-82.122381,-54.158721,-41.631948,-47.056954,-70.454460,-97.287613,-99.236209,-100.031637,-99.930533,-100.062226
26.026400,3.700864,-73.591828,-59.094980,-33.576432,-46.179741,-75.769474,-89.821295,-99.343693,-100.056827,-100.055756,-100.067557,-82.775916,-55.652279,-45.193750,-48.228816,-69.814034,-95.896565,-98.519029,-100.046941,-100.057126,-100.013443
27.026400,3.700864,-74.697741,-60.877490,-34.166357,-44.881006,-75.108191,-89.394970,-97.938825,-100.060527,-100.058945,-100.059979,-82.941568,-55.986606,-46.158736,-48.819455,-68.990926,-95.348253,-97.666500,-100.043443,-100.148320,-99.993302
29.026400,3.700864,-74.176185,-61.970981,-36.581071,-44.577120,-72.880605,-87.848649,-97.679286,-100.078592,-100.035978,-100.048756,-83.409706,-56.916292,-48.242146,-49.332377,-67.419658,-94.799288,-96.223660,-100.034519,-100.087945,-100.070416
30.026400,3.700864,-73.881536,-61.990665,-37.695239,-42.870472,-71.892374,-84.765069,-96.837461,-100.089603,-100.003562,-100.045915,-86.687706,-56.454662,-49.462337,-49.368091,-67.598466,-94.515870,-95.698215,-100.038171,-99.866358,-100.116284
31.026400,3.700864,-73.615220,-62.247410,-39.555669,-41.288102,-71.483652,-82.291115,-96.679556,-100.095812,-99.942423,-100.044248,-88.040011,-56.334139,-51.159963,-49.233945,-68.187105,-94.270343,-95.175951,-100.047019,-99.554336,-100.099867
33.026400,3.700864,-73.694673,-62.891274,-41.697330,-41.690216,-69.261627,-78.733461,-96.598445,-100.097784,-99.095736,-100.052806,-88.332846,-56.714079,-53.378430,-48.375326,-66.833695,-93.225190,-93.469763,-100.059255,-99.034144,-99.900183
34.026400,3.700864,-73.789588,-62.238824,-41.930785,-41.474459,-68.558278,-78.410563,-94.920259,-100.097777,-98.991380,-100.063847,-89.070927,-57.350301,-53.809993,-47.710871,-64.767583,-92.339400,-92.657896,-100.044045,-98.997836,-99.879102
35.026400,3.700864,-74.538547,-62.861337,-42.000758,-39.439123,-67.697230,-78.372176,-93.965324,-100.104532,-99.108940,-100.080562,-87.966558,-57.420349,-54.085144,-46.556556,-63.453776,-91.481905,-92.285100,-100.016283,-99.125872,-100.028349
37.026400,3.700864,-76.580654,-62.028344,-42.576257,-40.339267,-67.211949,-80.372808,-93.971818,-100.149670,-99.979526,-100.124387,-90.741865,-58.251624,-55.023973,-41.654055,-65.014057,-88.981287,-93.089043,-99.986148,-99.447608,-100.609939
38.026400,3.700864,-80.679967,-62.363517,-42.536107,-41.601616,-69.003194,-80.498420,-95.159176,-100.157595,-99.994473,-100.102255,-94.851858,-56.038833,-55.339048,-39.197148,-65.323628,-88.001500,-93.141684,-100.028256,-99.348761,-100.641870
40.026400,3.700864,-82.309706,-60.785004,-41.896479,-37.350614,-65.710853,-78.415584,-90.162794,-99.946050,-98.501811,-99.504881,-95.897146,-56.244773,-54.986362,-39.453098,-61.091588,-86.513022,-90.326836,-100.476943,-98.275194,-99.419103
49.026400,3.700864,-98.694744,-72.632909,-60.122910,-48.785533,-52.876405,-50.773003,-63.844150,-71.235333,-75.024056,-72.689177,-99.872661,-64.248103,-70.549545,-56.220966,-45.657394,-57.514248,-59.022496,-73.289311,-72.552818,-73.730884
50.026400,3.700864,-99.080407,-71.865821,-50.829565,-48.294551,-47.012606,-46.610250,-60.513523,-64.660209,-70.446848,-64.953827,-99.813582,-63.286941,-69.501800,-52.136342,-40.009840,-52.948733,-52.693386,-62.228677,-64.089642,-61.916689
18.026400,4.700864,-67.900236,-56.682324,-36.477460,-50.789652,-76.288167,-94.765739,-100.050248,-99.984079,-100.013296,-99.978134,-76.169996,-51.577018,-49.672120,-47.810366,-71.916986,-96.916771,-100.386723,-100.002473,-100.010844,-100.051910
19.026400,4.700864,-67.898060,-57.032545,-35.131159,-49.076512,-76.068732,-91.260094,-100.152926,-100.111910,-100.119896,-100.047859,-77.187292,-50.781724,-48.336346,-48.488949,-71.827486,-97.814463,-100.353548,-100.093080,-100.149164,-100.120975
20.026400,4.700864,-68.943617,-58.795172,-33.457385,-47.741634,-75.063107,-88.015288,-100.068737,-100.119015,-100.108469,-100.061492,-77.314160,-52.307136,-46.864490,-48.849528,-71.211832,-98.449733,-100.050308,-100.071101,-100.176977,-100.080310
21.026400,4.700864,-70.243057,-59.718782,-31.553727,-47.227672,-75.760318,-87.903725,-100.012040,-100.105683,-100.077535,-100.067840,-77.703067,-52.910692,-45.058129,-48.635394,-70.527617,-98.799195,-99.824268,-100.038324,-100.129512,-100.033357
22.026400,4.700864,-70.874695,-58.774004,-30.113925,-47.458524,-75.220555,-88.587849,-100.002456,-100.085445,-100.046940,-100.069915,-79.506799,-53.305332,-43.392746,-48.036036,-70.034512,-98.843441,-99.823048,-100.017928,-100.045131,-100.023839
23.026400,4.700864,-70.826534,-58.402683,-28.908407,-47.341267,-74.842968,-89.098319,-100.029657,-100.066595,-100.028269,-100.068493,-80.500295,-52.896920,-42.265433,-47.551383,-69.736266,-98.608522,-99.929791,-100.016748,-99.964903,-100.041767
25.026400,4.700864,-71.735424,-57.912362,-30.921089,-47.698141,-74.119697,-89.965136,-99.921342,-100.045105,-100.029795,-100.054967,-80.893691,-53.802188,-44.100101,-48.259827,-69.237984,-98.027739,-99.502506,-100.035659,-99.946107,-100.037183
26.026400,4.700864,-73.533628,-58.475377,-33.600594,-46.400970,-74.674942,-90.146373,-99.284555,-100.050267,-100.044143,-100.052287,-81.899135,-54.361438,-46.146643,-49.044230,-68.753509,-97.133094,-98.604712,-100.045269,-100.018335,-100.003240
27.026400,4.700864,-73.754883,-60.202742,-34.346625,-45.286317,-73.852646,-90.181591,-97.873985,-100.061574,-100.057588,-100.049165,-81.987286,-55.712630,-47.109165,-49.509230,-67.985470,-96.513400,-97.587975,-100.047401,-100.102894,-99.985517
28.026400,4.700864,-74.273626,-61.216178,-35.017824,-44.358291,-72.409061,-88.479402,-97.433994,-100.073016,-100.059789,-100.043110,-82.618382,-56.408719,-47.864539,-49.584041,-67.160772,-96.140667,-96.847898,-100.039020,-100.142649,-100.011576
29.026400,4.700864,-74.106454,-60.855754,-36.072619,-44.059986,-72.101922,-89.460733,-97.984042,-100.083152,-100.047584,-100.037457,-83.482514,-56.540342,-48.778373,-49.583719,-66.833056,-95.899202,-96.543756,-100.029327,-100.087344,-100.073295
30.026400,4.700864,-73.792536,-60.249698,-37.304283,-42.360189,-71.430573,-85.888885,-98.022811,-100.087918,-100.018960,-100.033256,-85.075217,-55.758710,-49.895179,-49.758686,-67.385641,-95.740611,-96.582492,-100.026589,-99.920823,-100.123221
31.026400,4.700864,-73.639030,-60.107610,-38.290252,-41.867303,-70.864434,-83.341543,-98.233953,-100.086094,-99.969523,-100.031527,-86.192283,-56.144620,-51.006782,-49.946637,-68.415492,-95.662649,-96.695578,-100.033710,-99.676351,-100.105845
32.026400,4.700864,-74.560560,-61.681831,-39.319585,-42.276727,-70.211421,-82.435546,-98.710804,-100.079663,-99.857175,-100.034468,-87.855089,-56.328665,-52.082496,-49.761282,-68.864315,-97.319360,-97.744004,-100.046147,-99.428937,-100.006754
34.026400,4.700864,-73.153346,-61.705835,-40.725632,-40.927169,-69.264636,-82.645698,-97.631097,-100.078945,-99.522054,-100.069522,-87.438389,-57.668658,-53.636404,-47.929004,-66.665452,-94.281265,-95.504464,-100.070405,-99.233057,-99.844785
35.026400,4.700864,-73.493516,-62.828397,-41.132728,-40.218104,-69.870451,-82.392571,-97.110285,-100.086659,-99.572557,-100.099638,-86.765782,-57.733793,-54.205267,-46.483227,-66.133561,-93.478114,-95.384036,-100.042854,-99.321494,-99.979866
36.026400,4.700864,-73.028816,-62.784186,-41.622976,-40.869854,-70.364957,-83.406691,-97.142181,-100.100777,-99.785135,-100.131461,-87.041709,-57.943410,-54.838013,-44.542941,-67.204716,-92.559076,-95.698494,-99.997314,-99.441247,-100.271475
37.026400,4.700864,-76.744956,-61.712708,-41.616273,-41.165936,-71.543455,-86.560699,-97.661294,-100.119130,-99.978776,-100.156642,-89.703625,-57.674792,-55.234936,-42.188505,-68.832425,-91.606257,-96.082829,-99.962620,-99.462926,-100.559828
38.026400,4.700864,-78.610922,-61.771274,-41.332241,-42.336982,-73.738502,-88.047109,-98.203428,-100.131299,-99.948108,-100.154630,-91.300951,-56.683799,-55.362348,-40.199165,-69.028597,-90.683392,-95.878625,-99.978818,-99.272264,-100.598424
37.026400,5.700864,-73.941240,-61.904758,-40.092630,-42.668326,-78.910601,-93.959188,-99.761808,-100.008325,-99.964137,-100.163023,-87.273255,-57.088852,-55.223114,-42.323450,-74.729069,-94.610790,-98.915417,-99.911819,-99.660304,-100.337325
38.026400,5.700864,-76.182795,-62.365024,-39.790864,-43.952826,-79.238460,-94.977789,-99.706647,-100.012035,-99.879800,-100.173488,-87.952944,-56.663737,-55.333299,-41.057021,-74.715057,-93.703364,-98.455542,-99.885195,-99.358451,-100.305472
49.026400,5.700864,-99.342657,-78.189685,-80.072430,-53.458335,-55.348114,-47.433120,-61.864597,-70.807158,-75.615499,-73.633053,-99.800391,-73.261657,-87.565291,-72.518042,-49.169069,-55.143056,-58.249602,-73.796898,-73.394194,-73.438127
50.026400,5.700864,-99.760411,-78.598510,-52.496934,-54.881854,-48.886696,-42.123945,-59.118265,-66.010655,-70.473150,-66.881171,-99.825864,-72.073871,-80.502218,-59.803260,-42.313440,-50.451020,-53.034829,-62.737264,-64.241163,-62.552883
18.026400,6.700864,-73.847301,-64.769022,-35.384655,-48.727920,-71.556364,-88.417926,-99.901360,-99.894790,-99.916524,-99.939479,-84.951710,-61.124301,-49.704969,-48.769900,-69.702409,-99.892008,-99.956297,-99.952501,-99.865886,-99.959299
19.026400,6.700864,-69.972570,-62.192588,-34.303757,-49.030878,-72.341387,-89.102763,-99.971440,-99.923966,-99.958403,-99.940924,-81.706698,-58.017354,-48.713151,-51.029383,-69.025091,-97.391492,-99.905692,-99.969715,-100.019831,-99.974318
20.026400,6.700864,-69.046447,-62.655092,-34.469379,-48.669275,-73.615347,-84.636853,-99.974943,-99.945196,-99.956649,-99.961594,-78.711855,-54.856748,-48.448260,-52.649440,-68.512379,-98.580416,-100.129743,-99.962659,-100.065896,-99.956289
21.026400,6.700864,-69.296052,-62.221093,-33.719025,-47.718680,-73.854967,-83.234668,-100.011291,-99.934403,-99.922401,-99.969934,-79.535984,-52.956044,-47.634485,-53.009834,-68.396777,-99.516582,-100.309520,-99.935587,-100.033808,-99.923276
23.026400,6.700864,-70.330150,-57.369372,-31.357332,-47.212826,-73.587315,-83.714011,-100.218745,-99.890334,-99.865751,-99.960671,-80.669685,-50.354645,-45.505901,-51.281997,-68.561169,-100.056554,-100.358185,-99.926607,-99.869070,-99.934527
25.026400,6.700864,-71.117394,-58.038558,-31.851734,-46.104747,-71.342584,-88.184196,-100.171316,-99.853048,-99.869637,-99.919598,-81.881389,-50.748121,-46.047542,-50.497745,-67.560904,-100.066846,-100.166673,-99.945844,-99.808097,-99.912769
27.026400,6.700864,-72.312926,-58.812657,-33.453436,-44.889070,-71.205590,-92.450789,-99.407371,-99.895048,-99.963938,-99.892117,-83.258057,-53.813368,-47.731835,-49.557097,-65.383453,-99.782322,-99.229720,-99.955840,-99.969990,-99.870930
28.026400,6.700864,-72.234584,-60.399040,-34.621586,-45.845767,-72.102412,-92.500459,-99.298033,-99.906088,-99.997409,-99.868414,-82.336339,-55.215473,-48.631686,-48.612061,-64.441620,-99.263361,-98.226951,-99.927388,-100.076906,-99.916361
29.026400,6.700864,-72.493851,-60.937693,-35.982015,-44.045940,-74.156422,-96.372432,-99.636824,-99.925996,-100.015315,-99.870992,-83.479574,-54.571148,-49.553157,-48.163887,-64.407802,-99.826373,-99.624366,-99.927233,-100.149113,-100.003925
30.026400,6.700864,-70.216896,-62.023685,-35.925989,-44.172673,-75.225319,-93.243648,-99.922485,-99.913756,-100.020283,-99.842104,-85.207446,-53.689942,-49.921338,-48.576911,-66.043497,-99.220630,-99.507203,-99.888612,-100.166889,-100.081329
32.026400,6.700864,-70.601957,-61.090540,-36.123070,-44.135064,-76.670922,-95.496271,-100.405740,-99.877017,-99.969671,-99.852371,-83.711902,-55.071893,-50.950521,-49.177557,-71.280682,-99.341031,-100.904757,-99.951107,-100.112780,-99.974548
34.026400,6.700864,-68.794640,-60.914850,-37.764191,-42.680408,-77.938980,-97.558424,-100.319424,-99.798008,-99.888653,-99.916335,-86.259349,-57.738648,-52.898303,-45.934781,-74.461945,-99.326031,-100.921941,-100.061664,-100.172332,-99.694201
36.026400,6.700864,-72.389226,-63.718979,-38.148858,-43.032948,-84.231501,-99.600588,-100.507416,-99.802460,-99.947805,-100.038933,-86.081104,-57.374186,-54.372490,-42.977710,-79.631492,-99.588056,-100.437453,-99.964439,-100.218024,-99.863958
38.026400,6.700864,-75.648526,-63.293771,-37.674061,-48.816056,-85.171489,-100.400920,-100.480650,-99.776977,-99.799226,-100.126336,-86.450246,-56.279230,-55.021666,-41.735941,-81.732875,-98.819133,-100.412723,-99.773442,-99.602561,-99.788983
49.026400,7.700864,-99.466575,-85.525356,-102.956718,-59.247851,-57.584212,-42.607369,-58.944328,-70.073730,-75.045505,-74.272073,-99.729429,-84.067148,-101.218834,-91.854299,-51.871506,-52.573828,-56.381239,-72.238790,-72.978513,-72.031347
50.026400,8.700864,-100.114166,-89.792431,-67.484021,-63.731385,-53.224447,-35.553610,-57.395058,-63.801936,-69.532252,-69.335918,-99.816186,-85.949538,-90.206433,-71.924525,-44.697979,-46.892853,-52.981698,-60.916708,-62.791681,-62.898540
49.026400,9.700864,-99.463298,-93.171720,-113.798228,-63.661640,-60.829083,-39.474559,-54.296721,-68.647802,-73.938797,-74.128886,-99.669356,-94.487162,-105.770308,-106.934521,-53.909798,-50.317181,-53.869125,-69.465962,-71.834908,-70.151427
49.026400,12.700864,-99.393551,-99.857926,-109.792179,-68.047829,-64.913330,-37.959407,-49.093917,-66.048942,-72.055586,-71.980233,-99.601888,-102.118072,-103.235346,-116.796968,-54.948644,-48.507212,-49.798890,-64.888275,-69.805164,-67.702444
50.026400,12.700864,-100.295691,-99.478424,-89.160119,-69.946991,-58.701939,-32.196939,-56.185304,-61.575802,-66.494163,-66.796290,-99.804808,-98.193523,-93.534814,-77.876216,-46.870664,-44.928859,-52.955269,-59.473439,-60.332268,-63.801670
49.026400,14.700864,-99.338168,-101.184575,-103.258697,-69.606751,-66.461610,-39.340314,-45.394847,-65.397821,-71.032375,-70.678311,-99.570531,-102.592310,-101.645849,-116.937732,-54.361213,-48.711282,-47.065405,-62.148497,-68.646134,-66.728818
50.026400,15.700864,-100.343683,-100.492750,-99.052347,-71.581911,-61.651419,-34.283150,-55.009830,-61.423804,-65.284495,-64.306451,-99.806083,-99.320631,-98.651612,-79.387076,-47.587538,-46.760930,-52.090893,-58.105156,-59.266134,-64.927008
49.026400,17.700864,-99.274373,-100.748754,-97.731501,-72.145109,-67.965863,-42.523012,-40.775151,-65.575448,-70.030820,-70.019761,-99.546985,-100.896912,-100.076548,-112.776251,-53.692740,-50.975748,-42.667907,-60.333037,-67.238865,-66.062011
50.026400,18.700864,-100.354364,-99.801591,-100.852523,-73.677025,-62.677810,-35.052343,-53.661994,-61.343090,-65.350430,-63.034574,-99.808000,-99.235774,-100.620088,-82.039704,-49.504089,-50.928327,-49.278183,-58.430991,-58.632137,-65.389863
49.026400,19.700864,-99.245044,-100.100059,-97.452385,-74.541944,-69.602174,-44.700746,-38.666484,-64.553321,-69.372759,-69.096212,-99.538175,-99.976264,-98.977293,-109.323522,-54.095242,-53.306239,-39.572153,-60.912713,-66.315143,-65.781637
50.026400,20.700864,-100.343722,-99.481215,-100.238318,-77.403607,-63.284165,-39.314600,-51.170870,-60.820137,-64.522121,-63.092871,-99.810774,-99.520419,-100.124528,-85.454944,-51.237197,-54.278934,-46.492463,-58.530875,-58.113503,-64.887584
49.026400,22.700864,-99.227871,-99.659304,-98.856754,-77.744409,-72.874996,-50.474542,-35.328234,-62.318886,-68.380942,-68.740182,-99.533684,-99.562415,-98.681383,-105.349897,-54.694885,-56.924657,-35.688468,-62.207576,-64.635550,-65.238961
50.026400,23.700864,-100.314642,-99.584026,-99.745805,-79.498849,-65.991085,-46.483670,-46.778120,-58.422334,-62.102616,-63.067254,-99.811735,-100.086712,-99.795015,-92.994774,-52.405672,-58.939947,-42.610435,-59.088741,-56.928192,-62.988538
50.026400,25.700864,-100.284683,-99.852664,-99.768858,-80.330465,-67.047319,-48.465624,-40.471529,-57.058926,-59.837301,-62.352301,-99.818437,-100.230625,-99.971077,-97.701096,-52.327104,-61.296161,-41.334291,-58.887189,-55.964376,-61.395330
49.026400,27.700864,-99.262336,-99.950564,-99.092931,-80.062713,-75.528842,-54.621122,-34.428000,-58.084448,-65.839791,-65.945820,-99.543020,-99.584020,-99.556102,-100.905753,-56.013936,-60.638565,-35.395717,-63.469994,-61.359764,-64.941180
50.026400,28.700864,-100.234235,-100.111409,-99.843635,-82.232533,-67.747190,-49.269264,-37.569682,-55.020403,-58.273201,-61.001100,-99.828460,-100.085906,-99.918647,-100.584827,-53.488710,-63.432825,-42.176276,-58.237380,-54.726854,-59.400442
49.026400,29.700864,-99.298534,-99.969626,-98.906779,-81.122406,-76.756894,-56.351890,-37.824364,-55.187753,-65.346427,-65.688930,-99.551202,-99.556448,-99.370062,-99.241813,-58.340655,-61.119276,-37.457565,-62.536493,-60.298112,-65.478961
50.026400,31.700864,-100.182976,-100.068307,-99.895297,-83.102997,-70.727383,-55.149553,-42.633715,-50.627683,-58.388992,-63.537348,-99.849996,-99.916084,-99.819527,-99.481393,-56.380985,-64.268642,-45.739908,-54.140005,-54.251495,-58.331584
49.026400,32.700864,-99.371360,-99.827871,-98.889822,-82.212645,-78.023314,-59.086453,-43.607666,-50.714734,-64.632287,-65.118841,-99.565804,-99.615558,-99.268445,-98.670523,-61.076474,-61.265421,-41.126586,-58.673028,-59.245137,-66.749374
50.026400,33.700864,-100.158094,-99.981336,-99.876019,-83.504394,-70.533879,-59.037254,-46.990864,-47.476470,-58.209826,-61.417413,-99.849729,-99.905179,-99.900067,-99.271541,-57.393251,-64.482984,-47.810236,-50.744093,-54.406398,-57.952874
49.026400,34.700864,-99.427376,-99.736676,-98.928039,-83.535935,-76.883129,-59.047564,-45.475704,-47.681398,-63.873938,-63.323359,-99.576964,-99.706675,-99.346200,-99.641204,-60.597827,-61.299462,-43.160962,-55.254034,-58.771022,-67.463574
50.026400,36.700864,-100.121683,-99.913595,-99.896530,-89.964609,-70.215694,-60.849954,-50.270351,-41.663673,-57.467849,-60.122414,-99.847109,-99.967975,-99.967830,-100.994258,-56.711179,-64.810831,-51.147854,-46.005466,-54.907895,-57.286053
49.026400,37.700864,-99.515378,-99.724317,-99.045306,-90.679816,-73.370660,-55.908308,-45.950102,-41.228828,-62.700289,-62.799495,-99.590433,-99.783958,-99.328489,-99.052249,-58.109089,-61.617201,-45.185380,-49.697272,-57.817263,-67.621459
50.026400,39.700864,-100.081406,-99.954101,-99.907022,-96.030421,-69.954185,-59.360952,-53.804075,-34.633236,-54.881090,-57.952905,-99.864221,-99.988464,-99.887819,-101.147439,-56.512733,-65.350536,-53.335572,-42.952209,-54.810101,-56.111421
50.026400,41.700864,-100.065002,-99.988504,-99.844343,-95.925455,-69.495497,-60.176742,-57.541425,-32.817144,-55.064035,-57.829555,-99.852689,-99.973946,-99.910599,-99.532797,-57.572843,-65.880738,-55.078695,-41.772489,-53.929132,-55.152638
49.026400,42.700864,-99.650803,-99.843907,-98.657548,-92.472200,-72.518065,-51.368844,-46.272616,-35.780005,-57.725188,-61.567170,-99.606626,-99.688016,-99.232377,-87.274039,-59.492711,-62.905607,-47.035632,-45.443398,-53.461433,-65.075250
49.026400,44.700864,-99.701584,-99.846578,-98.685816,-91.815062,-73.696378,-51.340877,-47.831421,-37.782581,-54.463644,-60.946902,-99.613844,-99.665268,-99.363234,-86.000862,-60.591587,-63.486001,-47.633391,-47.588308,-50.512549,-63.510484
50.026400,44.700864,-100.041368,-99.999596,-100.069192,-95.004101,-70.934833,-60.474924,-62.834354,-34.775885,-51.598267,-56.209550,-99.863728,-99.962477,-100.037893,-98.456177,-59.149172,-66.498972,-56.639469,-48.491430,-51.118290,-53.946058
50.026400,46.700864,-100.030406,-99.982533,-100.153565,-96.751011,-71.247047,-64.000075,-63.833478,-38.893353,-49.183549,-58.117041,-99.873228,-99.970872,-99.910208,-99.667362,-59.242927,-68.695453,-57.934035,-53.208161,-48.472985,-53.550133
49.026400,47.700864,-99.774647,-99.810552,-99.096698,-95.454852,-74.405836,-54.054708,-50.225571,-42.431305,-49.375327,-59.953381,-99.634031,-99.678423,-99.429930,-91.875210,-59.979337,-64.252170,-48.603202,-51.145812,-45.517626,-61.109582
49.026400,49.700864,-99.815140,-99.791310,-99.378238,-96.443048,-74.346600,-55.132948,-52.424000,-45.794873,-44.824957,-58.448110,-99.637586,-99.687662,-99.453096,-96.953341,-58.690886,-64.705032,-49.413643,-52.831892,-42.502703,-59.550643
50.026400,49.700864,-100.020674,-99.957901,-99.248244,-97.903519,-70.570365,-66.103660,-65.828994,-44.363798,-43.976171,-56.937077,-99.860792,-99.978986,-99.557012,-100.877143,-58.591832,-67.569048,-58.501208,-58.577931,-44.312535,-53.666628
49.026400,52.700864,-99.869239,-99.800846,-100.088708,-96.862545,-72.660533,-56.404974,-55.033445,-50.356643,-38.305307,-54.429222,-99.640152,-99.687993,-99.509170,-100.702523,-57.522065,-65.417611,-50.912357,-54.910410,-39.708439,-57.137153
50.026400,52.700864,-100.015171,-99.967126,-99.662773,-98.312844,-70.767988,-67.627068,-64.195147,-50.238026,-37.728484,-50.794412,-99.875369,-99.970901,-100.216210,-100.009814,-58.592656,-68.421957,-58.241655,-63.490713,-41.374945,-54.208937
50.026400,54.700864,-100.017130,-99.981659,-101.494381,-98.182783,-69.302754,-67.762474,-67.095355,-51.847316,-34.277175,-50.522871,-99.859882,-99.968372,-100.899774,-100.206842,-59.127216,-68.552681,-61.405281,-63.554582,-40.720305,-54.349664
49.026400,55.700864,-99.918510,-99.830721,-95.848481,-96.800057,-70.868404,-57.647928,-58.042298,-55.199418,-35.953222,-51.785782,-99.647240,-99.703142,-97.394682,-99.367032,-57.935375,-66.301225,-52.330641,-56.025952,-39.906913,-54.262580
49.026400,57.700864,-99.946277,-99.830721,-86.591739,-96.361324,-70.593951,-59.456353,-58.500652,-57.568610,-38.692808,-49.258451,-99.646968,-99.719364,-93.981246,-95.515909,-58.572326,-66.984852,-52.886245,-57.840696,-41.687967,-51.892068
50.026400,57.700864,-100.023455,-99.988195,-101.619991,-97.825581,-69.321742,-70.164928,-69.806280,-56.523747,-36.785933,-46.101619,-99.851479,-99.979341,-100.219965,-101.058728,-60.171290,-69.372001,-62.959547,-64.049873,-41.896621,-53.418633
49.026400,60.700864,-99.980586,-99.792573,-73.076863,-93.504255,-71.634277,-61.753856,-57.732111,-58.582335,-44.074549,-46.053362,-99.646446,-99.718467,-89.882047,-87.572042,-59.266432,-68.003051,-52.935886,-60.966754,-45.973338,-47.633617
50.026400,60.700864,-100.028565,-99.965096,-97.546906,-96.421597,-71.144137,-70.142295,-70.787736,-56.116014,-44.228575,-44.474300,-99.869562,-99.979384,-98.571216,-99.437106,-60.889374,-70.588295,-62.613311,-65.791144,-44.940695,-50.507059
50.026400,62.700864,-100.035260,-99.944172,-99.537872,-94.399072,-72.380518,-70.551553,-73.243152,-58.903341,-46.274632,-41.190704,-99.840692,-99.956115,-99.345708,-98.496885,-61.153910,-70.573471,-62.993454,-65.819130,-47.325408,-47.583492
49.026400,63.700864,-100.000499,-99.753874,-84.873488,-91.003286,-72.513909,-63.649154,-59.198148,-60.681879,-49.774340,-42.253789,-99.630004,-99.659052,-93.475516,-85.891173,-59.980031,-68.749658,-52.517044,-63.036633,-50.701733,-43.187183
50.026400,64.700864,-100.035752,-99.948894,-102.353012,-94.676356,-73.398481,-71.213615,-75.654465,-61.354202,-50.558424,-38.265354,-99.828591,-99.936154,-100.661967,-99.282906,-61.586026,-70.751036,-62.283298,-65.617337,-49.535393,-44.378191
49.026400,65.700864,-100.001485,-99.770523,-94.624556,-92.680110,-72.201455,-65.193732,-60.250291,-61.414518,-52.799781,-38.542812,-99.615982,-99.632694,-96.922045,-90.274587,-61.116957,-68.986691,-52.465820,-64.326524,-53.392390,-40.866386
50.026400,67.700864,-100.018232,-100.023465,-100.802981,-95.819333,-72.275108,-70.256293,-76.442281,-62.895681,-54.255819,-31.532830,-99.867719,-99.996082,-100.665925,-101.489156,-63.052004,-68.500869,-59.682690,-65.323822,-52.072676,-40.687294
49.026400,68.700864,-99.973913,-99.861920,-99.599509,-89.948143,-70.585834,-66.648633,-62.010865,-60.347625,-56.470220,-36.036868,-99.574804,-99.695595,-99.221158,-98.203598,-63.557214,-68.954724,-53.427065,-63.404256,-56.302943,-39.760008
49.026400,70.700864,-99.925345,-99.898936,-99.399273,-88.278457,-68.860426,-67.445477,-64.206320,-58.516608,-56.581450,-37.202583,-99.531129,-99.763986,-99.388367,-100.574078,-64.345212,-68.782349,-54.998411,-61.954266,-57.619595,-41.227834
50.026400,70.700864,-99.982630,-100.119605,-99.576829,-92.432352,-71.955632,-69.020599,-74.112522,-58.649802,-56.133113,-33.134700,-99.796716,-100.144466,-100.033211,-100.479739,-64.201592,-70.046143,-61.180064,-63.198676,-53.788306,-40.104891
50.026400,72.700864,-99.936540,-100.071355,-100.303257,-90.654341,-71.593541,-68.712945,-72.906695,-57.016806,-54.909932,-35.979008,-99.789840,-100.137843,-100.174789,-98.745512,-63.452115,-69.685702,-61.971860,-64.811079,-54.836314,-42.302792
49.026400,73.700864,-99.741602,-99.614930,-98.460577,-86.329574,-67.894278,-68.298534,-70.237490,-55.857556,-54.240309,-40.158349,-99.340030,-99.485871,-99.083208,-100.357719,-62.415635,-68.599163,-58.781642,-63.383007,-59.284304,-46.892189
50.026400,73.700864,-99.853002,-99.912340,-100.269135,-89.038886,-71.112530,-68.654978,-72.843137,-56.495258,-53.304200,-37.605231,-99.671103,-99.966430,-100.127956,-98.029439,-62.546563,-69.555746,-62.650431,-65.485024,-55.433697,-44.143611
49.259300,-1.246414,-95.514620,-83.628304,-80.890318,-54.686237,-37.254537,-56.057102,-59.107389,-67.110738,-69.932093,-66.736567,-99.404715,-83.212910,-97.211937,-71.863580,-32.980233,-59.334673,-54.945554,-60.355074,-62.048019,-65.594281
50.000000,-1.246414,-96.720620,-82.810085,-87.506641,-54.753579,-33.936922,-53.910551,-58.665297,-63.155846,-67.179325,-62.272517,-99.280131,-83.795204,-101.022243,-70.632447,-30.597947,-56.333859,-51.292188,-58.067299,-57.694373,-57.878244
