1562906797.000000,37.128736,75.138663,-31.000000,-59.000000,-100.000000,-81.500000,-100.000000,-100.000000,-100.000000,-100.000000,-100.000000,-100.000000,-100.000000,-100.000000,-100.000000,-79.500000,-100.000000,-100.000000,-81.000000,-58.000000,-52.000000,-50.000000,-62.000000,-100.000000,-89.000000,-100.000000,-100.000000,-100.000000,-100.000000,-100.000000,-100.000000,-100.000000,-100.000000,-100.000000,-94.000000,-100.000000,-100.000000,-86.000000,-78.000000,-40.000000
1562906802.000000,37.066844,75.048600,-27.000000,-54.000000,-100.000000,-81.500000,-100.000000,-100.000000,-100.000000,-100.000000,-100.000000,-100.000000,-100.000000,-100.000000,-100.000000,-79.500000,-100.000000,-100.000000,-81.000000,-64.000000,-52.000000,-47.000000,-62.000000,-100.000000,-89.000000,-100.000000,-100.000000,-100.000000,-100.000000,-100.000000,-100.000000,-100.000000,-100.000000,-100.000000,-94.000000,-100.000000,-100.000000,-90.000000,-82.000000,-42.000000
1562906807.000000,37.080968,75.051715,-51.000000,-48.000000,-80.000000,-73.000000,-100.000000,-100.000000,-100.000000,-100.000000,-100.000000,-100.000000,-100.000000,-100.000000,-100.000000,-100.000000,-100.000000,-100.000000,-81.000000,-64.000000,-39.000000,-48.000000,-58.000000,-87.000000,-89.000000,-100.000000,-100.000000,-100.000000,-100.000000,-100.000000,-100.000000,-100.000000,-100.000000,-100.000000,-100.000000,-100.000000,-100.000000,-90.000000,-80.000000,-49.000000
1562906812.000000,37.104500,75.031049,-31.000000,-47.000000,-78.000000,-73.000000,-100.000000,-100.000000,-100.000000,-100.000000,-100.000000,-100.000000,-100.000000,-100.000000,-100.000000,-100.000000,-100.000000,-100.000000,-80.498564,-68.000000,-43.000000,-48.000000,-61.000000,-87.000000,-80.500000,-100.000000,-100.000000,-100.000000,-100.000000,-100.000000,-100.000000,-100.000000,-100.000000,-100.000000,-100.000000,-100.000000,-100.000000,-90.000000,-84.000000,-46.000000
1562906817.000000,36.745244,74.849151,-28.000000,-51.000000,-78.000000,-73.000000,-100.000000,-100.000000,-100.000000,-100.000000,-100.000000,-100.000000,-100.000000,-100.000000,-100.000000,-100.000000,-92.000000,-100.000000,-100.000000,-65.000000,-34.000000,-48.000000,-60.000000,-87.000000,-80.500000,-100.000000,-100.000000,-100.000000,-100.000000,-100.000000,-100.000000,-100.000000,-100.000000,-100.000000,-100.000000,-98.622891,-100.000000,-100.000000,-73.000000,-41.000000
1562906822.000000,34.239046,75.034021,-32.000000,-48.000000,-78.000000,-100.000000,-100.000000,-100.000000,-100.000000,-100.000000,-100.000000,-100.000000,-100.000000,-100.000000,-100.000000,-100.000000,-92.000000,-100.000000,-75.400193,-61.000000,-34.000000,-49.000000,-62.000000,-85.000000,-100.000000,-100.000000,-100.000000,-100.000000,-100.000000,-100.000000,-100.000000,-100.000000,-100.000000,-100.000000,-100.000000,-98.999478,-100.000000,-85.000000,-77.000000,-43.000000
1562906827.000000,31.758067,75.038193,-32.000000,-49.000000,-100.000000,-100.000000,-100.000000,-100.000000,-100.000000,-100.000000,-100.000000,-100.000000,-100.000000,-100.000000,-100.000000,-82.000000,-92.000000,-100.000000,-77.513439,-57.000000,-49.000000,-48.000000,-58.000000,-100.000000,-100.000000,-100.000000,-100.000000,-100.000000,-100.000000,-100.000000,-100.000000,-100.000000,-100.000000,-100.000000,-96.500000,-98.900807,-100.000000,-87.000000,-77.000000,-43.000000
1562906832.000000,29.279765,75.030834,-43.000000,-52.000000,-82.000000,-100.000000,-100.000000,-100.000000,-100.000000,-100.000000,-100.000000,-100.000000,-100.000000,-100.000000,-100.000000,-82.000000,-100.000000,-100.000000,-77.732418,-57.000000,-53.000000,-44.000000,-57.000000,-89.000000,-100.000000,-100.000000,-100.000000,-100.000000,-100.000000,-100.000000,-100.000000,-100.000000,-100.000000,-100.000000,-96.500000,-100.000000,-100.000000,-87.000000,-80.000000,-46.000000
1562906837.000000,26.782841,74.603556,-27.000000,-46.000000,-83.000000,-100.000000,-100.000000,-100.000000,-100.000000,-100.000000,-100.000000,-100.000000,-100.000000,-100.000000,-100.000000,-82.000000,-100.000000,-85.000000,-81.195576,-57.000000,-40.000000,-40.000000,-57.000000,-90.000000,-100.000000,-100.000000,-100.000000,-100.000000,-100.000000,-100.000000,-100.000000,-100.000000,-100.000000,-100.000000,-96.500000,-100.000000,-91.000000,-90.000000,-85.000000,-47.000000
1562906842.000000,24.296719,74.178141,-31.000000,-41.000000,-84.000000,-100.000000,-100.000000,-100.000000,-100.000000,-100.000000,-100.000000,-100.000000,-100.000000,-100.000000,-100.000000,-100.000000,-100.000000,-85.000000,-88.000000,-71.000000,-36.000000,-41.000000,-57.000000,-91.000000,-100.000000,-100.000000,-100.000000,-100.000000,-100.000000,-100.000000,-100.000000,-100.000000,-100.000000,-100.000000,-100.000000,-100.000000,-91.000000,-91.000000,-83.000000,-44.000000
1562906848.000000,22.661893,73.704154,-31.000000,-45.000000,-84.000000,-100.000000,-100.000000,-100.000000,-100.000000,-100.000000,-100.000000,-100.000000,-100.000000,-100.000000,-100.000000,-100.000000,-100.000000,-85.000000,-88.000000,-71.000000,-40.000000,-42.000000,-61.000000,-91.000000,-100.000000,-100.000000,-100.000000,-100.000000,-100.000000,-100.000000,-100.000000,-100.000000,-100.000000,-100.000000,-100.000000,-100.000000,-91.000000,-91.000000,-84.000000,-44.000000
1562906853.000000,22.599500,73.721454,-30.000000,-42.000000,-84.000000,-100.000000,-100.000000,-100.000000,-100.000000,-100.000000,-100.000000,-100.000000,-100.000000,-100.000000,-100.000000,-100.000000,-88.000000,-100.000000,-88.000000,-67.000000,-40.000000,-47.000000,-65.000000,-91.000000,-100.000000,-100.000000,-100.000000,-100.000000,-100.000000,-100.000000,-100.000000,-100.000000,-100.000000,-100.000000,-100.000000,-94.021733,-100.000000,-91.000000,-89.000000,-50.000000
1562906858.000000,22.593956,73.735801,-32.000000,-42.000000,-84.000000,-100.000000,-100.000000,-100.000000,-100.000000,-100.000000,-100.000000,-100.000000,-100.000000,-100.000000,-100.000000,-100.000000,-88.000000,-100.000000,-100.000000,-67.000000,-40.000000,-49.000000,-65.000000,-91.000000,-100.000000,-100.000000,-100.000000,-100.000000,-100.000000,-100.000000,-100.000000,-100.000000,-100.000000,-100.000000,-100.000000,-94.022530,-100.000000,-100.000000,-89.000000,-49.000000
1562906863.000000,22.589552,73.746676,-30.000000,-46.000000,-84.000000,-100.000000,-100.000000,-100.000000,-100.000000,-100.000000,-100.000000,-100.000000,-100.000000,-100.000000,-100.000000,-100.000000,-88.000000,-100.000000,-100.000000,-67.000000,-45.767546,-43.000000,-62.000000,-91.000000,-100.000000,-100.000000,-100.000000,-100.000000,-100.000000,-100.000000,-100.000000,-100.000000,-100.000000,-100.000000,-100.000000,-94.023148,-100.000000,-100.000000,-92.000000,-50.000000
1562906868.000000,22.589552,73.746676,-30.000000,-45.000000,-100.000000,-100.000000,-100.000000,-100.000000,-100.000000,-100.000000,-100.000000,-100.000000,-100.000000,-100.000000,-100.000000,-100.000000,-100.000000,-100.000000,-87.000000,-73.016818,-53.000000,-46.000000,-65.000000,-100.000000,-100.000000,-100.000000,-100.000000,-100.000000,-100.000000,-100.000000,-100.000000,-100.000000,-100.000000,-100.000000,-100.000000,-100.000000,-100.000000,-95.526026,-88.000000,-49.000000
1562906873.000000,22.596332,73.766978,-30.000000,-45.000000,-100.000000,-100.000000,-100.000000,-100.000000,-100.000000,-100.000000,-100.000000,-100.000000,-100.000000,-100.000000,-100.000000,-100.000000,-100.000000,-100.000000,-87.000000,-70.000000,-53.000000,-44.000000,-65.000000,-100.000000,-100.000000,-100.000000,-100.000000,-100.000000,-100.000000,-100.000000,-100.000000,-100.000000,-100.000000,-100.000000,-100.000000,-100.000000,-100.000000,-95.527412,-88.000000,-52.000000
1562906878.000000,22.563591,73.748610,-26.000000,-42.000000,-100.000000,-100.000000,-100.000000,-100.000000,-100.000000,-100.000000,-100.000000,-100.000000,-100.000000,-100.000000,-100.000000,-100.000000,-100.000000,-100.000000,-87.000000,-66.000000,-53.000000,-43.000000,-62.000000,-100.000000,-100.000000,-100.000000,-100.000000,-100.000000,-100.000000,-100.000000,-100.000000,-100.000000,-100.000000,-100.000000,-100.000000,-100.000000,-100.000000,-95.526026,-85.000000,-46.000000
1562906883.000000,22.548242,73.710112,-25.000000,-45.000000,-88.000000,-100.000000,-100.000000,-100.000000,-100.000000,-100.000000,-100.000000,-100.000000,-100.000000,-100.000000,-100.000000,-100.000000,-100.000000,-100.000000,-100.000000,-66.000000,-41.855701,-42.000000,-62.000000,-95.000000,-100.000000,-100.000000,-100.000000,-100.000000,-100.000000,-100.000000,-100.000000,-100.000000,-100.000000,-100.000000,-100.000000,-100.000000,-100.000000,-100.000000,-85.000000,-46.000000
1562906888.000000,23.344008,73.877808,-29.000000,-46.000000,-88.000000,-100.000000,-100.000000,-100.000000,-100.000000,-100.000000,-100.000000,-100.000000,-100.000000,-100.000000,-100.000000,-100.000000,-100.000000,-100.000000,-100.000000,-66.000000,-54.000000,-47.000000,-61.000000,-95.000000,-100.000000,-100.000000,-100.000000,-100.000000,-100.000000,-100.000000,-100.000000,-100.000000,-100.000000,-100.000000,-100.000000,-100.000000,-100.000000,-100.000000,-89.000000,-52.000000
1562906893.000000,25.857695,74.038245,-35.000000,-46.000000,-88.000000,-100.000000,-100.000000,-100.000000,-100.000000,-100.000000,-100.000000,-100.000000,-100.000000,-100.000000,-100.000000,-100.000000,-100.000000,-100.000000,-100.000000,-80.000000,-54.000000,-43.000000,-53.000000,-95.000000,-100.000000,-100.000000,-100.000000,-100.000000,-100.000000,-100.000000,-100.000000,-100.000000,-100.000000,-100.000000,-100.000000,-100.000000,-100.000000,-100.000000,-88.000000,-55.000000
1562906898.000000,28.470297,73.698354,-53.000000,-37.000000,-79.000000,-78.000000,-100.000000,-100.000000,-100.000000,-100.000000,-100.000000,-100.000000,-100.000000,-100.000000,-100.000000,-100.000000,-100.000000,-100.000000,-100.000000,-76.000000,-54.000000,-41.000000,-47.000000,-86.000000,-85.500000,-100.000000,-100.000000,-100.000000,-100.000000,-100.000000,-100.000000,-100.000000,-100.000000,-100.000000,-100.000000,-100.000000,-100.000000,-100.000000,-88.000000,-52.000000
1562906903.000000,28.874457,73.564945,-33.000000,-36.000000,-79.000000,-78.000000,-100.000000,-100.000000,-100.000000,-100.000000,-100.000000,-100.000000,-100.000000,-100.000000,-100.000000,-100.000000,-100.000000,-100.000000,-88.000000,-76.000000,-40.000000,-38.000000,-47.000000,-90.000000,-85.500000,-100.000000,-100.000000,-100.000000,-100.000000,-100.000000,-100.000000,-100.000000,-100.000000,-100.000000,-100.000000,-100.000000,-100.000000,-96.527642,-88.000000,-54.000000
1562906908.000000,30.995804,73.512648,-34.000000,-47.000000,-81.000000,-78.000000,-100.000000,-100.000000,-100.000000,-100.000000,-100.000000,-100.000000,-100.000000,-100.000000,-100.000000,-100.000000,-100.000000,-100.000000,-88.000000,-76.000000,-40.000000,-45.000000,-52.000000,-90.000000,-87.000000,-100.000000,-100.000000,-100.000000,-100.000000,-100.000000,-100.000000,-100.000000,-100.000000,-100.000000,-100.000000,-100.000000,-100.000000,-90.000000,-90.000000,-52.000000
1562906913.000000,31.637504,73.668152,-34.000000,-43.000000,-81.000000,-77.000000,-100.000000,-100.000000,-100.000000,-100.000000,-100.000000,-100.000000,-100.000000,-100.000000,-100.000000,-100.000000,-100.000000,-100.000000,-88.000000,-74.555840,-40.000000,-45.000000,-57.000000,-90.000000,-87.000000,-100.000000,-100.000000,-100.000000,-100.000000,-100.000000,-100.000000,-100.000000,-100.000000,-100.000000,-100.000000,-100.000000,-100.000000,-90.000000,-89.000000,-54.000000
1562906918.000000,32.093717,74.190375,-34.000000,-47.000000,-81.000000,-77.000000,-100.000000,-100.000000,-100.000000,-100.000000,-100.000000,-100.000000,-100.000000,-100.000000,-100.000000,-100.000000,-100.000000,-100.000000,-88.000000,-66.768829,-45.776652,-42.000000,-57.000000,-88.000000,-87.000000,-100.000000,-100.000000,-100.000000,-100.000000,-100.000000,-100.000000,-100.000000,-100.000000,-100.000000,-100.000000,-100.000000,-100.000000,-90.000000,-83.000000,-48.000000
1562906923.000000,32.088915,74.198010,-34.000000,-40.000000,-77.000000,-77.000000,-100.000000,-100.000000,-100.000000,-100.000000,-100.000000,-100.000000,-100.000000,-100.000000,-100.000000,-100.000000,-100.000000,-100.000000,-86.000000,-74.000000,-57.000000,-40.000000,-51.000000,-84.000000,-84.500000,-100.000000,-100.000000,-100.000000,-100.000000,-100.000000,-100.000000,-100.000000,-100.000000,-100.000000,-100.000000,-100.000000,-100.000000,-94.691517,-83.000000,-52.000000
1562906928.000000,32.085219,74.135849,-34.000000,-38.000000,-70.000000,-74.000000,-100.000000,-100.000000,-100.000000,-100.000000,-100.000000,-100.000000,-100.000000,-100.000000,-100.000000,-100.000000,-100.000000,-100.000000,-86.000000,-74.000000,-57.000000,-43.000000,-51.000000,-84.000000,-81.500000,-100.000000,-100.000000,-100.000000,-100.000000,-100.000000,-100.000000,-100.000000,-100.000000,-100.000000,-100.000000,-100.000000,-100.000000,-94.659560,-82.000000,-51.000000
1562906933.000000,30.756445,74.000564,-51.000000,-42.000000,-70.000000,-74.000000,-100.000000,-100.000000,-100.000000,-100.000000,-100.000000,-100.000000,-100.000000,-100.000000,-100.000000,-100.000000,-100.000000,-100.000000,-81.000000,-70.000000,-57.000000,-43.000000,-55.000000,-84.000000,-81.500000,-100.000000,-100.000000,-100.000000,-100.000000,-100.000000,-100.000000,-100.000000,-100.000000,-100.000000,-100.000000,-100.000000,-100.000000,-84.000000,-82.000000,-43.000000
1562906938.000000,28.244202,74.189714,-51.000000,-54.000000,-70.000000,-74.000000,-100.000000,-100.000000,-100.000000,-100.000000,-100.000000,-100.000000,-100.000000,-100.000000,-100.000000,-100.000000,-100.000000,-100.000000,-81.000000,-70.000000,-42.641697,-43.000000,-57.000000,-77.000000,-81.500000,-100.000000,-100.000000,-100.000000,-100.000000,-100.000000,-100.000000,-100.000000,-100.000000,-100.000000,-100.000000,-100.000000,-100.000000,-88.000000,-81.000000,-46.000000
1562906943.000000,25.724006,74.193921,-38.000000,-48.000000,-80.000000,-100.000000,-100.000000,-100.000000,-100.000000,-100.000000,-100.000000,-100.000000,-100.000000,-100.000000,-100.000000,-100.000000,-100.000000,-100.000000,-81.000000,-66.000000,-34.000000,-43.000000,-59.000000,-87.000000,-100.000000,-100.000000,-100.000000,-100.000000,-100.000000,-100.000000,-100.000000,-100.000000,-100.000000,-100.000000,-100.000000,-100.000000,-100.000000,-90.000000,-85.000000,-46.000000
1562906948.000000,23.236549,74.184167,-34.000000,-52.000000,-79.000000,-100.000000,-100.000000,-100.000000,-100.000000,-100.000000,-100.000000,-100.000000,-100.000000,-100.000000,-100.000000,-100.000000,-100.000000,-100.000000,-81.000000,-66.000000,-34.000000,-39.000000,-61.000000,-86.000000,-100.000000,-100.000000,-100.000000,-100.000000,-100.000000,-100.000000,-100.000000,-100.000000,-100.000000,-100.000000,-100.000000,-100.000000,-100.000000,-90.000000,-85.000000,-52.000000
1562906953.000000,20.710152,74.293410,-30.000000,-42.000000,-79.000000,-100.000000,-100.000000,-100.000000,-100.000000,-100.000000,-100.000000,-100.000000,-100.000000,-100.000000,-100.000000,-100.000000,-100.000000,-100.000000,-81.000000,-66.000000,-37.000000,-43.000000,-63.000000,-86.000000,-100.000000,-100.000000,-100.000000,-100.000000,-100.000000,-100.000000,-100.000000,-100.000000,-100.000000,-100.000000,-100.000000,-100.000000,-100.000000,-88.000000,-87.000000,-48.000000
1562906958.000000,20.192194,74.399364,-26.000000,-43.000000,-79.000000,-100.000000,-100.000000,-100.000000,-100.000000,-100.000000,-100.000000,-100.000000,-100.000000,-100.000000,-100.000000,-100.000000,-100.000000,-100.000000,-81.000000,-68.000000,-37.000000,-47.000000,-60.000000,-86.000000,-100.000000,-100.000000,-100.000000,-100.000000,-100.000000,-100.000000,-100.000000,-100.000000,-100.000000,-100.000000,-100.000000,-100.000000,-100.000000,-88.000000,-89.000000,-52.000000
1562906963.000000,20.188733,74.422602,-32.000000,-55.000000,-100.000000,-100.000000,-100.000000,-100.000000,-100.000000,-100.000000,-100.000000,-100.000000,-100.000000,-100.000000,-100.000000,-100.000000,-100.000000,-100.000000,-79.438553,-68.000000,-45.000000,-45.000000,-63.000000,-100.000000,-100.000000,-100.000000,-100.000000,-100.000000,-100.000000,-100.000000,-100.000000,-100.000000,-100.000000,-100.000000,-100.000000,-100.000000,-100.000000,-88.000000,-89.000000,-57.000000
1562906968.000000,20.349680,74.904125,-32.000000,-55.000000,-100.000000,-100.000000,-100.000000,-100.000000,-100.000000,-100.000000,-100.000000,-100.000000,-100.000000,-100.000000,-100.000000,-100.000000,-100.000000,-100.000000,-100.000000,-68.000000,-45.000000,-48.000000,-65.000000,-100.000000,-100.000000,-100.000000,-100.000000,-100.000000,-100.000000,-100.000000,-100.000000,-100.000000,-100.000000,-100.000000,-100.000000,-100.000000,-100.000000,-100.000000,-89.000000,-58.000000
1562906973.000000,20.347755,75.255080,-34.000000,-58.000000,-100.000000,-85.000000,-100.000000,-100.000000,-100.000000,-100.000000,-100.000000,-100.000000,-100.000000,-100.000000,-100.000000,-100.000000,-100.000000,-100.000000,-100.000000,-73.600757,-45.000000,-46.000000,-57.000000,-100.000000,-92.500000,-100.000000,-100.000000,-100.000000,-100.000000,-100.000000,-100.000000,-100.000000,-100.000000,-100.000000,-100.000000,-100.000000,-100.000000,-100.000000,-89.000000,-58.000000
1562906978.000000,20.347274,75.279385,-53.000000,-44.000000,-100.000000,-85.000000,-100.000000,-100.000000,-100.000000,-100.000000,-100.000000,-100.000000,-100.000000,-100.000000,-100.000000,-100.000000,-100.000000,-100.000000,-100.000000,-72.653881,-50.959580,-42.000000,-57.000000,-100.000000,-92.500000,-100.000000,-100.000000,-100.000000,-100.000000,-100.000000,-100.000000,-100.000000,-100.000000,-100.000000,-100.000000,-100.000000,-100.000000,-100.000000,-88.000000,-59.000000
1562906983.000000,20.243675,75.335287,-34.000000,-43.000000,-82.000000,-85.000000,-100.000000,-100.000000,-100.000000,-100.000000,-100.000000,-100.000000,-100.000000,-100.000000,-100.000000,-100.000000,-100.000000,-100.000000,-81.324786,-72.828958,-41.000000,-42.000000,-54.000000,-89.000000,-92.500000,-100.000000,-100.000000,-100.000000,-100.000000,-100.000000,-100.000000,-100.000000,-100.000000,-100.000000,-100.000000,-100.000000,-100.000000,-90.000000,-88.000000,-56.000000
1562906988.000000,20.301351,75.333361,-32.000000,-44.000000,-82.000000,-100.000000,-100.000000,-100.000000,-100.000000,-100.000000,-100.000000,-100.000000,-100.000000,-100.000000,-100.000000,-100.000000,-100.000000,-100.000000,-81.322374,-74.798371,-41.000000,-46.000000,-55.000000,-89.000000,-100.000000,-100.000000,-100.000000,-100.000000,-100.000000,-100.000000,-100.000000,-100.000000,-100.000000,-100.000000,-100.000000,-100.000000,-100.000000,-90.000000,-90.000000,-59.000000
1562906993.000000,22.662431,75.314542,-32.000000,-39.000000,-82.000000,-80.500000,-100.000000,-100.000000,-100.000000,-100.000000,-100.000000,-100.000000,-100.000000,-100.000000,-100.000000,-100.000000,-100.000000,-100.000000,-81.189163,-72.734272,-41.000000,-45.000000,-52.000000,-89.000000,-88.000000,-100.000000,-100.000000,-100.000000,-100.000000,-100.000000,-100.000000,-100.000000,-100.000000,-100.000000,-100.000000,-100.000000,-100.000000,-90.000000,-89.000000,-54.000000
1562906998.000000,25.234031,75.332074,-32.000000,-44.000000,-78.000000,-75.500000,-78.000000,-100.000000,-100.000000,-100.000000,-100.000000,-100.000000,-100.000000,-100.000000,-100.000000,-100.000000,-100.000000,-100.000000,-100.000000,-73.000000,-50.846728,-45.000000,-50.000000,-85.000000,-83.000000,-90.000000,-100.000000,-100.000000,-100.000000,-100.000000,-100.000000,-100.000000,-100.000000,-100.000000,-100.000000,-100.000000,-100.000000,-100.000000,-89.000000,-55.000000
1562907004.000000,27.910951,75.318000,-32.000000,-39.000000,-78.000000,-72.000000,-77.000000,-100.000000,-100.000000,-100.000000,-100.000000,-100.000000,-100.000000,-100.000000,-100.000000,-100.000000,-100.000000,-100.000000,-100.000000,-77.000000,-49.104085,-41.000000,-44.000000,-85.000000,-85.000000,-90.000000,-100.000000,-100.000000,-100.000000,-100.000000,-100.000000,-100.000000,-100.000000,-100.000000,-100.000000,-100.000000,-100.000000,-100.000000,-89.000000,-51.000000
1562907009.000000,30.475639,75.316157,-28.000000,-43.000000,-78.000000,-72.000000,-77.000000,-100.000000,-100.000000,-100.000000,-100.000000,-100.000000,-100.000000,-100.000000,-100.000000,-100.000000,-100.000000,-100.000000,-100.000000,-69.000000,-49.756302,-42.000000,-45.000000,-85.000000,-85.000000,-88.000000,-100.000000,-100.000000,-100.000000,-100.000000,-100.000000,-100.000000,-100.000000,-100.000000,-100.000000,-100.000000,-100.000000,-100.000000,-85.000000,-50.000000
1562907014.000000,33.027883,75.331875,-28.000000,-47.000000,-78.000000,-72.000000,-77.000000,-100.000000,-100.000000,-100.000000,-100.000000,-100.000000,-100.000000,-100.000000,-100.000000,-100.000000,-100.000000,-100.000000,-81.007850,-69.000000,-42.000000,-42.000000,-54.000000,-85.000000,-85.000000,-88.000000,-100.000000,-100.000000,-100.000000,-100.000000,-100.000000,-100.000000,-100.000000,-100.000000,-100.000000,-100.000000,-100.000000,-91.000000,-81.000000,-50.000000
1562907019.000000,35.557167,75.334719,-45.000000,-43.000000,-78.000000,-82.500000,-76.000000,-100.000000,-100.000000,-100.000000,-100.000000,-100.000000,-100.000000,-100.000000,-100.000000,-100.000000,-100.000000,-100.000000,-80.852522,-69.000000,-39.000000,-46.000000,-54.000000,-85.000000,-90.000000,-88.000000,-100.000000,-100.000000,-100.000000,-100.000000,-100.000000,-100.000000,-100.000000,-100.000000,-100.000000,-100.000000,-100.000000,-91.000000,-77.000000,-47.000000
1562907024.000000,37.968489,75.269819,-29.000000,-47.000000,-78.000000,-82.500000,-100.000000,-100.000000,-100.000000,-100.000000,-100.000000,-100.000000,-100.000000,-100.000000,-100.000000,-100.000000,-100.000000,-100.000000,-87.000000,-66.000000,-39.000000,-46.000000,-57.000000,-85.000000,-90.000000,-100.000000,-100.000000,-100.000000,-100.000000,-100.000000,-100.000000,-100.000000,-100.000000,-100.000000,-100.000000,-100.000000,-100.000000,-91.000000,-79.000000,-48.000000
1562907029.000000,40.461467,75.274218,-41.000000,-48.000000,-78.000000,-74.500000,-100.000000,-100.000000,-100.000000,-100.000000,-100.000000,-100.000000,-100.000000,-100.000000,-100.000000,-100.000000,-100.000000,-100.000000,-87.000000,-66.000000,-39.000000,-46.000000,-56.000000,-85.000000,-82.000000,-100.000000,-100.000000,-100.000000,-100.000000,-100.000000,-100.000000,-100.000000,-100.000000,-100.000000,-100.000000,-100.000000,-100.000000,-96.499249,-70.000000,-46.000000
1562907034.000000,42.949819,75.274721,-29.000000,-44.000000,-73.000000,-74.500000,-100.000000,-100.000000,-100.000000,-100.000000,-100.000000,-100.000000,-100.000000,-100.000000,-100.000000,-100.000000,-88.000000,-100.000000,-87.000000,-57.000000,-39.000000,-44.000000,-56.000000,-85.000000,-82.000000,-100.000000,-100.000000,-100.000000,-100.000000,-100.000000,-100.000000,-100.000000,-100.000000,-100.000000,-100.000000,-94.239995,-100.000000,-95.787812,-70.000000,-44.000000
1562907039.000000,45.580316,75.261894,-32.000000,-50.000000,-73.000000,-78.500000,-79.000000,-100.000000,-100.000000,-100.000000,-100.000000,-100.000000,-100.000000,-100.000000,-100.000000,-100.000000,-88.000000,-100.000000,-75.191260,-57.000000,-40.000000,-43.000000,-58.000000,-85.000000,-86.000000,-91.000000,-100.000000,-100.000000,-100.000000,-100.000000,-100.000000,-100.000000,-100.000000,-100.000000,-100.000000,-93.331094,-100.000000,-83.000000,-62.000000,-41.000000
1562907044.000000,47.844576,74.884601,-34.000000,-50.000000,-77.000000,-78.500000,-79.000000,-100.000000,-100.000000,-100.000000,-100.000000,-100.000000,-100.000000,-100.000000,-100.000000,-73.500000,-88.000000,-72.000000,-74.415922,-49.000000,-40.000000,-44.000000,-59.000000,-85.000000,-86.000000,-91.000000,-100.000000,-100.000000,-100.000000,-100.000000,-100.000000,-100.000000,-100.000000,-100.000000,-88.000000,-86.000000,-78.000000,-81.000000,-50.000000,-43.000000
1562907049.000000,48.094572,74.822836,-31.000000,-53.000000,-77.000000,-78.500000,-79.000000,-100.000000,-100.000000,-100.000000,-100.000000,-100.000000,-100.000000,-100.000000,-100.000000,-71.500000,-79.000000,-72.000000,-67.492567,-49.000000,-40.000000,-44.000000,-57.000000,-84.000000,-86.000000,-91.000000,-100.000000,-100.000000,-100.000000,-100.000000,-100.000000,-100.000000,-100.000000,-100.000000,-86.000000,-81.000000,-78.000000,-74.000000,-48.000000,-45.000000
1562907055.000000,48.185397,74.908161,-34.000000,-56.000000,-77.000000,-100.000000,-100.000000,-100.000000,-100.000000,-100.000000,-100.000000,-100.000000,-100.000000,-100.000000,-68.000000,-70.000000,-74.000000,-71.000000,-59.495824,-44.000000,-44.000000,-51.000000,-63.000000,-84.000000,-100.000000,-100.000000,-100.000000,-100.000000,-100.000000,-100.000000,-100.000000,-100.000000,-100.000000,-86.000000,-80.000000,-76.000000,-78.000000,-66.000000,-46.000000,-47.000000
1562907060.000000,48.272117,75.543451,-42.000000,-59.000000,-100.000000,-100.000000,-100.000000,-100.000000,-100.000000,-100.000000,-100.000000,-100.000000,-100.000000,-100.000000,-61.000000,-62.000000,-70.000000,-61.000000,-49.000000,-33.000000,-40.000000,-61.000000,-73.000000,-100.000000,-100.000000,-100.000000,-100.000000,-100.000000,-100.000000,-100.000000,-100.000000,-100.000000,-100.000000,-79.000000,-76.000000,-65.000000,-65.000000,-54.000000,-50.000000,-45.000000
1562907065.000000,48.274230,75.555639,-49.000000,-65.000000,-100.000000,-100.000000,-100.000000,-100.000000,-100.000000,-100.000000,-100.000000,-100.000000,-100.000000,-100.000000,-59.000000,-63.000000,-70.000000,-60.000000,-55.000000,-29.000000,-40.000000,-55.000000,-75.000000,-100.000000,-100.000000,-100.000000,-100.000000,-100.000000,-100.000000,-100.000000,-100.000000,-100.000000,-100.000000,-77.000000,-74.000000,-71.000000,-58.000000,-51.000000,-45.000000,-46.000000
1562907070.000000,48.272294,75.581573,-37.000000,-67.000000,-100.000000,-100.000000,-100.000000,-100.000000,-100.000000,-100.000000,-100.000000,-100.000000,-100.000000,-100.000000,-61.000000,-63.000000,-74.000000,-60.000000,-48.000000,-53.000000,-47.000000,-45.000000,-67.000000,-100.000000,-100.000000,-100.000000,-100.000000,-100.000000,-100.000000,-100.000000,-100.000000,-100.000000,-100.000000,-81.000000,-81.000000,-75.000000,-74.000000,-61.000000,-49.000000,-46.000000
1562907075.000000,48.272629,75.597055,-35.000000,-64.000000,-82.000000,-100.000000,-100.000000,-100.000000,-100.000000,-100.000000,-100.000000,-100.000000,-100.000000,-100.000000,-61.000000,-62.000000,-74.000000,-60.000000,-52.000000,-37.000000,-47.000000,-49.000000,-71.000000,-89.000000,-100.000000,-100.000000,-100.000000,-100.000000,-100.000000,-100.000000,-100.000000,-100.000000,-100.000000,-81.000000,-81.000000,-74.000000,-74.000000,-58.000000,-49.000000,-45.000000
1562907080.000000,48.172197,75.799896,-45.000000,-58.000000,-82.000000,-100.000000,-100.000000,-100.000000,-100.000000,-100.000000,-100.000000,-100.000000,-100.000000,-100.000000,-61.000000,-65.000000,-72.000000,-60.000000,-48.000000,-30.000000,-43.000000,-50.000000,-70.000000,-89.000000,-100.000000,-100.000000,-100.000000,-100.000000,-100.000000,-100.000000,-100.000000,-100.000000,-100.000000,-77.000000,-80.000000,-73.000000,-62.000000,-54.000000,-43.000000,-48.000000
1562907085.000000,47.228059,76.049047,-38.000000,-53.000000,-82.000000,-100.000000,-100.000000,-100.000000,-100.000000,-100.000000,-100.000000,-100.000000,-100.000000,-100.000000,-59.000000,-73.000000,-72.000000,-71.000000,-56.000000,-34.000000,-43.000000,-50.000000,-72.000000,-89.000000,-100.000000,-100.000000,-100.000000,-100.000000,-100.000000,-100.000000,-100.000000,-100.000000,-100.000000,-77.000000,-84.000000,-81.000000,-77.000000,-67.000000,-47.000000,-48.000000
1562907090.000000,44.685969,75.827789,-37.000000,-63.000000,-88.000000,-100.000000,-100.000000,-100.000000,-100.000000,-100.000000,-100.000000,-100.000000,-100.000000,-100.000000,-67.000000,-73.000000,-72.000000,-75.000000,-56.000000,-46.000000,-43.000000,-53.000000,-67.000000,-95.000000,-100.000000,-100.000000,-100.000000,-100.000000,-100.000000,-100.000000,-100.000000,-100.000000,-100.000000,-85.000000,-84.000000,-89.000000,-81.000000,-77.000000,-58.000000,-47.000000
1562907095.000000,42.121792,75.831677,-37.000000,-59.000000,-88.000000,-100.000000,-100.000000,-100.000000,-100.000000,-100.000000,-100.000000,-100.000000,-100.000000,-100.000000,-67.000000,-73.000000,-82.227333,-80.000000,-68.000000,-49.000000,-33.489114,-54.000000,-65.000000,-95.000000,-100.000000,-100.000000,-100.000000,-100.000000,-100.000000,-100.000000,-100.000000,-100.000000,-100.000000,-85.000000,-84.000000,-90.000000,-86.000000,-79.000000,-67.000000,-38.000000
1562907100.000000,39.568038,75.838713,-38.000000,-63.000000,-88.000000,-100.000000,-100.000000,-100.000000,-100.000000,-100.000000,-100.000000,-100.000000,-100.000000,-100.000000,-67.000000,-100.000000,-81.766251,-80.000000,-68.000000,-55.000000,-26.000000,-54.000000,-66.000000,-92.000000,-100.000000,-100.000000,-100.000000,-100.000000,-100.000000,-100.000000,-100.000000,-100.000000,-100.000000,-85.000000,-100.000000,-90.000000,-86.000000,-83.000000,-70.000000,-42.000000
1562907106.000000,36.986711,75.839775,-34.000000,-59.000000,-85.000000,-100.000000,-100.000000,-100.000000,-100.000000,-100.000000,-100.000000,-100.000000,-100.000000,-100.000000,-100.000000,-100.000000,-81.675535,-80.000000,-68.000000,-54.000000,-31.000000,-52.000000,-66.000000,-92.000000,-100.000000,-100.000000,-100.000000,-100.000000,-100.000000,-100.000000,-100.000000,-100.000000,-100.000000,-100.000000,-100.000000,-90.000000,-86.000000,-84.000000,-68.000000,-40.000000
1562907111.000000,34.431309,75.844761,-33.000000,-53.000000,-85.000000,-100.000000,-100.000000,-100.000000,-100.000000,-100.000000,-100.000000,-100.000000,-100.000000,-100.000000,-100.000000,-100.000000,-100.000000,-84.000000,-71.224575,-54.000000,-51.000000,-48.000000,-66.000000,-92.000000,-100.000000,-100.000000,-100.000000,-100.000000,-100.000000,-100.000000,-100.000000,-100.000000,-100.000000,-100.000000,-100.000000,-100.000000,-90.000000,-82.000000,-77.000000,-42.000000
1562907116.000000,31.888544,75.842371,-33.000000,-53.000000,-100.000000,-100.000000,-100.000000,-100.000000,-100.000000,-100.000000,-100.000000,-100.000000,-100.000000,-100.000000,-100.000000,-100.000000,-100.000000,-84.000000,-74.655515,-60.000000,-51.000000,-45.000000,-64.000000,-100.000000,-100.000000,-100.000000,-100.000000,-100.000000,-100.000000,-100.000000,-100.000000,-100.000000,-100.000000,-100.000000,-100.000000,-100.000000,-90.000000,-85.000000,-81.000000,-41.000000
1562907121.000000,29.402360,75.831822,-31.000000,-56.000000,-100.000000,-100.000000,-100.000000,-100.000000,-100.000000,-100.000000,-100.000000,-100.000000,-100.000000,-100.000000,-100.000000,-100.000000,-100.000000,-84.000000,-78.139986,-60.000000,-51.000000,-43.000000,-60.000000,-100.000000,-100.000000,-100.000000,-100.000000,-100.000000,-100.000000,-100.000000,-100.000000,-100.000000,-100.000000,-100.000000,-100.000000,-100.000000,-90.000000,-88.000000,-79.000000,-43.000000
1562907126.000000,26.912869,75.833769,-33.000000,-56.000000,-100.000000,-100.000000,-100.000000,-100.000000,-100.000000,-100.000000,-100.000000,-100.000000,-100.000000,-100.000000,-100.000000,-100.000000,-100.000000,-100.000000,-79.000000,-60.000000,-37.000000,-38.000000,-59.000000,-100.000000,-100.000000,-100.000000,-100.000000,-100.000000,-100.000000,-100.000000,-100.000000,-100.000000,-100.000000,-100.000000,-100.000000,-100.000000,-100.000000,-90.000000,-80.000000,-45.000000
1562907131.000000,24.361635,75.837462,-46.000000,-48.000000,-85.000000,-82.000000,-100.000000,-100.000000,-100.000000,-100.000000,-100.000000,-100.000000,-100.000000,-100.000000,-100.000000,-100.000000,-100.000000,-100.000000,-79.000000,-68.000000,-36.000000,-37.000000,-53.000000,-92.000000,-90.000000,-100.000000,-100.000000,-100.000000,-100.000000,-100.000000,-100.000000,-100.000000,-100.000000,-100.000000,-100.000000,-100.000000,-100.000000,-88.000000,-84.000000,-44.000000
1562907136.000000,21.913037,75.856659,-34.000000,-44.000000,-85.000000,-82.000000,-100.000000,-100.000000,-100.000000,-100.000000,-100.000000,-100.000000,-100.000000,-100.000000,-100.000000,-100.000000,-90.000000,-100.000000,-79.000000,-74.000000,-36.000000,-37.000000,-53.000000,-89.000000,-81.000000,-100.000000,-100.000000,-100.000000,-100.000000,-100.000000,-100.000000,-100.000000,-100.000000,-100.000000,-100.000000,-96.300207,-100.000000,-88.000000,-84.000000,-44.000000
1562907141.000000,20.273501,76.023055,-31.000000,-43.000000,-79.000000,-82.000000,-100.000000,-100.000000,-100.000000,-100.000000,-100.000000,-100.000000,-100.000000,-100.000000,-100.000000,-100.000000,-90.000000,-100.000000,-79.285271,-71.000000,-36.000000,-46.000000,-55.000000,-88.000000,-81.000000,-100.000000,-100.000000,-100.000000,-100.000000,-100.000000,-100.000000,-100.000000,-100.000000,-100.000000,-100.000000,-96.198893,-100.000000,-88.000000,-86.000000,-52.000000
1562907146.000000,20.250626,76.057298,-33.000000,-47.000000,-79.000000,-73.500000,-100.000000,-100.000000,-100.000000,-100.000000,-100.000000,-100.000000,-100.000000,-100.000000,-100.000000,-100.000000,-90.000000,-100.000000,-100.000000,-72.000000,-49.938677,-47.000000,-54.000000,-84.000000,-81.000000,-100.000000,-100.000000,-100.000000,-100.000000,-100.000000,-100.000000,-100.000000,-100.000000,-100.000000,-100.000000,-96.197103,-100.000000,-100.000000,-86.000000,-56.000000
1562907151.000000,20.250626,76.057298,-37.000000,-37.000000,-79.000000,-75.500000,-78.000000,-100.000000,-100.000000,-100.000000,-100.000000,-100.000000,-100.000000,-100.000000,-100.000000,-100.000000,-100.000000,-100.000000,-100.000000,-75.000000,-47.938677,-47.000000,-50.000000,-84.000000,-83.000000,-90.000000,-100.000000,-100.000000,-100.000000,-100.000000,-100.000000,-100.000000,-100.000000,-100.000000,-100.000000,-100.000000,-100.000000,-100.000000,-86.000000,-54.000000
1562907156.000000,20.287882,76.000915,-38.000000,-40.000000,-79.000000,-75.500000,-78.000000,-100.000000,-100.000000,-100.000000,-100.000000,-100.000000,-100.000000,-100.000000,-100.000000,-100.000000,-100.000000,-100.000000,-87.000000,-76.000000,-53.000000,-49.000000,-56.000000,-84.000000,-83.000000,-90.000000,-100.000000,-100.000000,-100.000000,-100.000000,-100.000000,-100.000000,-100.000000,-100.000000,-100.000000,-100.000000,-100.000000,-95.715843,-87.000000,-57.000000
1562907161.000000,20.206738,75.988616,-34.000000,-44.000000,-79.000000,-79.500000,-78.000000,-100.000000,-100.000000,-100.000000,-100.000000,-100.000000,-100.000000,-100.000000,-100.000000,-100.000000,-100.000000,-100.000000,-87.000000,-70.000000,-51.000000,-45.000000,-58.000000,-88.000000,-87.000000,-90.000000,-100.000000,-100.000000,-100.000000,-100.000000,-100.000000,-100.000000,-100.000000,-100.000000,-100.000000,-100.000000,-100.000000,-95.711372,-87.000000,-51.000000
1562907166.000000,19.946738,76.658324,-33.000000,-44.000000,-76.000000,-79.500000,-100.000000,-100.000000,-100.000000,-100.000000,-100.000000,-100.000000,-100.000000,-100.000000,-100.000000,-100.000000,-100.000000,-100.000000,-87.000000,-71.000000,-43.000000,-41.000000,-54.000000,-88.000000,-87.000000,-100.000000,-100.000000,-100.000000,-100.000000,-100.000000,-100.000000,-100.000000,-100.000000,-100.000000,-100.000000,-100.000000,-100.000000,-95.652365,-87.000000,-56.000000
1562907171.000000,20.108785,76.920688,-33.000000,-40.000000,-76.000000,-75.500000,-100.000000,-100.000000,-100.000000,-100.000000,-100.000000,-100.000000,-100.000000,-100.000000,-100.000000,-100.000000,-100.000000,-100.000000,-100.000000,-71.000000,-55.000000,-44.000000,-50.000000,-81.000000,-83.000000,-100.000000,-100.000000,-100.000000,-100.000000,-100.000000,-100.000000,-100.000000,-100.000000,-100.000000,-100.000000,-100.000000,-100.000000,-100.000000,-87.000000,-57.000000
1562907176.000000,21.863135,76.902581,-53.000000,-36.000000,-76.000000,-70.500000,-79.000000,-100.000000,-100.000000,-100.000000,-100.000000,-100.000000,-100.000000,-100.000000,-100.000000,-100.000000,-100.000000,-100.000000,-87.000000,-71.000000,-55.000000,-46.000000,-45.000000,-76.000000,-78.000000,-91.000000,-100.000000,-100.000000,-100.000000,-100.000000,-100.000000,-100.000000,-100.000000,-100.000000,-100.000000,-100.000000,-100.000000,-95.704329,-89.000000,-58.000000
1562907181.000000,24.368494,76.910511,-32.000000,-40.000000,-73.000000,-71.000000,-76.000000,-100.000000,-100.000000,-100.000000,-100.000000,-100.000000,-100.000000,-100.000000,-100.000000,-100.000000,-100.000000,-100.000000,-87.000000,-78.819534,-55.000000,-42.000000,-52.000000,-80.000000,-79.000000,-88.000000,-100.000000,-100.000000,-100.000000,-100.000000,-100.000000,-100.000000,-100.000000,-100.000000,-100.000000,-100.000000,-100.000000,-95.864839,-89.000000,-56.000000
1562907186.000000,26.970203,76.923309,-32.000000,-46.000000,-76.000000,-71.000000,-76.000000,-100.000000,-100.000000,-100.000000,-100.000000,-100.000000,-100.000000,-100.000000,-100.000000,-100.000000,-100.000000,-100.000000,-87.000000,-76.000000,-55.000000,-42.000000,-52.000000,-79.000000,-79.000000,-88.000000,-100.000000,-100.000000,-100.000000,-100.000000,-100.000000,-100.000000,-100.000000,-100.000000,-100.000000,-100.000000,-100.000000,-96.110182,-89.000000,-51.000000
1562907191.000000,29.562239,76.915985,-24.000000,-55.000000,-77.000000,-71.000000,-77.000000,-100.000000,-100.000000,-100.000000,-100.000000,-100.000000,-100.000000,-100.000000,-100.000000,-100.000000,-100.000000,-100.000000,-100.000000,-76.000000,-51.000000,-38.000000,-53.000000,-86.000000,-82.000000,-89.000000,-100.000000,-100.000000,-100.000000,-100.000000,-100.000000,-100.000000,-100.000000,-100.000000,-100.000000,-100.000000,-100.000000,-100.000000,-85.000000,-51.000000
1562907197.000000,32.115464,76.918189,-32.000000,-55.000000,-77.000000,-76.500000,-77.000000,-100.000000,-100.000000,-100.000000,-100.000000,-100.000000,-100.000000,-100.000000,-100.000000,-100.000000,-100.000000,-100.000000,-100.000000,-76.000000,-51.000000,-39.000000,-57.000000,-88.000000,-84.000000,-89.000000,-100.000000,-100.000000,-100.000000,-100.000000,-100.000000,-100.000000,-100.000000,-100.000000,-100.000000,-100.000000,-100.000000,-100.000000,-89.000000,-49.000000
1562907202.000000,34.627922,76.914902,-32.000000,-50.000000,-77.000000,-76.000000,-77.000000,-100.000000,-100.000000,-100.000000,-100.000000,-100.000000,-100.000000,-100.000000,-100.000000,-100.000000,-100.000000,-100.000000,-100.000000,-76.000000,-51.000000,-36.000000,-57.000000,-89.000000,-84.000000,-89.000000,-100.000000,-100.000000,-100.000000,-100.000000,-100.000000,-100.000000,-100.000000,-100.000000,-100.000000,-100.000000,-100.000000,-100.000000,-80.000000,-47.000000
1562907207.000000,37.059579,76.880969,-35.000000,-51.000000,-82.000000,-76.000000,-77.000000,-100.000000,-100.000000,-100.000000,-100.000000,-100.000000,-100.000000,-100.000000,-100.000000,-100.000000,-100.000000,-100.000000,-100.000000,-76.000000,-41.812712,-44.000000,-57.000000,-89.000000,-85.000000,-89.000000,-100.000000,-100.000000,-100.000000,-100.000000,-100.000000,-100.000000,-100.000000,-100.000000,-100.000000,-100.000000,-100.000000,-100.000000,-76.000000,-46.000000
1562907212.000000,39.589699,76.875077,-28.000000,-51.000000,-80.000000,-76.000000,-100.000000,-100.000000,-100.000000,-100.000000,-100.000000,-100.000000,-100.000000,-100.000000,-100.000000,-100.000000,-100.000000,-100.000000,-100.000000,-76.000000,-39.000000,-44.000000,-61.000000,-87.000000,-86.000000,-100.000000,-100.000000,-100.000000,-100.000000,-100.000000,-100.000000,-100.000000,-100.000000,-100.000000,-100.000000,-100.000000,-100.000000,-100.000000,-68.000000,-46.000000
1562907217.000000,42.090171,76.871806,-52.000000,-57.000000,-81.000000,-79.500000,-100.000000,-100.000000,-100.000000,-100.000000,-100.000000,-100.000000,-100.000000,-100.000000,-100.000000,-100.000000,-100.000000,-100.000000,-73.291772,-60.000000,-39.000000,-43.000000,-61.000000,-87.000000,-87.000000,-100.000000,-100.000000,-100.000000,-100.000000,-100.000000,-100.000000,-100.000000,-100.000000,-100.000000,-100.000000,-100.000000,-100.000000,-84.000000,-68.000000,-42.000000
1562907222.000000,44.710554,76.854054,-35.000000,-54.000000,-82.000000,-78.500000,-100.000000,-100.000000,-100.000000,-100.000000,-100.000000,-100.000000,-100.000000,-100.000000,-100.000000,-100.000000,-100.000000,-100.000000,-76.595941,-55.000000,-39.000000,-43.000000,-58.000000,-87.000000,-86.000000,-100.000000,-100.000000,-100.000000,-100.000000,-100.000000,-100.000000,-100.000000,-100.000000,-100.000000,-100.000000,-100.000000,-100.000000,-87.000000,-68.000000,-41.000000
1562907227.000000,47.034217,76.482909,-41.000000,-57.000000,-82.000000,-77.500000,-100.000000,-100.000000,-100.000000,-100.000000,-100.000000,-100.000000,-100.000000,-100.000000,-100.000000,-100.000000,-100.000000,-100.000000,-70.145500,-49.000000,-30.000000,-43.000000,-59.000000,-86.000000,-85.000000,-100.000000,-100.000000,-100.000000,-100.000000,-100.000000,-100.000000,-100.000000,-100.000000,-100.000000,-100.000000,-100.000000,-100.000000,-80.000000,-58.000000,-40.000000
